{"type":"FeatureCollection", "features": [
{"type":"Feature","geometry":{"type":"Polygon","coordinates":[[[-69.36339,-20.49567],[-69.35531,-20.47201],[-69.36144,-20.43858],[-69.34976,-20.41373],[-69.34501,-20.37983],[-69.47143,-20.25157],[-69.61752,-20.03558],[-69.75212,-19.74963],[-69.81759,-19.61017],[-69.88305,-19.56702],[-69.90274,-19.56811],[-69.95071,-19.58078],[-69.96848,-19.58825],[-69.9824,-19.60442],[-69.97139,-19.61887],[-69.97107,-19.63124],[-69.99894,-19.63293],[-69.99514,-19.6492],[-70.01816,-19.65405],[-70.03541,-19.67037],[-70.03475,-19.68939],[-70.02602,-19.69534],[-70.01897,-19.72067],[-70.00971,-19.73567],[-70.02206,-19.74612],[-70.01499,-19.76904],[-70.00017,-19.76802],[-69.98973,-19.78248],[-69.96365,-19.79055],[-69.92634,-19.81142],[-69.91406,-19.81388],[-69.88939,-19.82965],[-69.89499,-19.86588],[-69.88609,-19.90261],[-69.88738,-19.9253],[-69.8923,-19.93137],[-69.89282,-19.95499],[-69.90776,-19.97337],[-69.91889,-20.00801],[-69.89637,-20.03046],[-69.90075,-20.04538],[-69.8718,-20.0483],[-69.85688,-20.05852],[-69.85996,-20.07326],[-69.8521,-20.10709],[-69.83286,-20.13375],[-69.83866,-20.15771],[-69.85127,-20.17777],[-69.85409,-20.19271],[-69.85072,-20.21948],[-69.83855,-20.2463],[-69.83569,-20.26089],[-69.8182,-20.2822],[-69.81924,-20.29419],[-69.80644,-20.31455],[-69.81423,-20.34626],[-69.81421,-20.36162],[-69.80715,-20.41328],[-69.80072,-20.41977],[-69.81025,-20.44557],[-69.8198,-20.45521],[-69.82741,-20.46837],[-69.8681,-20.46171],[-69.84762,-20.47639],[-69.83257,-20.48052],[-69.82244,-20.4922],[-69.80988,-20.52326],[-69.82537,-20.56231],[-69.8128,-20.5572],[-69.77765,-20.58172],[-69.769,-20.57531],[-69.74632,-20.58629],[-69.73151,-20.60407],[-69.73764,-20.61604],[-69.77376,-20.62567],[-69.79307,-20.64477],[-69.81153,-20.65077],[-69.82098,-20.65885],[-69.82499,-20.67378],[-69.82201,-20.70443],[-69.83219,-20.73704],[-69.82714,-20.74592],[-69.8353,-20.766],[-69.84655,-20.7785],[-69.83247,-20.78705],[-69.80361,-20.78442],[-69.79637,-20.78962],[-69.79494,-20.81509],[-69.76713,-20.82814],[-69.74577,-20.83506],[-69.74614,-20.8483],[-69.7181,-20.84228],[-69.70269,-20.85813],[-69.69201,-20.85709],[-69.6778,-20.85286],[-69.65346,-20.85682],[-69.6147,-20.84892],[-69.5934,-20.85884],[-69.57386,-20.85964],[-69.54073,-20.83794],[-69.52463,-20.83356],[-69.49265,-20.79383],[-69.4697,-20.77991],[-69.44522,-20.77993],[-69.429,-20.77579],[-69.41523,-20.76738],[-69.3563,-20.74204],[-69.34119,-20.70321],[-69.37582,-20.61138],[-69.36406,-20.56771],[-69.36056,-20.5313],[-69.36508,-20.51961],[-69.36836,-20.50338],[-69.36339,-20.49567]]]},"properties":{"COD_SHAC":"SHAC-01-03-6","SHAC":"Pampa del Tamarugal","REGION":"Tarapaca","NOM_ACUIF":"Pampa del Tamarugal","COD_BNA_SH":"0003","COD_REG":"1"}},
{"type":"Feature","geometry":{"type":"Polygon","coordinates":[[[-68.95295,-20.84695],[-68.95167,-20.83124],[-68.96373,-20.80741],[-68.96718,-20.78979],[-68.99803,-20.78678],[-69.01645,-20.80251],[-69.0375,-20.80069],[-69.06206,-20.80714],[-69.09531,-20.81073],[-69.15496,-20.80971],[-69.19435,-20.80739],[-69.207,-20.81831],[-69.22278,-20.80813],[-69.2521,-20.8083],[-69.28688,-20.79142],[-69.32097,-20.78587],[-69.35226,-20.77234],[-69.38103,-20.77497],[-69.40069,-20.76496],[-69.41523,-20.76738],[-69.429,-20.77579],[-69.44522,-20.77993],[-69.4697,-20.77991],[-69.49265,-20.79383],[-69.52463,-20.83356],[-69.54073,-20.83794],[-69.57386,-20.85964],[-69.5934,-20.85884],[-69.6147,-20.84892],[-69.65346,-20.85682],[-69.6778,-20.85286],[-69.69201,-20.85709],[-69.67721,-20.86801],[-69.66456,-20.87123],[-69.6616,-20.88003],[-69.67945,-20.89425],[-69.67471,-20.91225],[-69.65887,-20.92753],[-69.63156,-20.92694],[-69.62121,-20.93106],[-69.61502,-20.95893],[-69.59714,-20.96813],[-69.56947,-20.97377],[-69.55403,-20.99578],[-69.54093,-21.00795],[-69.52004,-21.00514],[-69.49498,-21.00774],[-69.48579,-21.01206],[-69.46745,-21.00734],[-69.45433,-20.99637],[-69.4319,-20.98999],[-69.41502,-20.99459],[-69.37959,-20.98398],[-69.35533,-20.9635],[-69.34459,-20.94206],[-69.2614,-20.91939],[-69.25165,-20.91414],[-69.20339,-20.91672],[-69.18386,-20.91117],[-69.16072,-20.90999],[-69.12681,-20.91717],[-69.11639,-20.9225],[-69.1003,-20.92126],[-69.06622,-20.90117],[-69.05433,-20.90182],[-69.025,-20.87278],[-69.00473,-20.8683],[-68.99266,-20.85937],[-68.95295,-20.84695]]]},"properties":{"COD_SHAC":"SHAC-01-06-9","SHAC":"Salar de Sur Viejo","REGION":"Tarapaca","NOM_ACUIF":"Salar Sur Viejo","COD_BNA_SH":"0004","COD_REG":"1"}},
{"type":"Feature","geometry":{"type":"Polygon","coordinates":[[[-69.81421,-20.36162],[-69.81535,-20.3441],[-69.82361,-20.32375],[-69.82276,-20.31409],[-69.83996,-20.30748],[-69.85055,-20.31417],[-69.88984,-20.32196],[-69.90373,-20.32826],[-69.89458,-20.35451],[-69.89538,-20.3884],[-69.90438,-20.38766],[-69.89717,-20.40955],[-69.90915,-20.42926],[-69.90014,-20.44048],[-69.86713,-20.45303],[-69.86109,-20.45098],[-69.8198,-20.45521],[-69.81025,-20.44557],[-69.80072,-20.41977],[-69.80715,-20.41328],[-69.81421,-20.36162]]]},"properties":{"COD_SHAC":"SHAC-01-02-5","SHAC":"La Noria","REGION":"Tarapaca","NOM_ACUIF":"Pampa del Tamarugal","COD_BNA_SH":"1084","COD_REG":"1"}},
{"type":"Feature","geometry":{"type":"Polygon","coordinates":[[[-68.08642,-23.30561],[-68.09184,-23.28791],[-68.07944,-23.26775],[-68.09175,-23.24746],[-68.08345,-23.21052],[-68.10253,-23.18838],[-68.09974,-23.17222],[-68.08276,-23.17007],[-68.09847,-23.12875],[-68.08434,-23.12908],[-68.07855,-23.11814],[-68.08054,-23.09498],[-68.07131,-23.08677],[-68.07125,-23.07073],[-68.08456,-23.06583],[-68.08781,-23.05571],[-68.0799,-23.04306],[-68.10498,-23.01572],[-68.12703,-23.0158],[-68.14398,-22.98834],[-68.15171,-22.96838],[-68.16112,-22.9756],[-68.18852,-23.00819],[-68.22038,-23.0036],[-68.22434,-23.01545],[-68.23505,-23.02337],[-68.27821,-23.01895],[-68.29408,-23.03095],[-68.31855,-23.05483],[-68.35709,-23.07921],[-68.35369,-23.08851],[-68.36024,-23.10904],[-68.35936,-23.12841],[-68.34842,-23.14026],[-68.33386,-23.14949],[-68.33529,-23.15997],[-68.32523,-23.17716],[-68.31319,-23.18746],[-68.30575,-23.2059],[-68.28534,-23.23501],[-68.27115,-23.24657],[-68.23352,-23.24086],[-68.20345,-23.22594],[-68.19757,-23.22776],[-68.18207,-23.25747],[-68.17768,-23.28158],[-68.18118,-23.2987],[-68.181,-23.32424],[-68.18742,-23.33711],[-68.17768,-23.35241],[-68.17973,-23.37797],[-68.1708,-23.39918],[-68.157,-23.40321],[-68.15368,-23.38213],[-68.16276,-23.36879],[-68.13503,-23.35494],[-68.14086,-23.34551],[-68.14309,-23.31197],[-68.13585,-23.30376],[-68.12302,-23.31931],[-68.11369,-23.32098],[-68.08826,-23.31587],[-68.08642,-23.30561]]]},"properties":{"COD_SHAC":"SHAC-02-13-22","SHAC":"A","REGION":"Antofagasta","NOM_ACUIF":"Salar de Atacama","COD_BNA_SH":"1118","COD_REG":"2"}},
{"type":"Feature","geometry":{"type":"Polygon","coordinates":[[[-68.08826,-23.31587],[-68.11369,-23.32098],[-68.12302,-23.31931],[-68.13585,-23.30376],[-68.14309,-23.31197],[-68.14086,-23.34551],[-68.13503,-23.35494],[-68.13153,-23.36998],[-68.13449,-23.40016],[-68.12563,-23.44615],[-68.12197,-23.45319],[-68.1249,-23.47895],[-68.13702,-23.49185],[-68.11721,-23.49222],[-68.11874,-23.5006],[-68.11124,-23.52258],[-68.1103,-23.55054],[-68.1007,-23.59381],[-68.09271,-23.59929],[-68.09502,-23.63376],[-68.08931,-23.64346],[-68.10191,-23.65214],[-68.09391,-23.6673],[-68.09195,-23.66661],[-68.07095,-23.64853],[-68.05839,-23.60691],[-68.07458,-23.58973],[-68.06317,-23.58186],[-68.06835,-23.57014],[-68.06923,-23.55045],[-68.06353,-23.5329],[-68.06421,-23.5188],[-68.07154,-23.50998],[-68.06398,-23.48281],[-68.06387,-23.46335],[-68.07963,-23.44624],[-68.08338,-23.42683],[-68.07582,-23.41709],[-68.0767,-23.40228],[-68.08355,-23.38084],[-68.06516,-23.37601],[-68.06485,-23.36431],[-68.07212,-23.35601],[-68.08599,-23.36259],[-68.09218,-23.35718],[-68.08764,-23.33253],[-68.08826,-23.31587]]]},"properties":{"COD_SHAC":"SHAC-02-16-25","SHAC":"B","REGION":"Antofagasta","NOM_ACUIF":"Salar de Atacama","COD_BNA_SH":"1121","COD_REG":"2"}},
{"type":"Feature","geometry":{"type":"Polygon","coordinates":[[[-68.09391,-23.6673],[-68.10191,-23.65214],[-68.08931,-23.64346],[-68.09502,-23.63376],[-68.0982,-23.64451],[-68.11894,-23.6463],[-68.1319,-23.65181],[-68.13511,-23.67161],[-68.15189,-23.67773],[-68.19442,-23.67233],[-68.19199,-23.68433],[-68.21741,-23.68779],[-68.24487,-23.7061],[-68.27137,-23.73008],[-68.2923,-23.72308],[-68.29541,-23.71202],[-68.30763,-23.69733],[-68.3076,-23.69741],[-68.30368,-23.71227],[-68.28746,-23.73689],[-68.28021,-23.75496],[-68.25431,-23.76164],[-68.24547,-23.77323],[-68.25043,-23.79741],[-68.2414,-23.80947],[-68.22555,-23.80763],[-68.20288,-23.78701],[-68.20479,-23.76304],[-68.20762,-23.75375],[-68.20317,-23.73486],[-68.19179,-23.72448],[-68.1648,-23.75941],[-68.15563,-23.75689],[-68.13391,-23.76877],[-68.1279,-23.75617],[-68.1068,-23.75963],[-68.09881,-23.75035],[-68.09331,-23.72284],[-68.09399,-23.70948],[-68.08682,-23.69716],[-68.09579,-23.68381],[-68.09391,-23.6673]]]},"properties":{"COD_SHAC":"SHAC-02-18-27","SHAC":"C","REGION":"Antofagasta","NOM_ACUIF":"Salar de Atacama","COD_BNA_SH":"1123","COD_REG":"2"}},
{"type":"Feature","geometry":{"type":"Polygon","coordinates":[[[-68.13503,-23.35494],[-68.16276,-23.36879],[-68.15368,-23.38213],[-68.157,-23.40321],[-68.1708,-23.39918],[-68.17973,-23.37797],[-68.17768,-23.35241],[-68.18742,-23.33711],[-68.181,-23.32424],[-68.18118,-23.2987],[-68.17768,-23.28158],[-68.18207,-23.25747],[-68.19757,-23.22776],[-68.20345,-23.22594],[-68.23352,-23.24086],[-68.27115,-23.24657],[-68.28534,-23.23501],[-68.30575,-23.2059],[-68.31319,-23.18746],[-68.32523,-23.17716],[-68.33529,-23.15997],[-68.33386,-23.14949],[-68.34842,-23.14026],[-68.3399,-23.163],[-68.33751,-23.18251],[-68.34501,-23.19323],[-68.33849,-23.21725],[-68.34056,-23.22623],[-68.33824,-23.28015],[-68.3485,-23.30944],[-68.37395,-23.33026],[-68.40077,-23.3456],[-68.42195,-23.37987],[-68.46192,-23.42502],[-68.48765,-23.43802],[-68.5015,-23.46585],[-68.5169,-23.48471],[-68.53469,-23.51294],[-68.51708,-23.50813],[-68.50282,-23.51296],[-68.50806,-23.52737],[-68.50794,-23.54269],[-68.5179,-23.56048],[-68.53834,-23.58224],[-68.54323,-23.59337],[-68.5438,-23.61476],[-68.53815,-23.63756],[-68.52401,-23.66291],[-68.528,-23.6807],[-68.51981,-23.70129],[-68.5048,-23.70805],[-68.50025,-23.69999],[-68.47529,-23.71262],[-68.48232,-23.72849],[-68.49911,-23.74969],[-68.50813,-23.77799],[-68.52842,-23.8043],[-68.53818,-23.80528],[-68.55839,-23.82804],[-68.53577,-23.82882],[-68.52011,-23.80099],[-68.49853,-23.78429],[-68.48025,-23.74936],[-68.46532,-23.73885],[-68.46284,-23.72821],[-68.44316,-23.69964],[-68.43983,-23.67931],[-68.42454,-23.65929],[-68.38664,-23.62907],[-68.4102,-23.62639],[-68.41049,-23.61149],[-68.39087,-23.60483],[-68.37382,-23.62205],[-68.34788,-23.62935],[-68.3407,-23.63755],[-68.3379,-23.6614],[-68.31814,-23.68189],[-68.30763,-23.69733],[-68.29541,-23.71202],[-68.2923,-23.72308],[-68.27137,-23.73008],[-68.24487,-23.7061],[-68.21741,-23.68779],[-68.19199,-23.68433],[-68.19442,-23.67233],[-68.15189,-23.67773],[-68.13511,-23.67161],[-68.1319,-23.65181],[-68.11894,-23.6463],[-68.0982,-23.64451],[-68.09502,-23.63376],[-68.09271,-23.59929],[-68.1007,-23.59381],[-68.1103,-23.55054],[-68.11124,-23.52258],[-68.11874,-23.5006],[-68.11721,-23.49222],[-68.13702,-23.49185],[-68.1249,-23.47895],[-68.12197,-23.45319],[-68.12563,-23.44615],[-68.13449,-23.40016],[-68.13153,-23.36998],[-68.13503,-23.35494]]]},"properties":{"COD_SHAC":"SHAC-02-21-30","SHAC":"N","REGION":"Antofagasta","NOM_ACUIF":"Salar de Atacama","COD_BNA_SH":"1126","COD_REG":"2"}},
{"type":"Feature","geometry":{"type":"Polygon","coordinates":[[[-69.88695,-24.25545],[-69.89908,-24.25507],[-69.91348,-24.26411],[-69.92027,-24.27708],[-69.92936,-24.27157],[-69.93694,-24.23954],[-69.9426,-24.23071],[-69.95832,-24.22554],[-69.97935,-24.21322],[-69.98907,-24.21168],[-69.99639,-24.22257],[-70.0268,-24.23248],[-70.03999,-24.22905],[-70.06934,-24.23134],[-70.07812,-24.24712],[-70.061,-24.26143],[-70.04885,-24.28417],[-70.01515,-24.32254],[-70.00056,-24.32886],[-69.9729,-24.38146],[-69.96089,-24.39746],[-69.96711,-24.42283],[-69.979,-24.43361],[-69.96662,-24.44856],[-69.97658,-24.45631],[-69.96844,-24.47399],[-69.95127,-24.48777],[-69.92088,-24.52348],[-69.88934,-24.55482],[-69.87802,-24.56306],[-69.86291,-24.56666],[-69.83839,-24.56498],[-69.84129,-24.58122],[-69.83391,-24.58625],[-69.79656,-24.58964],[-69.75739,-24.59736],[-69.73606,-24.59229],[-69.72959,-24.55478],[-69.7045,-24.53208],[-69.69129,-24.52451],[-69.67331,-24.50343],[-69.66392,-24.4994],[-69.65121,-24.50816],[-69.6435,-24.49552],[-69.65195,-24.47786],[-69.68196,-24.42381],[-69.74335,-24.37513],[-69.77402,-24.33103],[-69.79324,-24.30636],[-69.83905,-24.28478],[-69.88695,-24.25545]]]},"properties":{"COD_SHAC":"SHAC-02-08-17","SHAC":"Rosario","REGION":"Antofagasta","NOM_ACUIF":"Quebrada La Negra","COD_BNA_SH":"0015","COD_REG":"2"}},
{"type":"Feature","geometry":{"type":"Polygon","coordinates":[[[-69.36508,-20.51961],[-69.3537,-20.52652],[-69.34364,-20.51977],[-69.32695,-20.51846],[-69.31454,-20.52343],[-69.27271,-20.5245],[-69.25323,-20.53319],[-69.23915,-20.53348],[-69.21022,-20.52522],[-69.20526,-20.53197],[-69.18598,-20.53602],[-69.15588,-20.52681],[-69.12572,-20.50924],[-69.0884,-20.50089],[-69.07411,-20.4897],[-69.06655,-20.4917],[-69.04246,-20.48438],[-69.02264,-20.48252],[-69.0063,-20.46223],[-69.00016,-20.44452],[-68.98481,-20.42783],[-68.98365,-20.38189],[-68.96794,-20.35122],[-68.97928,-20.34697],[-68.98248,-20.31572],[-68.97587,-20.30592],[-68.97792,-20.2843],[-68.99109,-20.26496],[-68.9742,-20.24785],[-68.98635,-20.23683],[-69.00944,-20.2494],[-69.00992,-20.27739],[-69.02064,-20.28967],[-69.01733,-20.30737],[-69.02214,-20.32069],[-69.03207,-20.32742],[-69.07827,-20.33618],[-69.09378,-20.34286],[-69.10914,-20.34433],[-69.14139,-20.3602],[-69.17362,-20.36933],[-69.20297,-20.35934],[-69.21723,-20.36085],[-69.22992,-20.36929],[-69.25064,-20.37496],[-69.26525,-20.37359],[-69.28962,-20.3834],[-69.29754,-20.40027],[-69.32138,-20.41271],[-69.34093,-20.41434],[-69.34714,-20.42311],[-69.35468,-20.44872],[-69.35037,-20.47778],[-69.36339,-20.49567],[-69.36836,-20.50338],[-69.36508,-20.51961]]]},"properties":{"COD_SHAC":"SHAC-01-04-7","SHAC":"Pica","REGION":"Tarapaca","NOM_ACUIF":"Pampa del Tamarugal","COD_BNA_SH":"0167","COD_REG":"1"}},
{"type":"Feature","geometry":{"type":"Polygon","coordinates":[[[-69.69442,-24.01243],[-69.69892,-24.00092],[-69.82889,-24.00357],[-69.82011,-24.02765],[-69.82286,-24.03623],[-69.83768,-24.04579],[-69.85008,-24.06016],[-69.87035,-24.04411],[-69.87018,-24.02253],[-69.88449,-24.03509],[-69.89082,-24.05177],[-69.89809,-24.05343],[-69.91115,-24.06975],[-69.92366,-24.07517],[-69.93786,-24.06938],[-69.9223,-24.05338],[-69.93313,-24.04064],[-69.93475,-24.02228],[-69.94852,-24.01799],[-69.97302,-24.03852],[-69.97354,-24.01809],[-69.98375,-24.02382],[-69.97499,-24.04404],[-69.98593,-24.04907],[-69.97738,-24.07431],[-69.99316,-24.06988],[-70.01072,-24.07104],[-70.01558,-24.06031],[-70.00452,-24.03792],[-70.00414,-24.01254],[-70.01555,-24.02275],[-70.02859,-24.02297],[-70.02398,-24.05907],[-70.02889,-24.07178],[-70.01216,-24.10714],[-69.99886,-24.11402],[-69.99,-24.10361],[-69.97357,-24.10302],[-69.97289,-24.09253],[-69.94994,-24.09748],[-69.91573,-24.1307],[-69.91875,-24.15057],[-69.9083,-24.15679],[-69.91623,-24.16733],[-69.94904,-24.19442],[-69.93385,-24.20085],[-69.93289,-24.21107],[-69.91759,-24.2332],[-69.9019,-24.24039],[-69.88695,-24.25545],[-69.83905,-24.28478],[-69.79324,-24.30636],[-69.77402,-24.33103],[-69.74335,-24.37513],[-69.68196,-24.42381],[-69.65195,-24.47786],[-69.64675,-24.4689],[-69.65708,-24.4567],[-69.64582,-24.42356],[-69.63018,-24.40678],[-69.63621,-24.3915],[-69.63695,-24.36478],[-69.62378,-24.3459],[-69.59469,-24.34092],[-69.6035,-24.32707],[-69.59467,-24.30925],[-69.61323,-24.30392],[-69.60895,-24.29368],[-69.63273,-24.27383],[-69.62512,-24.25761],[-69.6229,-24.22976],[-69.61404,-24.22186],[-69.61449,-24.20986],[-69.6086,-24.18279],[-69.628,-24.15997],[-69.62064,-24.15177],[-69.63066,-24.14073],[-69.64735,-24.14205],[-69.66239,-24.14955],[-69.66102,-24.13311],[-69.66443,-24.11474],[-69.63303,-24.1151],[-69.6412,-24.09311],[-69.64929,-24.09166],[-69.6762,-24.05845],[-69.69442,-24.01243]]]},"properties":{"COD_SHAC":"SHAC-02-06-15","SHAC":"Aguas Blancas","REGION":"Antofagasta","NOM_ACUIF":"Quebrada La Negra","COD_BNA_SH":"0014","COD_REG":"2"}},
{"type":"Feature","geometry":{"type":"Polygon","coordinates":[[[-69.13339,-24.34012],[-69.13278,-24.32704],[-69.12195,-24.31427],[-69.12246,-24.30256],[-69.11541,-24.28787],[-69.11709,-24.27066],[-69.10497,-24.239],[-69.12357,-24.24007],[-69.14806,-24.22929],[-69.17815,-24.22161],[-69.18129,-24.23583],[-69.19562,-24.2284],[-69.21113,-24.23519],[-69.21898,-24.24988],[-69.23397,-24.2526],[-69.23921,-24.26729],[-69.25737,-24.28901],[-69.25479,-24.30287],[-69.26541,-24.33416],[-69.29254,-24.3371],[-69.30809,-24.33575],[-69.32729,-24.34601],[-69.34314,-24.3434],[-69.35514,-24.34733],[-69.35343,-24.35715],[-69.37748,-24.38768],[-69.39173,-24.39642],[-69.38449,-24.42675],[-69.39715,-24.43257],[-69.41006,-24.42934],[-69.43051,-24.43805],[-69.4467,-24.45139],[-69.44948,-24.46267],[-69.47461,-24.46524],[-69.4979,-24.46071],[-69.4895,-24.49349],[-69.53288,-24.48735],[-69.53614,-24.50072],[-69.54576,-24.50724],[-69.58231,-24.49825],[-69.6217,-24.47249],[-69.63613,-24.47592],[-69.6435,-24.49552],[-69.65121,-24.50816],[-69.67192,-24.53823],[-69.68191,-24.55984],[-69.68002,-24.57108],[-69.63997,-24.60858],[-69.60736,-24.63349],[-69.57867,-24.66645],[-69.56234,-24.69351],[-69.55333,-24.72291],[-69.55217,-24.74018],[-69.55726,-24.76194],[-69.5828,-24.81516],[-69.58997,-24.83671],[-69.59214,-24.88097],[-69.58077,-24.89995],[-69.56228,-24.91509],[-69.55667,-24.92701],[-69.56728,-24.95633],[-69.57005,-24.97812],[-69.55863,-25.01344],[-69.55118,-25.05232],[-69.52903,-25.03788],[-69.51525,-25.0419],[-69.51424,-25.06881],[-69.51028,-25.07854],[-69.49859,-25.07861],[-69.4476,-25.05289],[-69.43283,-25.07378],[-69.41308,-25.08047],[-69.40922,-25.08883],[-69.39305,-25.09139],[-69.36608,-25.1058],[-69.30033,-25.12842],[-69.28734,-25.12768],[-69.2656,-25.13518],[-69.24267,-25.15328],[-69.229,-25.13008],[-69.20836,-25.11071],[-69.21055,-25.08464],[-69.19669,-25.06882],[-69.18549,-25.04837],[-69.17933,-25.02804],[-69.16909,-25.0114],[-69.16748,-24.98633],[-69.1602,-24.95709],[-69.15075,-24.94276],[-69.12951,-24.93361],[-69.12006,-24.91856],[-69.12727,-24.89605],[-69.11374,-24.87627],[-69.13444,-24.84256],[-69.13627,-24.81547],[-69.14151,-24.79432],[-69.14041,-24.77937],[-69.14776,-24.77451],[-69.15518,-24.73054],[-69.1734,-24.68767],[-69.1757,-24.66901],[-69.18584,-24.64865],[-69.18673,-24.64555],[-69.18741,-24.62759],[-69.18174,-24.61427],[-69.17946,-24.61135],[-69.17968,-24.61133],[-69.18001,-24.61105],[-69.18118,-24.60884],[-69.18488,-24.60501],[-69.17941,-24.59444],[-69.18174,-24.58263],[-69.19287,-24.56206],[-69.18434,-24.5548],[-69.18965,-24.53745],[-69.17232,-24.5337],[-69.18825,-24.48588],[-69.17595,-24.46828],[-69.17716,-24.43166],[-69.17041,-24.40557],[-69.1741,-24.38927],[-69.16894,-24.38298],[-69.14525,-24.37088],[-69.14996,-24.34967],[-69.13339,-24.34012]]]},"properties":{"COD_SHAC":"SHAC-02-07-16","SHAC":"Buenos Aires Pampa","REGION":"Antofagasta","NOM_ACUIF":"Quebrada La Negra","COD_BNA_SH":"0016","COD_REG":"2"}},
{"type":"Feature","geometry":{"type":"Polygon","coordinates":[[[-68.66007,-23.10791],[-68.67777,-23.1005],[-68.70188,-23.10543],[-68.71066,-23.11062],[-68.73948,-23.11404],[-68.74097,-23.12572],[-68.75843,-23.12673],[-68.76675,-23.14679],[-68.80876,-23.12442],[-68.82459,-23.1213],[-68.861,-23.08189],[-68.8789,-23.07778],[-68.91255,-23.085],[-68.92518,-23.08373],[-68.93697,-23.09186],[-68.93842,-23.10657],[-68.96055,-23.11777],[-68.96077,-23.13322],[-68.97292,-23.13706],[-68.97619,-23.15335],[-68.99181,-23.1623],[-69.00336,-23.18592],[-69.0043,-23.21547],[-68.99806,-23.24102],[-69.02218,-23.28778],[-69.00923,-23.30346],[-69.00455,-23.32398],[-69.014,-23.34329],[-69.0141,-23.35588],[-69.02306,-23.3653],[-69.02212,-23.37703],[-69.03004,-23.39798],[-69.04098,-23.40779],[-69.0487,-23.42336],[-69.05912,-23.42826],[-69.07009,-23.45858],[-69.05772,-23.46064],[-69.04452,-23.45513],[-69.03508,-23.46436],[-69.02563,-23.46321],[-69.0134,-23.47129],[-69.02911,-23.48885],[-69.03229,-23.52627],[-69.02803,-23.54805],[-69.03134,-23.56654],[-69.04184,-23.57348],[-69.02417,-23.57728],[-69.01586,-23.56636],[-68.99362,-23.5627],[-68.96537,-23.5797],[-68.95646,-23.57416],[-68.93069,-23.57171],[-68.91471,-23.58049],[-68.902,-23.57788],[-68.89204,-23.56274],[-68.86591,-23.57397],[-68.84989,-23.5776],[-68.80816,-23.56092],[-68.7899,-23.55686],[-68.75168,-23.55739],[-68.71952,-23.56689],[-68.71191,-23.56567],[-68.71576,-23.55629],[-68.6962,-23.53255],[-68.69226,-23.51725],[-68.69801,-23.50045],[-68.70374,-23.46971],[-68.69873,-23.45591],[-68.70664,-23.44658],[-68.70416,-23.42565],[-68.70792,-23.40247],[-68.71608,-23.38682],[-68.70903,-23.37919],[-68.70193,-23.35154],[-68.68826,-23.33049],[-68.69347,-23.31226],[-68.68887,-23.28127],[-68.68156,-23.26335],[-68.67035,-23.25654],[-68.64706,-23.23096],[-68.64691,-23.21104],[-68.64098,-23.20102],[-68.61796,-23.18145],[-68.64335,-23.1376],[-68.65716,-23.12564],[-68.66007,-23.10791]]]},"properties":{"COD_SHAC":"SHAC-02-02-11","SHAC":"Salar de Elvira - Laguna Seca","REGION":"Antofagasta","NOM_ACUIF":"Endorreicas Salar de Atacama","COD_BNA_SH":"0300","COD_REG":"2"}},
{"type":"Feature","geometry":{"type":"Polygon","coordinates":[[[-68.49389,-22.83718],[-68.50362,-22.83073],[-68.54767,-22.81874],[-68.56005,-22.80925],[-68.58562,-22.79863],[-68.6184,-22.78091],[-68.66183,-22.76109],[-68.67482,-22.75968],[-68.68071,-22.7513],[-68.72187,-22.7556],[-68.75048,-22.7166],[-68.76127,-22.71237],[-68.77499,-22.66929],[-68.78725,-22.65142],[-68.80895,-22.63173],[-68.81737,-22.6422],[-68.84283,-22.6408],[-68.85684,-22.63601],[-68.8681,-22.641],[-68.89236,-22.638],[-68.90942,-22.64713],[-68.91095,-22.6543],[-68.94102,-22.65502],[-68.95549,-22.67692],[-68.95465,-22.69888],[-68.97036,-22.71949],[-68.9835,-22.73169],[-68.98643,-22.74496],[-68.99647,-22.75205],[-69.027,-22.74424],[-69.04228,-22.745],[-69.05097,-22.74064],[-69.06789,-22.74398],[-69.09943,-22.74102],[-69.10779,-22.75292],[-69.10748,-22.75371],[-69.1065,-22.75808],[-69.10656,-22.75887],[-69.10919,-22.76367],[-69.10942,-22.76475],[-69.11538,-22.77041],[-69.11623,-22.77091],[-69.11749,-22.77086],[-69.11801,-22.77062],[-69.11886,-22.76976],[-69.13168,-22.7572],[-69.15596,-22.75854],[-69.15859,-22.75854],[-69.18419,-22.7659],[-69.23402,-22.77311],[-69.25433,-22.77297],[-69.28041,-22.77917],[-69.29032,-22.78933],[-69.29056,-22.79012],[-69.29149,-22.79069],[-69.2928,-22.79148],[-69.29427,-22.79183],[-69.31377,-22.79345],[-69.31516,-22.79366],[-69.31779,-22.79258],[-69.3184,-22.79236],[-69.31887,-22.79229],[-69.31902,-22.79293],[-69.32039,-22.79537],[-69.32065,-22.79558],[-69.32068,-22.79571],[-69.32081,-22.7963],[-69.32166,-22.79702],[-69.32639,-22.80174],[-69.32678,-22.80281],[-69.3268,-22.803],[-69.32686,-22.80374],[-69.32633,-22.80833],[-69.32757,-22.80912],[-69.33027,-22.80854],[-69.33143,-22.80797],[-69.33298,-22.80768],[-69.35264,-22.81387],[-69.35334,-22.83345],[-69.34397,-22.85151],[-69.34947,-22.88628],[-69.36122,-22.89019],[-69.38211,-22.88728],[-69.38526,-22.90699],[-69.42402,-22.91371],[-69.44197,-22.9317],[-69.45695,-22.93667],[-69.47347,-22.93627],[-69.48265,-22.9415],[-69.52119,-22.93146],[-69.53317,-22.92313],[-69.5607,-22.92758],[-69.57387,-22.93327],[-69.58823,-22.95082],[-69.6092,-22.95101],[-69.62697,-22.97983],[-69.68427,-22.97355],[-69.69388,-22.96638],[-69.71302,-22.96836],[-69.73385,-22.96171],[-69.75337,-22.93359],[-69.75404,-22.91814],[-69.76718,-22.90978],[-69.76783,-22.89167],[-69.7442,-22.87126],[-69.73049,-22.84035],[-69.72922,-22.82037],[-69.74858,-22.80201],[-69.75585,-22.78439],[-69.75098,-22.7687],[-69.75478,-22.75639],[-69.73636,-22.72665],[-69.73818,-22.70403],[-69.75884,-22.68231],[-69.7674,-22.68497],[-69.79581,-22.67823],[-69.81458,-22.68499],[-69.83078,-22.70816],[-69.85156,-22.71736],[-69.85616,-22.74707],[-69.8497,-22.78935],[-69.85397,-22.80393],[-69.87029,-22.80931],[-69.87158,-22.8257],[-69.89353,-22.89635],[-69.91946,-22.90053],[-69.93,-22.89717],[-69.9557,-22.91021],[-69.96882,-22.9011],[-69.98535,-22.90758],[-69.97735,-22.93826],[-69.98745,-22.97668],[-69.98723,-22.99274],[-69.99906,-23.0064],[-70.00926,-23.03599],[-70.00785,-23.04781],[-70.01824,-23.06189],[-70.02859,-23.06137],[-70.03822,-23.07089],[-70.03175,-23.08777],[-70.03829,-23.09397],[-70.05796,-23.12726],[-70.0584,-23.14213],[-70.06985,-23.15235],[-70.07724,-23.17213],[-70.08715,-23.1825],[-70.10438,-23.18246],[-70.11862,-23.20057],[-70.1327,-23.20713],[-70.13364,-23.23946],[-70.13928,-23.25845],[-70.16379,-23.29023],[-70.17003,-23.3103],[-70.18808,-23.32537],[-70.18417,-23.33508],[-70.18987,-23.34645],[-70.2193,-23.36841],[-70.23123,-23.39618],[-70.24181,-23.40807],[-70.24374,-23.424],[-70.25786,-23.42256],[-70.28092,-23.43351],[-70.28169,-23.45769],[-70.29322,-23.46208],[-70.29392,-23.48349],[-70.30955,-23.48863],[-70.30665,-23.52147],[-70.32625,-23.54503],[-70.32226,-23.55186],[-70.3337,-23.56163],[-70.33881,-23.57442],[-70.3216,-23.58724],[-70.3233,-23.60412],[-70.31691,-23.61278],[-70.31313,-23.63341],[-70.31338,-23.65805],[-70.3414,-23.68714],[-70.33949,-23.70192],[-70.30548,-23.69654],[-70.28662,-23.70178],[-70.26667,-23.72388],[-70.24551,-23.71724],[-70.22603,-23.74837],[-70.20329,-23.76682],[-70.18582,-23.77511],[-70.18737,-23.75085],[-70.18198,-23.72769],[-70.19573,-23.72436],[-70.19654,-23.70542],[-70.187,-23.69389],[-70.14003,-23.66548],[-70.11987,-23.64363],[-70.11278,-23.61729],[-70.08802,-23.61168],[-70.07663,-23.61591],[-70.06221,-23.61133],[-70.04779,-23.62334],[-70.02947,-23.63109],[-70.01465,-23.6326],[-70.00182,-23.62565],[-69.97913,-23.60439],[-69.96951,-23.59007],[-69.94716,-23.57816],[-69.93307,-23.56019],[-69.9145,-23.55117],[-69.90713,-23.53957],[-69.88383,-23.52604],[-69.88651,-23.51756],[-69.88121,-23.50087],[-69.86285,-23.47427],[-69.83649,-23.46662],[-69.80474,-23.44655],[-69.78592,-23.4385],[-69.7566,-23.43137],[-69.72717,-23.43116],[-69.71122,-23.42765],[-69.69174,-23.44545],[-69.6729,-23.45447],[-69.6585,-23.47544],[-69.65123,-23.47236],[-69.62274,-23.47415],[-69.6108,-23.47073],[-69.59203,-23.47367],[-69.58533,-23.46151],[-69.56342,-23.45894],[-69.52885,-23.46437],[-69.51117,-23.47608],[-69.49816,-23.47701],[-69.50345,-23.4952],[-69.46686,-23.50714],[-69.45253,-23.50484],[-69.44657,-23.52146],[-69.43636,-23.52814],[-69.43196,-23.54134],[-69.43406,-23.55794],[-69.42204,-23.56849],[-69.42409,-23.59931],[-69.41608,-23.6114],[-69.41627,-23.62519],[-69.39808,-23.63086],[-69.39193,-23.64922],[-69.37435,-23.65876],[-69.36214,-23.65731],[-69.33545,-23.66797],[-69.33487,-23.67479],[-69.29377,-23.6855],[-69.27459,-23.67915],[-69.24122,-23.68368],[-69.21692,-23.68125],[-69.17945,-23.69421],[-69.15025,-23.71753],[-69.14218,-23.69392],[-69.13956,-23.66845],[-69.12292,-23.68381],[-69.10422,-23.68677],[-69.08178,-23.6827],[-69.06695,-23.65813],[-69.06946,-23.62562],[-69.06531,-23.61501],[-69.04883,-23.60104],[-69.04184,-23.57348],[-69.03134,-23.56654],[-69.02803,-23.54805],[-69.03229,-23.52627],[-69.02911,-23.48885],[-69.0134,-23.47129],[-69.02563,-23.46321],[-69.03508,-23.46436],[-69.04452,-23.45513],[-69.05772,-23.46064],[-69.07009,-23.45858],[-69.05912,-23.42826],[-69.0487,-23.42336],[-69.04098,-23.40779],[-69.03004,-23.39798],[-69.02212,-23.37703],[-69.02306,-23.3653],[-69.0141,-23.35588],[-69.014,-23.34329],[-69.00455,-23.32398],[-69.00923,-23.30346],[-69.02218,-23.28778],[-68.99806,-23.24102],[-69.0043,-23.21547],[-69.00336,-23.18592],[-68.99181,-23.1623],[-68.97619,-23.15335],[-68.97292,-23.13706],[-68.96077,-23.13322],[-68.96055,-23.11777],[-68.93842,-23.10657],[-68.93697,-23.09186],[-68.92518,-23.08373],[-68.91255,-23.085],[-68.8789,-23.07778],[-68.861,-23.08189],[-68.82459,-23.1213],[-68.80876,-23.12442],[-68.76675,-23.14679],[-68.75843,-23.12673],[-68.74097,-23.12572],[-68.73948,-23.11404],[-68.71066,-23.11062],[-68.70188,-23.10543],[-68.67777,-23.1005],[-68.66007,-23.10791],[-68.63658,-23.08158],[-68.60329,-23.08749],[-68.57234,-23.08821],[-68.54396,-23.08624],[-68.53729,-23.07337],[-68.54321,-23.06044],[-68.53537,-23.05528],[-68.52496,-23.02344],[-68.53455,-23.013],[-68.53794,-22.99807],[-68.53659,-22.97896],[-68.52446,-22.96375],[-68.52669,-22.91474],[-68.5226,-22.89844],[-68.51098,-22.88706],[-68.49836,-22.85854],[-68.48849,-22.8513],[-68.49389,-22.83718]]]},"properties":{"COD_SHAC":"SHAC-02-05-14","SHAC":"Sierra Gorda","REGION":"Antofagasta","NOM_ACUIF":"Quebrada Caracoles","COD_BNA_SH":"0007","COD_REG":"2"}},
{"type":"Feature","geometry":{"type":"Polygon","coordinates":[[[-67.6031,-23.30425],[-67.62083,-23.29185],[-67.62107,-23.2762],[-67.64248,-23.2526],[-67.64619,-23.24052],[-67.65768,-23.23801],[-67.66263,-23.22199],[-67.66156,-23.20512],[-67.68933,-23.19478],[-67.68969,-23.17667],[-67.69585,-23.18217],[-67.72866,-23.18352],[-67.74058,-23.19391],[-67.77038,-23.20418],[-67.78466,-23.21377],[-67.82005,-23.22325],[-67.84544,-23.23645],[-67.88002,-23.23859],[-67.89886,-23.23006],[-67.93339,-23.23842],[-67.95279,-23.23151],[-67.97521,-23.23711],[-68.014,-23.25112],[-68.03912,-23.26791],[-68.06008,-23.28907],[-68.08642,-23.30561],[-68.08826,-23.31587],[-68.08764,-23.33253],[-68.09218,-23.35718],[-68.08599,-23.36259],[-68.07212,-23.35601],[-68.06485,-23.36431],[-68.06516,-23.37601],[-68.08355,-23.38084],[-68.0767,-23.40228],[-68.07582,-23.41709],[-68.08338,-23.42683],[-68.07963,-23.44624],[-68.06387,-23.46335],[-68.06398,-23.48281],[-68.07154,-23.50998],[-68.06421,-23.5188],[-68.06353,-23.5329],[-68.06923,-23.55045],[-68.06835,-23.57014],[-68.06317,-23.58186],[-68.07458,-23.58973],[-68.05839,-23.60691],[-68.07095,-23.64853],[-68.09195,-23.66661],[-68.00509,-23.66969],[-67.98827,-23.6881],[-67.97261,-23.68348],[-67.93627,-23.68821],[-67.92452,-23.68541],[-67.91115,-23.70023],[-67.88021,-23.70453],[-67.85671,-23.69803],[-67.84198,-23.69973],[-67.82952,-23.72177],[-67.80544,-23.7252],[-67.79225,-23.72228],[-67.78706,-23.70219],[-67.78327,-23.66096],[-67.7741,-23.66028],[-67.74275,-23.67307],[-67.69543,-23.67433],[-67.688,-23.6683],[-67.65909,-23.66924],[-67.64284,-23.67753],[-67.62995,-23.67726],[-67.61564,-23.68439],[-67.62088,-23.66831],[-67.61507,-23.64934],[-67.62723,-23.64177],[-67.6336,-23.61753],[-67.65286,-23.61159],[-67.65351,-23.6014],[-67.66586,-23.59754],[-67.68062,-23.58197],[-67.70025,-23.57674],[-67.73071,-23.57583],[-67.74685,-23.57125],[-67.76481,-23.55507],[-67.75926,-23.538],[-67.75982,-23.51447],[-67.75625,-23.50431],[-67.76354,-23.4839],[-67.77575,-23.47162],[-67.79113,-23.47521],[-67.79259,-23.461],[-67.77157,-23.45521],[-67.7649,-23.44564],[-67.73971,-23.44378],[-67.74248,-23.42336],[-67.73155,-23.40494],[-67.73331,-23.3875],[-67.741,-23.37614],[-67.73139,-23.3629],[-67.70246,-23.36706],[-67.68251,-23.36337],[-67.6791,-23.36936],[-67.65066,-23.38295],[-67.63385,-23.40974],[-67.61825,-23.40812],[-67.61206,-23.41879],[-67.59958,-23.42031],[-67.587,-23.40865],[-67.58098,-23.38732],[-67.57241,-23.38486],[-67.56583,-23.37071],[-67.58671,-23.36012],[-67.59641,-23.34487],[-67.59949,-23.32893],[-67.5935,-23.32245],[-67.6031,-23.30425]]]},"properties":{"COD_SHAC":"SHAC-02-17-26","SHAC":"B1","REGION":"Antofagasta","NOM_ACUIF":"Salar de Atacama","COD_BNA_SH":"1122","COD_REG":"2"}},
{"type":"Feature","geometry":{"type":"Polygon","coordinates":[[[-67.79225,-23.72228],[-67.80544,-23.7252],[-67.82952,-23.72177],[-67.84198,-23.69973],[-67.85671,-23.69803],[-67.88021,-23.70453],[-67.91115,-23.70023],[-67.92452,-23.68541],[-67.93627,-23.68821],[-67.97261,-23.68348],[-67.98827,-23.6881],[-68.00509,-23.66969],[-68.09195,-23.66661],[-68.09391,-23.6673],[-68.09579,-23.68381],[-68.08682,-23.69716],[-68.09399,-23.70948],[-68.09331,-23.72284],[-68.09881,-23.75035],[-68.1068,-23.75963],[-68.1279,-23.75617],[-68.13391,-23.76877],[-68.15563,-23.75689],[-68.1648,-23.75941],[-68.19179,-23.72448],[-68.20317,-23.73486],[-68.20762,-23.75375],[-68.20479,-23.76304],[-68.1767,-23.78444],[-68.17211,-23.82082],[-68.16621,-23.83548],[-68.16642,-23.8592],[-68.16166,-23.86518],[-68.16007,-23.88722],[-68.15021,-23.89551],[-68.14265,-23.93989],[-68.14766,-23.95194],[-68.15002,-23.97934],[-68.16157,-23.9921],[-68.16649,-24.01918],[-68.17587,-24.02991],[-68.1793,-24.06333],[-68.16064,-24.13504],[-68.13614,-24.15293],[-68.10752,-24.18583],[-68.10672,-24.19618],[-68.08624,-24.22046],[-68.06699,-24.20629],[-68.05668,-24.19195],[-68.04741,-24.18774],[-68.00848,-24.18339],[-68.00858,-24.17012],[-67.99571,-24.1604],[-67.9784,-24.15394],[-67.97773,-24.14572],[-67.96502,-24.13972],[-67.94138,-24.11041],[-67.92045,-24.09059],[-67.91664,-24.0709],[-67.89185,-24.05416],[-67.89359,-24.04164],[-67.87169,-24.03666],[-67.87036,-24.02797],[-67.85642,-24.02274],[-67.85582,-24.01488],[-67.84086,-24.0065],[-67.8429,-23.98717],[-67.84948,-23.97486],[-67.84055,-23.96666],[-67.83223,-23.9491],[-67.82149,-23.93727],[-67.82271,-23.92426],[-67.79706,-23.91235],[-67.78,-23.88931],[-67.75869,-23.87368],[-67.7532,-23.85136],[-67.75609,-23.81926],[-67.75719,-23.81757],[-67.75727,-23.8175],[-67.75933,-23.80725],[-67.78072,-23.81014],[-67.787,-23.8062],[-67.79482,-23.78726],[-67.80587,-23.77854],[-67.80514,-23.76492],[-67.79707,-23.75203],[-67.7897,-23.72994],[-67.79225,-23.72228]]]},"properties":{"COD_SHAC":"SHAC-02-19-28","SHAC":"C1","REGION":"Antofagasta","NOM_ACUIF":"Salar de Atacama","COD_BNA_SH":"1124","COD_REG":"2"}},
{"type":"Feature","geometry":{"type":"Polygon","coordinates":[[[-68.35369,-23.08851],[-68.37537,-23.07866],[-68.37045,-23.05859],[-68.3508,-23.04651],[-68.3434,-23.02475],[-68.35186,-23.01632],[-68.33135,-23.00153],[-68.32086,-22.96545],[-68.29592,-22.94124],[-68.29379,-22.91739],[-68.2826,-22.92688],[-68.26673,-22.91782],[-68.25433,-22.91966],[-68.2435,-22.90181],[-68.22904,-22.86034],[-68.22129,-22.85391],[-68.23021,-22.83509],[-68.23096,-22.81073],[-68.22809,-22.78687],[-68.24458,-22.76922],[-68.24814,-22.75748],[-68.23834,-22.73839],[-68.25767,-22.7205],[-68.28488,-22.7062],[-68.31099,-22.69613],[-68.32346,-22.69569],[-68.36501,-22.68091],[-68.37557,-22.69526],[-68.3822,-22.71323],[-68.39411,-22.72567],[-68.40541,-22.74859],[-68.43065,-22.74808],[-68.43925,-22.75153],[-68.44975,-22.76928],[-68.45197,-22.78677],[-68.46,-22.78969],[-68.46335,-22.8399],[-68.49389,-22.83718],[-68.48849,-22.8513],[-68.49836,-22.85854],[-68.51098,-22.88706],[-68.5226,-22.89844],[-68.52669,-22.91474],[-68.52446,-22.96375],[-68.53659,-22.97896],[-68.53794,-22.99807],[-68.53455,-23.013],[-68.52496,-23.02344],[-68.53537,-23.05528],[-68.54321,-23.06044],[-68.53729,-23.07337],[-68.54396,-23.08624],[-68.57234,-23.08821],[-68.60329,-23.08749],[-68.63658,-23.08158],[-68.66007,-23.10791],[-68.65716,-23.12564],[-68.64335,-23.1376],[-68.61796,-23.18145],[-68.64098,-23.20102],[-68.64691,-23.21104],[-68.64706,-23.23096],[-68.67035,-23.25654],[-68.68156,-23.26335],[-68.68887,-23.28127],[-68.69347,-23.31226],[-68.68826,-23.33049],[-68.70193,-23.35154],[-68.70903,-23.37919],[-68.71608,-23.38682],[-68.70792,-23.40247],[-68.70416,-23.42565],[-68.70664,-23.44658],[-68.69873,-23.45591],[-68.70374,-23.46971],[-68.69801,-23.50045],[-68.69226,-23.51725],[-68.6962,-23.53255],[-68.71576,-23.55629],[-68.71191,-23.56567],[-68.6854,-23.59805],[-68.68905,-23.61113],[-68.68635,-23.64078],[-68.67344,-23.657],[-68.67148,-23.678],[-68.66266,-23.68725],[-68.66575,-23.70267],[-68.68023,-23.73951],[-68.67757,-23.75],[-68.68989,-23.79359],[-68.68839,-23.80791],[-68.69312,-23.84797],[-68.68423,-23.85958],[-68.69045,-23.89285],[-68.69788,-23.91696],[-68.69395,-23.93977],[-68.69909,-23.95674],[-68.68029,-23.96599],[-68.66949,-23.98023],[-68.67721,-23.99806],[-68.67507,-24.01139],[-68.68028,-24.05125],[-68.67421,-24.08603],[-68.68173,-24.10627],[-68.67347,-24.13175],[-68.65553,-24.1529],[-68.65448,-24.17667],[-68.65693,-24.19861],[-68.65295,-24.21107],[-68.63368,-24.22349],[-68.62553,-24.249],[-68.60248,-24.26727],[-68.59234,-24.29978],[-68.59709,-24.31028],[-68.57874,-24.32158],[-68.54776,-24.31554],[-68.54643,-24.28789],[-68.5296,-24.28391],[-68.52335,-24.27541],[-68.50287,-24.27746],[-68.49498,-24.26835],[-68.4987,-24.24596],[-68.49113,-24.23897],[-68.48432,-24.20776],[-68.46697,-24.17258],[-68.47662,-24.15385],[-68.47272,-24.13869],[-68.47609,-24.12326],[-68.50251,-24.11366],[-68.494,-24.09789],[-68.49997,-24.08883],[-68.48417,-24.08121],[-68.48321,-24.07394],[-68.46907,-24.06571],[-68.46383,-24.05601],[-68.46916,-24.0421],[-68.45567,-24.0363],[-68.44715,-24.02416],[-68.44102,-23.99446],[-68.43456,-23.98138],[-68.44245,-23.96691],[-68.41847,-23.95078],[-68.42381,-23.93596],[-68.42588,-23.91387],[-68.4025,-23.91317],[-68.39992,-23.90105],[-68.40505,-23.85929],[-68.38277,-23.8377],[-68.38252,-23.82044],[-68.37176,-23.80042],[-68.37741,-23.78833],[-68.37788,-23.75926],[-68.39906,-23.73179],[-68.38991,-23.7184],[-68.36249,-23.70895],[-68.34381,-23.71425],[-68.33041,-23.7006],[-68.3076,-23.69741],[-68.30763,-23.69733],[-68.31814,-23.68189],[-68.3379,-23.6614],[-68.3407,-23.63755],[-68.34788,-23.62935],[-68.37382,-23.62205],[-68.39087,-23.60483],[-68.41049,-23.61149],[-68.4102,-23.62639],[-68.38664,-23.62907],[-68.42454,-23.65929],[-68.43983,-23.67931],[-68.44316,-23.69964],[-68.46284,-23.72821],[-68.46532,-23.73885],[-68.48025,-23.74936],[-68.49853,-23.78429],[-68.52011,-23.80099],[-68.53577,-23.82882],[-68.55839,-23.82804],[-68.53818,-23.80528],[-68.52842,-23.8043],[-68.50813,-23.77799],[-68.49911,-23.74969],[-68.48232,-23.72849],[-68.47529,-23.71262],[-68.50025,-23.69999],[-68.5048,-23.70805],[-68.51981,-23.70129],[-68.528,-23.6807],[-68.52401,-23.66291],[-68.53815,-23.63756],[-68.5438,-23.61476],[-68.54323,-23.59337],[-68.53834,-23.58224],[-68.5179,-23.56048],[-68.50794,-23.54269],[-68.50806,-23.52737],[-68.50282,-23.51296],[-68.51708,-23.50813],[-68.53469,-23.51294],[-68.5169,-23.48471],[-68.5015,-23.46585],[-68.48765,-23.43802],[-68.46192,-23.42502],[-68.42195,-23.37987],[-68.40077,-23.3456],[-68.37395,-23.33026],[-68.3485,-23.30944],[-68.33824,-23.28015],[-68.34056,-23.22623],[-68.33849,-23.21725],[-68.34501,-23.19323],[-68.33751,-23.18251],[-68.3399,-23.163],[-68.34842,-23.14026],[-68.35936,-23.12841],[-68.36024,-23.10904],[-68.35369,-23.08851]]]},"properties":{"COD_SHAC":"SHAC-02-22-31","SHAC":"N1","REGION":"Antofagasta","NOM_ACUIF":"Salar de Atacama","COD_BNA_SH":"1127","COD_REG":"2"}},
{"type":"Feature","geometry":{"type":"Polygon","coordinates":[[[-69.08178,-23.6827],[-69.10422,-23.68677],[-69.12292,-23.68381],[-69.13956,-23.66845],[-69.14218,-23.69392],[-69.15025,-23.71753],[-69.17945,-23.69421],[-69.21692,-23.68125],[-69.24122,-23.68368],[-69.27459,-23.67915],[-69.29377,-23.6855],[-69.33487,-23.67479],[-69.33545,-23.66797],[-69.36214,-23.65731],[-69.37435,-23.65876],[-69.39193,-23.64922],[-69.39808,-23.63086],[-69.41627,-23.62519],[-69.41608,-23.6114],[-69.42409,-23.59931],[-69.42204,-23.56849],[-69.43406,-23.55794],[-69.43196,-23.54134],[-69.43636,-23.52814],[-69.44657,-23.52146],[-69.45253,-23.50484],[-69.46686,-23.50714],[-69.50345,-23.4952],[-69.49816,-23.47701],[-69.51117,-23.47608],[-69.52885,-23.46437],[-69.56342,-23.45894],[-69.58533,-23.46151],[-69.59203,-23.47367],[-69.6108,-23.47073],[-69.62274,-23.47415],[-69.65123,-23.47236],[-69.6585,-23.47544],[-69.6729,-23.45447],[-69.69174,-23.44545],[-69.71122,-23.42765],[-69.72717,-23.43116],[-69.7566,-23.43137],[-69.78592,-23.4385],[-69.80474,-23.44655],[-69.83649,-23.46662],[-69.86285,-23.47427],[-69.88121,-23.50087],[-69.88651,-23.51756],[-69.88383,-23.52604],[-69.90713,-23.53957],[-69.9145,-23.55117],[-69.93307,-23.56019],[-69.94716,-23.57816],[-69.96951,-23.59007],[-69.97913,-23.60439],[-70.00182,-23.62565],[-70.01465,-23.6326],[-70.02947,-23.63109],[-70.04779,-23.62334],[-70.06221,-23.61133],[-70.07663,-23.61591],[-70.08802,-23.61168],[-70.11278,-23.61729],[-70.11987,-23.64363],[-70.14003,-23.66548],[-70.187,-23.69389],[-70.19654,-23.70542],[-70.19573,-23.72436],[-70.18198,-23.72769],[-70.18737,-23.75085],[-70.18582,-23.77511],[-70.19575,-23.80964],[-70.20393,-23.81958],[-70.19228,-23.83279],[-70.2,-23.84847],[-70.19671,-23.87003],[-70.18348,-23.88501],[-70.1506,-23.90795],[-70.12858,-23.91565],[-70.10706,-23.90904],[-70.10106,-23.8985],[-70.09084,-23.90343],[-70.0662,-23.89569],[-70.04816,-23.88238],[-70.03384,-23.88956],[-70.03314,-23.90639],[-70.01771,-23.90973],[-70.01934,-23.92439],[-70.01358,-23.93941],[-70.02039,-23.95109],[-70.01617,-23.97027],[-70.00719,-23.98175],[-69.96377,-23.995],[-69.94395,-23.99505],[-69.93092,-24.00617],[-69.91439,-24.00784],[-69.90289,-24.01508],[-69.86729,-24.01271],[-69.85876,-24.02207],[-69.84534,-24.02272],[-69.83768,-24.04579],[-69.82286,-24.03623],[-69.82011,-24.02765],[-69.82889,-24.00357],[-69.69892,-24.00092],[-69.69442,-24.01243],[-69.67982,-24.01795],[-69.66646,-24.02891],[-69.64653,-24.05233],[-69.63009,-24.08564],[-69.60522,-24.10975],[-69.60102,-24.12728],[-69.60419,-24.14154],[-69.59534,-24.15142],[-69.55921,-24.15362],[-69.53118,-24.17124],[-69.52095,-24.1878],[-69.4992,-24.19516],[-69.47829,-24.22672],[-69.47225,-24.24868],[-69.45987,-24.23809],[-69.43509,-24.247],[-69.41919,-24.24623],[-69.39316,-24.25481],[-69.37952,-24.28163],[-69.38279,-24.29592],[-69.36996,-24.29538],[-69.36108,-24.30873],[-69.35925,-24.32322],[-69.34113,-24.33602],[-69.34314,-24.3434],[-69.32729,-24.34601],[-69.30809,-24.33575],[-69.29254,-24.3371],[-69.26541,-24.33416],[-69.25479,-24.30287],[-69.25737,-24.28901],[-69.23921,-24.26729],[-69.23397,-24.2526],[-69.21898,-24.24988],[-69.21113,-24.23519],[-69.19562,-24.2284],[-69.18129,-24.23583],[-69.17815,-24.22161],[-69.14806,-24.22929],[-69.12357,-24.24007],[-69.10497,-24.239],[-69.09871,-24.22778],[-69.07401,-24.21986],[-69.06035,-24.21212],[-69.04902,-24.19784],[-69.05149,-24.18785],[-69.06965,-24.18284],[-69.0807,-24.17224],[-69.06501,-24.15635],[-69.08036,-24.15301],[-69.08876,-24.13817],[-69.09402,-24.1097],[-69.10523,-24.09788],[-69.10652,-24.06911],[-69.10008,-24.05276],[-69.09891,-24.01542],[-69.09525,-24.00567],[-69.05738,-24.00883],[-69.04734,-23.98434],[-69.05441,-23.95367],[-69.02708,-23.93682],[-69.04657,-23.92872],[-69.06088,-23.89349],[-69.05239,-23.87293],[-69.03253,-23.87208],[-69.0344,-23.86176],[-69.04687,-23.84875],[-69.0424,-23.83747],[-69.02545,-23.82534],[-69.0333,-23.80757],[-69.03396,-23.79542],[-69.04612,-23.78668],[-69.0556,-23.7496],[-69.06721,-23.74104],[-69.07574,-23.72726],[-69.07538,-23.70149],[-69.08178,-23.6827]]]},"properties":{"COD_SHAC":"SHAC-02-04-13","SHAC":"Salares Navidad y Mar Muerto","REGION":"Antofagasta","NOM_ACUIF":"Quebrada Caracoles","COD_BNA_SH":"1085","COD_REG":"2"}},
{"type":"Feature","geometry":{"type":"Polygon","coordinates":[[[-68.22957,-21.81289],[-68.24477,-21.79248],[-68.24077,-21.78364],[-68.26135,-21.76339],[-68.2659,-21.72883],[-68.27411,-21.71794],[-68.29083,-21.71452],[-68.30587,-21.7021],[-68.33266,-21.69835],[-68.35377,-21.68505],[-68.35764,-21.67047],[-68.37283,-21.6408],[-68.38151,-21.63979],[-68.39817,-21.65035],[-68.42039,-21.63459],[-68.44339,-21.64027],[-68.45223,-21.64906],[-68.47051,-21.64541],[-68.50198,-21.66442],[-68.50791,-21.67713],[-68.5328,-21.69419],[-68.54027,-21.71271],[-68.5395,-21.72281],[-68.55298,-21.73382],[-68.58389,-21.74186],[-68.62212,-21.76762],[-68.61568,-21.79122],[-68.60209,-21.81576],[-68.60019,-21.83112],[-68.58658,-21.85138],[-68.56502,-21.83529],[-68.5376,-21.82157],[-68.50757,-21.82905],[-68.48531,-21.82943],[-68.45836,-21.83604],[-68.45306,-21.84142],[-68.42485,-21.85127],[-68.40718,-21.86639],[-68.40176,-21.87991],[-68.39069,-21.88801],[-68.34355,-21.88231],[-68.33083,-21.88591],[-68.31838,-21.87231],[-68.29859,-21.8675],[-68.26304,-21.86311],[-68.25664,-21.84388],[-68.23921,-21.83021],[-68.22957,-21.81289]]]},"properties":{"COD_SHAC":"SHAC-02-11-20","SHAC":"Polapi","REGION":"Antofagasta","NOM_ACUIF":"Rio Loa","COD_BNA_SH":"1106","COD_REG":"2"}},
{"type":"Feature","geometry":{"type":"Polygon","coordinates":[[[-68.67008,-26.18422],[-68.69416,-26.17705],[-68.70124,-26.15672],[-68.71412,-26.15312],[-68.72808,-26.15661],[-68.75685,-26.14949],[-68.76519,-26.13327],[-68.79558,-26.14024],[-68.80648,-26.15085],[-68.82082,-26.1541],[-68.80139,-26.16708],[-68.79095,-26.18736],[-68.77499,-26.19779],[-68.76607,-26.19707],[-68.74137,-26.21244],[-68.72356,-26.23106],[-68.71279,-26.23025],[-68.6968,-26.24414],[-68.67164,-26.21039],[-68.67008,-26.18422]]]},"properties":{"COD_SHAC":"SHAC-03-01-35","SHAC":"Cerro Agua de Morales","REGION":"Atacama","NOM_ACUIF":"Altiplanicas","COD_BNA_SH":"0324","COD_REG":"3"}},
{"type":"Feature","geometry":{"type":"Polygon","coordinates":[[[-68.83924,-26.11614],[-68.8497,-26.11711],[-68.8647,-26.09814],[-68.87864,-26.09749],[-68.89935,-26.10305],[-68.91705,-26.09284],[-68.93369,-26.09451],[-68.94197,-26.11026],[-68.94966,-26.11057],[-68.95703,-26.12509],[-68.96929,-26.13682],[-68.99571,-26.14382],[-69.03343,-26.14795],[-69.02072,-26.1727],[-69.01829,-26.19927],[-68.99457,-26.21977],[-68.98413,-26.2404],[-68.98599,-26.25652],[-68.97297,-26.27444],[-68.94901,-26.32327],[-68.95231,-26.35342],[-68.90551,-26.38103],[-68.86813,-26.38948],[-68.85891,-26.38735],[-68.86255,-26.3756],[-68.85744,-26.3375],[-68.84706,-26.32452],[-68.85281,-26.31043],[-68.84553,-26.30525],[-68.83478,-26.28019],[-68.81876,-26.27614],[-68.81374,-26.25608],[-68.81822,-26.24628],[-68.80377,-26.234],[-68.80536,-26.21412],[-68.79002,-26.21348],[-68.77499,-26.19779],[-68.79095,-26.18736],[-68.80139,-26.16708],[-68.82082,-26.1541],[-68.83107,-26.13992],[-68.83025,-26.12083],[-68.83924,-26.11614]]]},"properties":{"COD_SHAC":"SHAC-03-03-37","SHAC":"La Laguna - III","REGION":"Atacama","NOM_ACUIF":"Altiplanicas","COD_BNA_SH":"0903","COD_REG":"3"}},
{"type":"Feature","geometry":{"type":"Polygon","coordinates":[[[-68.47797,-26.13068],[-68.49793,-26.12581],[-68.52027,-26.10388],[-68.54748,-26.09635],[-68.55657,-26.08891],[-68.5673,-26.06472],[-68.58034,-26.06628],[-68.60382,-26.08373],[-68.6057,-26.10033],[-68.59837,-26.1069],[-68.59754,-26.14478],[-68.61728,-26.16198],[-68.59087,-26.16785],[-68.58069,-26.16464],[-68.56955,-26.17309],[-68.5544,-26.17057],[-68.52395,-26.1713],[-68.50734,-26.17525],[-68.48831,-26.16469],[-68.48028,-26.14662],[-68.47797,-26.13068]]]},"properties":{"COD_SHAC":"SHAC-03-04-38","SHAC":"Laguna de Las Parinas","REGION":"Atacama","NOM_ACUIF":"Altiplanicas","COD_BNA_SH":"0326","COD_REG":"3"}},
{"type":"Feature","geometry":{"type":"Polygon","coordinates":[[[-68.61534,-26.37346],[-68.62859,-26.37384],[-68.62875,-26.35342],[-68.648,-26.3452],[-68.67481,-26.3464],[-68.66696,-26.37187],[-68.67991,-26.38309],[-68.69481,-26.38149],[-68.70877,-26.3972],[-68.71057,-26.41222],[-68.72781,-26.42444],[-68.73778,-26.44791],[-68.72299,-26.46495],[-68.6887,-26.46424],[-68.67521,-26.471],[-68.64231,-26.47653],[-68.61974,-26.48842],[-68.60531,-26.48629],[-68.61254,-26.47752],[-68.61921,-26.44689],[-68.62838,-26.44227],[-68.63769,-26.41854],[-68.61586,-26.39346],[-68.61534,-26.37346]]]},"properties":{"COD_SHAC":"SHAC-03-08-42","SHAC":"Lagunas del Jilguero","REGION":"Atacama","NOM_ACUIF":"Altiplanicas","COD_BNA_SH":"0332","COD_REG":"3"}},
{"type":"Feature","geometry":{"type":"Polygon","coordinates":[[[-68.92114,-26.00964],[-68.93326,-26.01112],[-68.94323,-26.02146],[-68.97807,-26.02537],[-68.99257,-26.03214],[-68.99716,-26.05761],[-68.98607,-26.07929],[-68.97913,-26.08119],[-68.94966,-26.11057],[-68.94197,-26.11026],[-68.93369,-26.09451],[-68.91705,-26.09284],[-68.89935,-26.10305],[-68.87864,-26.09749],[-68.8647,-26.09814],[-68.8497,-26.11711],[-68.83924,-26.11614],[-68.8339,-26.09592],[-68.83604,-26.07928],[-68.84506,-26.08078],[-68.85528,-26.05751],[-68.86905,-26.05746],[-68.87433,-26.04028],[-68.89683,-26.04211],[-68.90581,-26.019],[-68.92114,-26.00964]]]},"properties":{"COD_SHAC":"SHAC-03-11-45","SHAC":"Quebrada Los Maranceles","REGION":"Atacama","NOM_ACUIF":"Altiplanicas","COD_BNA_SH":"0336","COD_REG":"3"}},
{"type":"Feature","geometry":{"type":"Polygon","coordinates":[[[-68.6968,-26.24414],[-68.71279,-26.23025],[-68.72356,-26.23106],[-68.74137,-26.21244],[-68.76607,-26.19707],[-68.77499,-26.19779],[-68.79002,-26.21348],[-68.80536,-26.21412],[-68.80377,-26.234],[-68.81822,-26.24628],[-68.81374,-26.25608],[-68.81876,-26.27614],[-68.83478,-26.28019],[-68.84553,-26.30525],[-68.85281,-26.31043],[-68.84706,-26.32452],[-68.85744,-26.3375],[-68.86255,-26.3756],[-68.85891,-26.38735],[-68.85253,-26.40838],[-68.85111,-26.41955],[-68.82376,-26.42992],[-68.80074,-26.44849],[-68.78782,-26.44408],[-68.74491,-26.44296],[-68.73778,-26.44791],[-68.72781,-26.42444],[-68.71057,-26.41222],[-68.70877,-26.3972],[-68.69481,-26.38149],[-68.67991,-26.38309],[-68.66696,-26.37187],[-68.67481,-26.3464],[-68.6667,-26.31887],[-68.65973,-26.30879],[-68.67521,-26.29919],[-68.69044,-26.26997],[-68.68622,-26.24973],[-68.6968,-26.24414]]]},"properties":{"COD_SHAC":"SHAC-03-22-56","SHAC":"Salar de Piedra Parada","REGION":"Atacama","NOM_ACUIF":"Altiplanicas","COD_BNA_SH":"0342","COD_REG":"3"}},
{"type":"Feature","geometry":{"type":"Polygon","coordinates":[[[-68.65467,-26.63187],[-68.66876,-26.6431],[-68.67677,-26.64267],[-68.69335,-26.66824],[-68.70523,-26.67231],[-68.72169,-26.70013],[-68.72141,-26.73465],[-68.72808,-26.74751],[-68.71434,-26.77115],[-68.73468,-26.79584],[-68.73576,-26.8031],[-68.7131,-26.79914],[-68.69028,-26.78721],[-68.6754,-26.79002],[-68.64581,-26.81244],[-68.6018,-26.78566],[-68.59566,-26.76464],[-68.58568,-26.76386],[-68.55872,-26.7867],[-68.54485,-26.78193],[-68.53704,-26.7707],[-68.53343,-26.74703],[-68.50939,-26.73387],[-68.50308,-26.72172],[-68.50844,-26.69325],[-68.52884,-26.69726],[-68.53781,-26.67738],[-68.55025,-26.66538],[-68.56706,-26.65655],[-68.58747,-26.6574],[-68.62191,-26.65254],[-68.65467,-26.63187]]]},"properties":{"COD_SHAC":"SHAC-03-23-57","SHAC":"Salar de Wheelwright","REGION":"Atacama","NOM_ACUIF":"Altiplanicas","COD_BNA_SH":"0343","COD_REG":"3"}},
{"type":"Feature","geometry":{"type":"Polygon","coordinates":[[[-68.58636,-25.90907],[-68.62732,-25.91584],[-68.64434,-25.90804],[-68.64333,-25.89243],[-68.64835,-25.88269],[-68.66561,-25.88186],[-68.69401,-25.91092],[-68.70535,-25.91176],[-68.71286,-25.9007],[-68.70995,-25.88326],[-68.72425,-25.87672],[-68.73289,-25.86607],[-68.73519,-25.85254],[-68.74574,-25.84452],[-68.75992,-25.85887],[-68.76455,-25.88422],[-68.78445,-25.89631],[-68.79899,-25.89837],[-68.81728,-25.91911],[-68.82239,-25.93793],[-68.83204,-25.93707],[-68.83056,-25.95692],[-68.84306,-25.97467],[-68.84671,-25.98675],[-68.86799,-25.98934],[-68.88267,-25.9746],[-68.89212,-25.98017],[-68.91672,-25.97527],[-68.92154,-25.98043],[-68.92529,-25.98987],[-68.92114,-26.00964],[-68.90581,-26.019],[-68.89683,-26.04211],[-68.87433,-26.04028],[-68.86905,-26.05746],[-68.85528,-26.05751],[-68.84506,-26.08078],[-68.83604,-26.07928],[-68.8339,-26.09592],[-68.83924,-26.11614],[-68.83025,-26.12083],[-68.83107,-26.13992],[-68.82082,-26.1541],[-68.80648,-26.15085],[-68.79558,-26.14024],[-68.76519,-26.13327],[-68.75685,-26.14949],[-68.72808,-26.15661],[-68.71412,-26.15312],[-68.70124,-26.15672],[-68.69416,-26.17705],[-68.67008,-26.18422],[-68.6511,-26.17095],[-68.61728,-26.16198],[-68.59754,-26.14478],[-68.59837,-26.1069],[-68.6057,-26.10033],[-68.60382,-26.08373],[-68.58034,-26.06628],[-68.59668,-26.05019],[-68.59945,-26.03971],[-68.59234,-26.02035],[-68.57258,-26.00671],[-68.58412,-25.99543],[-68.58352,-25.9613],[-68.55809,-25.94424],[-68.57102,-25.92923],[-68.56966,-25.91972],[-68.58636,-25.90907]]]},"properties":{"COD_SHAC":"SHAC-03-24-58","SHAC":"Salar Grande","REGION":"Atacama","NOM_ACUIF":"Altiplanicas","COD_BNA_SH":"0345","COD_REG":"3"}},
{"type":"Feature","geometry":{"type":"Polygon","coordinates":[[[-70.77655,-28.07036],[-70.79251,-28.07091],[-70.80367,-28.07778],[-70.82607,-28.06994],[-70.8383,-28.07527],[-70.85147,-28.08854],[-70.86289,-28.07545],[-70.88248,-28.06898],[-70.88948,-28.07222],[-70.88344,-28.0956],[-70.88469,-28.11603],[-70.89512,-28.13344],[-70.89293,-28.14468],[-70.89955,-28.1657],[-70.88392,-28.19098],[-70.8958,-28.19741],[-70.91758,-28.2165],[-70.93149,-28.23636],[-70.93257,-28.24664],[-70.95252,-28.26218],[-70.95598,-28.27992],[-70.93583,-28.2996],[-70.91793,-28.28913],[-70.90158,-28.29582],[-70.89908,-28.32252],[-70.89195,-28.32817],[-70.88675,-28.35257],[-70.89479,-28.36142],[-70.88108,-28.38038],[-70.86247,-28.38849],[-70.8438,-28.38513],[-70.82815,-28.41112],[-70.81366,-28.37519],[-70.81904,-28.36853],[-70.81499,-28.3269],[-70.79885,-28.30975],[-70.78179,-28.30158],[-70.77145,-28.30801],[-70.76189,-28.32321],[-70.74578,-28.31378],[-70.73688,-28.3162],[-70.72927,-28.33176],[-70.6961,-28.33355],[-70.68403,-28.34375],[-70.67326,-28.34414],[-70.65972,-28.37282],[-70.63849,-28.38811],[-70.61263,-28.4184],[-70.58384,-28.41642],[-70.57202,-28.39903],[-70.55696,-28.40573],[-70.54788,-28.40242],[-70.53419,-28.38531],[-70.54202,-28.37804],[-70.5584,-28.34886],[-70.57795,-28.30032],[-70.57414,-28.28872],[-70.55388,-28.28837],[-70.57412,-28.26022],[-70.55069,-28.21671],[-70.57072,-28.18917],[-70.58052,-28.19271],[-70.60958,-28.18705],[-70.60645,-28.16626],[-70.69256,-28.1171],[-70.73859,-28.10405],[-70.76242,-28.0853],[-70.77655,-28.07036]]]},"properties":{"COD_SHAC":"SHAC-03-35-69","SHAC":"Llanos de Algarrobal y La Jaula","REGION":"Atacama","NOM_ACUIF":"Quebrada Carrizal","COD_BNA_SH":"0204","COD_REG":"3"}},
{"type":"Feature","geometry":{"type":"Polygon","coordinates":[[[-69.87287,-27.77983],[-69.87993,-27.78167],[-69.88428,-27.79784],[-69.89984,-27.80966],[-69.90855,-27.82403],[-69.94324,-27.8197],[-69.96384,-27.80474],[-69.96948,-27.7816],[-69.99134,-27.78348],[-70.00783,-27.76915],[-70.01974,-27.76477],[-70.01908,-27.74471],[-70.04522,-27.73221],[-70.06533,-27.70902],[-70.08657,-27.70411],[-70.08733,-27.71807],[-70.07823,-27.7371],[-70.09584,-27.76372],[-70.08926,-27.77899],[-70.1001,-27.78277],[-70.09945,-27.79625],[-70.10875,-27.81046],[-70.13059,-27.80739],[-70.15077,-27.8178],[-70.16246,-27.83451],[-70.17003,-27.82999],[-70.18598,-27.8342],[-70.18659,-27.84421],[-70.2118,-27.86542],[-70.21632,-27.87339],[-70.20891,-27.8799],[-70.1911,-27.90733],[-70.19386,-27.92019],[-70.18322,-27.92885],[-70.17975,-27.94733],[-70.16698,-27.9606],[-70.12522,-27.98882],[-70.11774,-28.00099],[-70.12414,-28.01696],[-70.1198,-28.03206],[-70.10799,-28.04059],[-70.09266,-28.06015],[-70.10795,-28.0794],[-70.09879,-28.09241],[-70.08132,-28.09217],[-70.06131,-28.08189],[-70.04976,-28.09055],[-70.04449,-28.09271],[-70.04286,-28.11494],[-70.0278,-28.11563],[-70.00694,-28.09122],[-70.00463,-28.06713],[-70.00924,-28.04945],[-70.00072,-28.02499],[-70.00637,-27.9847],[-69.99913,-27.97793],[-69.97525,-27.98147],[-69.95476,-27.97903],[-69.93859,-27.9835],[-69.92555,-27.97543],[-69.90719,-27.9746],[-69.89803,-27.9648],[-69.87855,-27.96328],[-69.86773,-27.94571],[-69.85536,-27.93974],[-69.84076,-27.94327],[-69.8221,-27.93116],[-69.81322,-27.90741],[-69.82026,-27.87591],[-69.8164,-27.87007],[-69.82707,-27.85481],[-69.82925,-27.84224],[-69.83953,-27.83837],[-69.8484,-27.81995],[-69.85569,-27.80119],[-69.87287,-27.77983]]]},"properties":{"COD_SHAC":"SHAC-03-39-73","SHAC":"Sector 2 - Embalse Lautaro - La Puerta","REGION":"Atacama","NOM_ACUIF":"Rio Copiapo","COD_BNA_SH":"0023","COD_REG":"3"}},
{"type":"Feature","geometry":{"type":"Polygon","coordinates":[[[-69.89129,-27.53512],[-69.91787,-27.52715],[-69.93157,-27.52845],[-69.93342,-27.51492],[-69.95064,-27.50434],[-69.99195,-27.50078],[-69.99973,-27.52216],[-70.02086,-27.53663],[-70.0457,-27.5354],[-70.05159,-27.54791],[-70.06524,-27.54284],[-70.0713,-27.53009],[-70.08797,-27.51633],[-70.08673,-27.50927],[-70.10392,-27.50107],[-70.1216,-27.5049],[-70.1549,-27.51954],[-70.16628,-27.51342],[-70.17497,-27.52146],[-70.20739,-27.51578],[-70.21792,-27.53121],[-70.23203,-27.53352],[-70.26054,-27.52771],[-70.27707,-27.51545],[-70.29253,-27.53591],[-70.30281,-27.53612],[-70.31658,-27.55208],[-70.33933,-27.55602],[-70.35486,-27.54525],[-70.37178,-27.54799],[-70.37123,-27.55535],[-70.38145,-27.58567],[-70.37773,-27.60868],[-70.36524,-27.62387],[-70.35999,-27.66074],[-70.37089,-27.66996],[-70.34635,-27.68201],[-70.33702,-27.69533],[-70.35074,-27.70304],[-70.35705,-27.72648],[-70.34468,-27.73391],[-70.33626,-27.75371],[-70.32492,-27.7648],[-70.31665,-27.78578],[-70.32803,-27.81377],[-70.30619,-27.83214],[-70.29256,-27.83434],[-70.29138,-27.8601],[-70.29594,-27.8674],[-70.26922,-27.88986],[-70.25947,-27.88279],[-70.21632,-27.87339],[-70.2118,-27.86542],[-70.18659,-27.84421],[-70.18598,-27.8342],[-70.17003,-27.82999],[-70.16246,-27.83451],[-70.15077,-27.8178],[-70.13059,-27.80739],[-70.10875,-27.81046],[-70.09945,-27.79625],[-70.1001,-27.78277],[-70.08926,-27.77899],[-70.09584,-27.76372],[-70.07823,-27.7371],[-70.08733,-27.71807],[-70.08657,-27.70411],[-70.06533,-27.70902],[-70.04522,-27.73221],[-70.01908,-27.74471],[-70.01974,-27.76477],[-70.00783,-27.76915],[-69.99134,-27.78348],[-69.96948,-27.7816],[-69.96384,-27.80474],[-69.94324,-27.8197],[-69.90855,-27.82403],[-69.89984,-27.80966],[-69.88428,-27.79784],[-69.87993,-27.78167],[-69.87287,-27.77983],[-69.88718,-27.77046],[-69.88284,-27.73942],[-69.89112,-27.72942],[-69.9049,-27.69653],[-69.91241,-27.69218],[-69.90859,-27.6691],[-69.91213,-27.65913],[-69.90145,-27.64415],[-69.89994,-27.62575],[-69.89251,-27.62136],[-69.89971,-27.60753],[-69.88702,-27.57329],[-69.88022,-27.5633],[-69.8888,-27.55571],[-69.89129,-27.53512]]]},"properties":{"COD_SHAC":"SHAC-03-40-74","SHAC":"Sector 3 - La Puerta - Mal Paso","REGION":"Atacama","NOM_ACUIF":"Rio Copiapo","COD_BNA_SH":"0024","COD_REG":"3"}},
{"type":"Feature","geometry":{"type":"Polygon","coordinates":[[[-69.99366,-27.06742],[-70.01825,-27.06223],[-70.03683,-27.08339],[-70.05325,-27.05608],[-70.0679,-27.05426],[-70.0831,-27.03683],[-70.11078,-27.03099],[-70.11814,-27.03605],[-70.13852,-27.03006],[-70.16228,-27.03313],[-70.18752,-27.04008],[-70.19028,-27.06643],[-70.20528,-27.07181],[-70.22482,-27.07261],[-70.23213,-27.09428],[-70.20834,-27.11592],[-70.2143,-27.1409],[-70.23028,-27.14407],[-70.24127,-27.15814],[-70.24072,-27.1958],[-70.25301,-27.20995],[-70.25682,-27.23355],[-70.25284,-27.25533],[-70.25644,-27.26201],[-70.25051,-27.28464],[-70.25192,-27.29826],[-70.26205,-27.30138],[-70.26512,-27.33805],[-70.27651,-27.34787],[-70.28466,-27.33571],[-70.30451,-27.33266],[-70.33143,-27.34554],[-70.34678,-27.37218],[-70.35956,-27.37309],[-70.36895,-27.39837],[-70.40037,-27.40617],[-70.41461,-27.42895],[-70.39485,-27.4402],[-70.38875,-27.46025],[-70.36344,-27.46637],[-70.35815,-27.47565],[-70.34045,-27.47673],[-70.34001,-27.49183],[-70.35394,-27.50938],[-70.36978,-27.54303],[-70.37178,-27.54799],[-70.35486,-27.54525],[-70.33933,-27.55602],[-70.31658,-27.55208],[-70.30281,-27.53612],[-70.29253,-27.53591],[-70.27707,-27.51545],[-70.26054,-27.52771],[-70.23203,-27.53352],[-70.21792,-27.53121],[-70.20739,-27.51578],[-70.17497,-27.52146],[-70.16628,-27.51342],[-70.1549,-27.51954],[-70.1216,-27.5049],[-70.10392,-27.50107],[-70.08673,-27.50927],[-70.08797,-27.51633],[-70.0713,-27.53009],[-70.06524,-27.54284],[-70.05159,-27.54791],[-70.0457,-27.5354],[-70.02086,-27.53663],[-69.99973,-27.52216],[-69.99195,-27.50078],[-69.95064,-27.50434],[-69.93342,-27.51492],[-69.93157,-27.52845],[-69.91787,-27.52715],[-69.89129,-27.53512],[-69.88648,-27.52144],[-69.89581,-27.48117],[-69.89602,-27.45966],[-69.90518,-27.42263],[-69.91772,-27.41474],[-69.91618,-27.40663],[-69.92704,-27.3921],[-69.92782,-27.37815],[-69.93738,-27.36227],[-69.97107,-27.36146],[-69.99913,-27.35804],[-69.99899,-27.34251],[-69.97496,-27.29943],[-69.97187,-27.28414],[-69.97886,-27.27195],[-69.98191,-27.24013],[-69.97753,-27.22821],[-69.98147,-27.20717],[-69.97451,-27.18822],[-69.97377,-27.16552],[-69.95726,-27.15845],[-69.95457,-27.13556],[-69.9585,-27.12234],[-69.98051,-27.1082],[-69.97842,-27.08581],[-69.99366,-27.06742]]]},"properties":{"COD_SHAC":"SHAC-03-41-75","SHAC":"Sector 4 - Mal Paso - Copiapo","REGION":"Atacama","NOM_ACUIF":"Rio Copiapo","COD_BNA_SH":"0025","COD_REG":"3"}},
{"type":"Feature","geometry":{"type":"Polygon","coordinates":[[[-70.22482,-27.07261],[-70.25065,-27.0642],[-70.25539,-27.06965],[-70.27884,-27.07159],[-70.29999,-27.09059],[-70.31535,-27.09153],[-70.30707,-27.11793],[-70.32151,-27.12348],[-70.33006,-27.13309],[-70.35259,-27.13483],[-70.36687,-27.14429],[-70.38314,-27.14581],[-70.42679,-27.178],[-70.42402,-27.19797],[-70.43248,-27.21578],[-70.44438,-27.21511],[-70.46449,-27.22322],[-70.47098,-27.24252],[-70.48023,-27.24775],[-70.49833,-27.23817],[-70.5239,-27.23046],[-70.54378,-27.23627],[-70.54373,-27.25186],[-70.55353,-27.25884],[-70.5489,-27.27182],[-70.5318,-27.28602],[-70.51699,-27.29043],[-70.49757,-27.30746],[-70.47784,-27.34378],[-70.4805,-27.36109],[-70.46996,-27.37712],[-70.48901,-27.38401],[-70.4947,-27.39635],[-70.49084,-27.41755],[-70.50429,-27.43205],[-70.51549,-27.4339],[-70.51447,-27.45691],[-70.51773,-27.47162],[-70.4927,-27.48077],[-70.48019,-27.48901],[-70.47381,-27.5046],[-70.47251,-27.53047],[-70.44896,-27.53974],[-70.42643,-27.53843],[-70.40759,-27.54254],[-70.37719,-27.53809],[-70.36978,-27.54303],[-70.35394,-27.50938],[-70.34001,-27.49183],[-70.34045,-27.47673],[-70.35815,-27.47565],[-70.36344,-27.46637],[-70.38875,-27.46025],[-70.39485,-27.4402],[-70.41461,-27.42895],[-70.40037,-27.40617],[-70.36895,-27.39837],[-70.35956,-27.37309],[-70.34678,-27.37218],[-70.33143,-27.34554],[-70.30451,-27.33266],[-70.28466,-27.33571],[-70.27651,-27.34787],[-70.26512,-27.33805],[-70.26205,-27.30138],[-70.25192,-27.29826],[-70.25051,-27.28464],[-70.25644,-27.26201],[-70.25284,-27.25533],[-70.25682,-27.23355],[-70.25301,-27.20995],[-70.24072,-27.1958],[-70.24127,-27.15814],[-70.23028,-27.14407],[-70.2143,-27.1409],[-70.20834,-27.11592],[-70.23213,-27.09428],[-70.22482,-27.07261]]]},"properties":{"COD_SHAC":"SHAC-03-42-76","SHAC":"Sector 5 - Copiapo - Piedra Colgada","REGION":"Atacama","NOM_ACUIF":"Rio Copiapo","COD_BNA_SH":"0026","COD_REG":"3"}},
{"type":"Feature","geometry":{"type":"Polygon","coordinates":[[[-70.5489,-27.27182],[-70.55374,-27.27835],[-70.59595,-27.28602],[-70.62117,-27.27568],[-70.62696,-27.26912],[-70.64142,-27.27184],[-70.65823,-27.25432],[-70.69146,-27.24795],[-70.71485,-27.23911],[-70.74157,-27.24088],[-70.75421,-27.23053],[-70.78228,-27.22697],[-70.79741,-27.24537],[-70.80209,-27.26273],[-70.83014,-27.25831],[-70.85738,-27.25887],[-70.87583,-27.25236],[-70.88442,-27.26017],[-70.88707,-27.28281],[-70.91742,-27.28442],[-70.93594,-27.29299],[-70.93182,-27.31241],[-70.9333,-27.32761],[-70.94317,-27.336],[-70.93959,-27.35411],[-70.92436,-27.37097],[-70.89742,-27.39135],[-70.88051,-27.40864],[-70.87327,-27.42334],[-70.85965,-27.42225],[-70.82856,-27.43475],[-70.811,-27.43311],[-70.80272,-27.41349],[-70.7768,-27.4093],[-70.77919,-27.43621],[-70.77583,-27.44807],[-70.75817,-27.46394],[-70.7439,-27.47028],[-70.72845,-27.48513],[-70.71253,-27.48166],[-70.69789,-27.46959],[-70.67958,-27.46308],[-70.67497,-27.47234],[-70.66017,-27.46781],[-70.6371,-27.46781],[-70.62497,-27.45123],[-70.59615,-27.451],[-70.59427,-27.43536],[-70.5697,-27.4237],[-70.55479,-27.42155],[-70.54826,-27.41024],[-70.51238,-27.42251],[-70.50429,-27.43205],[-70.49084,-27.41755],[-70.4947,-27.39635],[-70.48901,-27.38401],[-70.46996,-27.37712],[-70.4805,-27.36109],[-70.47784,-27.34378],[-70.49757,-27.30746],[-70.51699,-27.29043],[-70.5318,-27.28602],[-70.5489,-27.27182]]]},"properties":{"COD_SHAC":"SHAC-03-43-77","SHAC":"Sector 6 - Piedra Colgada - Desembocadura","REGION":"Atacama","NOM_ACUIF":"Rio Copiapo","COD_BNA_SH":"0027","COD_REG":"3"}},
{"type":"Feature","geometry":{"type":"Polygon","coordinates":[[[-69.93964,-26.97712],[-69.94481,-26.97206],[-69.93666,-26.9398],[-69.93762,-26.92305],[-69.94884,-26.90657],[-69.95082,-26.88113],[-69.93919,-26.86923],[-69.95211,-26.83841],[-69.96732,-26.845],[-69.99824,-26.84601],[-70.01618,-26.83226],[-70.03007,-26.80021],[-70.02523,-26.78798],[-70.03861,-26.77132],[-70.03814,-26.76213],[-70.05149,-26.75905],[-70.06031,-26.74851],[-70.06233,-26.72116],[-70.07649,-26.71364],[-70.07499,-26.70616],[-70.0606,-26.69767],[-70.06161,-26.68635],[-70.07623,-26.68394],[-70.0799,-26.65121],[-70.1173,-26.65232],[-70.13672,-26.63953],[-70.15343,-26.64693],[-70.18006,-26.64343],[-70.19141,-26.62235],[-70.199,-26.62449],[-70.21615,-26.61309],[-70.22872,-26.61298],[-70.25857,-26.5892],[-70.27056,-26.59393],[-70.28334,-26.58357],[-70.2882,-26.5685],[-70.30449,-26.55373],[-70.32224,-26.54804],[-70.32803,-26.53454],[-70.3485,-26.5227],[-70.37047,-26.52465],[-70.3761,-26.51408],[-70.41726,-26.50988],[-70.43049,-26.5182],[-70.45237,-26.51046],[-70.46742,-26.52101],[-70.48349,-26.51886],[-70.55093,-26.53099],[-70.57734,-26.52777],[-70.60474,-26.52005],[-70.62355,-26.52191],[-70.62682,-26.52972],[-70.65624,-26.52912],[-70.66886,-26.55354],[-70.68166,-26.55921],[-70.68429,-26.57359],[-70.68037,-26.58218],[-70.65887,-26.59659],[-70.64915,-26.61106],[-70.62958,-26.62557],[-70.62837,-26.64692],[-70.61768,-26.65408],[-70.61058,-26.67084],[-70.61797,-26.6892],[-70.60655,-26.69835],[-70.5977,-26.71441],[-70.57629,-26.71032],[-70.55856,-26.72049],[-70.53335,-26.72068],[-70.52325,-26.73111],[-70.49518,-26.73496],[-70.45711,-26.75037],[-70.43682,-26.77331],[-70.41654,-26.77447],[-70.40389,-26.7837],[-70.40212,-26.79725],[-70.38095,-26.80544],[-70.36833,-26.81684],[-70.36245,-26.83477],[-70.34886,-26.84714],[-70.33554,-26.87399],[-70.31315,-26.87871],[-70.29525,-26.8787],[-70.26862,-26.89369],[-70.2665,-26.9029],[-70.25162,-26.91397],[-70.25344,-26.92957],[-70.24532,-26.93988],[-70.24827,-26.95217],[-70.24196,-26.95978],[-70.24284,-26.97808],[-70.23183,-26.98069],[-70.21561,-27.00304],[-70.20302,-27.00367],[-70.18897,-27.03042],[-70.18752,-27.04008],[-70.16228,-27.03313],[-70.13852,-27.03006],[-70.11814,-27.03605],[-70.11078,-27.03099],[-70.0831,-27.03683],[-70.0679,-27.05426],[-70.05325,-27.05608],[-70.03683,-27.08339],[-70.01825,-27.06223],[-69.99366,-27.06742],[-69.98612,-27.04824],[-69.96729,-27.03229],[-69.97288,-27.02109],[-69.96742,-27.0039],[-69.94313,-27.01326],[-69.9314,-26.98971],[-69.93964,-26.97712]]]},"properties":{"COD_SHAC":"SHAC-03-30-64","SHAC":"Quebrada Flamenco","REGION":"Atacama","NOM_ACUIF":"Costeras III","COD_BNA_SH":"0215","COD_REG":"3"}},
{"type":"Feature","geometry":{"type":"Polygon","coordinates":[[[-68.57175,-25.50212],[-68.58183,-25.50788],[-68.59618,-25.50632],[-68.60432,-25.51719],[-68.60127,-25.52677],[-68.63531,-25.54536],[-68.66152,-25.53686],[-68.66118,-25.52133],[-68.69169,-25.49947],[-68.70277,-25.49961],[-68.71118,-25.49],[-68.71644,-25.51226],[-68.73492,-25.52076],[-68.74489,-25.51742],[-68.73911,-25.53162],[-68.72764,-25.53756],[-68.73193,-25.56585],[-68.71322,-25.58544],[-68.70935,-25.59513],[-68.68313,-25.58793],[-68.66635,-25.57693],[-68.62551,-25.59216],[-68.61001,-25.59486],[-68.59895,-25.57034],[-68.58625,-25.55772],[-68.56749,-25.55064],[-68.55146,-25.54006],[-68.5731,-25.52076],[-68.57175,-25.50212]]]},"properties":{"COD_SHAC":"SHAC-03-10-44","SHAC":"Quebrada La Rosa","REGION":"Atacama","NOM_ACUIF":"Altiplanicas","COD_BNA_SH":"0334","COD_REG":"3"}},
{"type":"Feature","geometry":{"type":"Polygon","coordinates":[[[-68.78198,-25.65028],[-68.80176,-25.65409],[-68.80312,-25.66719],[-68.82153,-25.67771],[-68.83471,-25.69321],[-68.86615,-25.68771],[-68.87946,-25.69415],[-68.87907,-25.70813],[-68.89487,-25.71223],[-68.90482,-25.73184],[-68.92175,-25.74685],[-68.94546,-25.75845],[-68.96353,-25.74993],[-68.97388,-25.75488],[-68.98417,-25.7473],[-68.99176,-25.78743],[-69.00117,-25.79238],[-69.00173,-25.80686],[-69.01021,-25.82817],[-68.99721,-25.83311],[-68.98662,-25.85623],[-68.96982,-25.86542],[-68.96423,-25.87623],[-68.97311,-25.88344],[-68.96742,-25.8991],[-68.93382,-25.91062],[-68.92333,-25.93018],[-68.933,-25.94203],[-68.93097,-25.95508],[-68.93844,-25.96931],[-68.92154,-25.98043],[-68.91672,-25.97527],[-68.89212,-25.98017],[-68.88267,-25.9746],[-68.86799,-25.98934],[-68.84671,-25.98675],[-68.84306,-25.97467],[-68.83056,-25.95692],[-68.83204,-25.93707],[-68.82239,-25.93793],[-68.81728,-25.91911],[-68.79899,-25.89837],[-68.78445,-25.89631],[-68.76455,-25.88422],[-68.75992,-25.85887],[-68.74574,-25.84452],[-68.74937,-25.82904],[-68.74408,-25.78724],[-68.7492,-25.77627],[-68.75575,-25.7396],[-68.77494,-25.72017],[-68.77482,-25.70994],[-68.75653,-25.69843],[-68.75779,-25.68559],[-68.78198,-25.65028]]]},"properties":{"COD_SHAC":"SHAC-03-13-47","SHAC":"Salar de Aguilar","REGION":"Atacama","NOM_ACUIF":"Altiplanicas","COD_BNA_SH":"0337","COD_REG":"3"}},
{"type":"Feature","geometry":{"type":"Polygon","coordinates":[[[-68.92154,-25.98043],[-68.93844,-25.96931],[-68.93097,-25.95508],[-68.933,-25.94203],[-68.92333,-25.93018],[-68.93382,-25.91062],[-68.96742,-25.8991],[-68.97311,-25.88344],[-68.96423,-25.87623],[-68.96982,-25.86542],[-68.98662,-25.85623],[-68.99495,-25.86124],[-69.00305,-25.87675],[-69.01492,-25.87436],[-69.04526,-25.89532],[-69.05976,-25.8694],[-69.07437,-25.87],[-69.0852,-25.87979],[-69.0922,-25.91046],[-69.08014,-25.91984],[-69.0843,-25.94081],[-69.09467,-25.94506],[-69.09751,-25.95818],[-69.10676,-25.96414],[-69.10414,-25.98954],[-69.12188,-26.00299],[-69.13247,-26.02786],[-69.1323,-26.04644],[-69.12262,-26.05417],[-69.10822,-26.04852],[-69.09829,-26.0519],[-69.08696,-26.07189],[-69.05952,-26.04948],[-69.04185,-26.039],[-69.02899,-26.04496],[-69.02072,-26.03409],[-68.99257,-26.03214],[-68.97807,-26.02537],[-68.94323,-26.02146],[-68.93326,-26.01112],[-68.92114,-26.00964],[-68.92529,-25.98987],[-68.92154,-25.98043]]]},"properties":{"COD_SHAC":"SHAC-03-18-52","SHAC":"Salar de Los Infieles","REGION":"Atacama","NOM_ACUIF":"Altiplanicas","COD_BNA_SH":"0339","COD_REG":"3"}},
{"type":"Feature","geometry":{"type":"Polygon","coordinates":[[[-68.99257,-26.03214],[-69.02072,-26.03409],[-69.02899,-26.04496],[-69.04185,-26.039],[-69.05952,-26.04948],[-69.08696,-26.07189],[-69.09829,-26.0519],[-69.10822,-26.04852],[-69.12262,-26.05417],[-69.14952,-26.06821],[-69.16313,-26.06686],[-69.18475,-26.07854],[-69.20939,-26.09923],[-69.22201,-26.12152],[-69.22409,-26.13391],[-69.23902,-26.1564],[-69.24513,-26.18139],[-69.26062,-26.19499],[-69.26937,-26.21739],[-69.27682,-26.22078],[-69.27823,-26.23699],[-69.28847,-26.25618],[-69.29231,-26.28065],[-69.27977,-26.30464],[-69.28042,-26.33862],[-69.29369,-26.37113],[-69.29027,-26.38156],[-69.29913,-26.39094],[-69.30579,-26.43885],[-69.30322,-26.46561],[-69.2801,-26.48796],[-69.25763,-26.5005],[-69.23972,-26.50053],[-69.23153,-26.53545],[-69.22338,-26.54186],[-69.21005,-26.53508],[-69.18299,-26.54173],[-69.16214,-26.53791],[-69.15828,-26.52977],[-69.15928,-26.50879],[-69.14816,-26.49282],[-69.12707,-26.49838],[-69.1151,-26.48202],[-69.09597,-26.48396],[-69.07411,-26.47805],[-69.06155,-26.46431],[-69.03987,-26.45686],[-69.0234,-26.48153],[-69.00274,-26.47823],[-69.0012,-26.46432],[-68.99275,-26.44834],[-68.99394,-26.43178],[-68.98348,-26.4278],[-68.96845,-26.43271],[-68.92045,-26.48313],[-68.91209,-26.46672],[-68.88507,-26.45869],[-68.86581,-26.43902],[-68.86106,-26.41994],[-68.85253,-26.40838],[-68.85891,-26.38735],[-68.86813,-26.38948],[-68.90551,-26.38103],[-68.95231,-26.35342],[-68.94901,-26.32327],[-68.97297,-26.27444],[-68.98599,-26.25652],[-68.98413,-26.2404],[-68.99457,-26.21977],[-69.01829,-26.19927],[-69.02072,-26.1727],[-69.03343,-26.14795],[-68.99571,-26.14382],[-68.96929,-26.13682],[-68.95703,-26.12509],[-68.94966,-26.11057],[-68.97913,-26.08119],[-68.98607,-26.07929],[-68.99716,-26.05761],[-68.99257,-26.03214]]]},"properties":{"COD_SHAC":"SHAC-03-20-54","SHAC":"Salar de Pedernales Norte","REGION":"Atacama","NOM_ACUIF":"Altiplanicas","COD_BNA_SH":"0340","COD_REG":"3"}},
{"type":"Feature","geometry":{"type":"Polygon","coordinates":[[[-68.88254,-26.82548],[-68.85667,-26.8322],[-68.85163,-26.84097],[-68.85543,-26.85901],[-68.8356,-26.861],[-68.83381,-26.84091],[-68.82055,-26.81732],[-68.81982,-26.80768],[-68.80614,-26.78475],[-68.80617,-26.76815],[-68.7894,-26.76857],[-68.76986,-26.7834],[-68.7518,-26.78327],[-68.73576,-26.8031],[-68.73468,-26.79584],[-68.71434,-26.77115],[-68.72808,-26.74751],[-68.72141,-26.73465],[-68.72169,-26.70013],[-68.70523,-26.67231],[-68.69335,-26.66824],[-68.67677,-26.64267],[-68.66876,-26.6431],[-68.65467,-26.63187],[-68.6416,-26.62467],[-68.63848,-26.6123],[-68.622,-26.5892],[-68.63411,-26.57271],[-68.64164,-26.54733],[-68.62019,-26.54273],[-68.60995,-26.51988],[-68.59875,-26.51626],[-68.58787,-26.4925],[-68.60531,-26.48629],[-68.61974,-26.48842],[-68.64231,-26.47653],[-68.67521,-26.471],[-68.6887,-26.46424],[-68.72299,-26.46495],[-68.73778,-26.44791],[-68.74491,-26.44296],[-68.78782,-26.44408],[-68.80074,-26.44849],[-68.82376,-26.42992],[-68.85111,-26.41955],[-68.85253,-26.40838],[-68.86106,-26.41994],[-68.86581,-26.43902],[-68.88507,-26.45869],[-68.91209,-26.46672],[-68.92045,-26.48313],[-68.96845,-26.43271],[-68.98348,-26.4278],[-68.99394,-26.43178],[-68.99275,-26.44834],[-69.0012,-26.46432],[-69.00274,-26.47823],[-69.0234,-26.48153],[-69.03987,-26.45686],[-69.06155,-26.46431],[-69.07411,-26.47805],[-69.09597,-26.48396],[-69.1151,-26.48202],[-69.12707,-26.49838],[-69.14816,-26.49282],[-69.15928,-26.50879],[-69.15828,-26.52977],[-69.16214,-26.53791],[-69.18299,-26.54173],[-69.21005,-26.53508],[-69.22338,-26.54186],[-69.21121,-26.55943],[-69.21975,-26.56731],[-69.24169,-26.56675],[-69.2555,-26.58757],[-69.25851,-26.60728],[-69.27018,-26.62105],[-69.25893,-26.63801],[-69.26351,-26.65211],[-69.26129,-26.67321],[-69.25993,-26.71198],[-69.24943,-26.73793],[-69.22473,-26.74173],[-69.20519,-26.75734],[-69.20398,-26.77231],[-69.1953,-26.78629],[-69.17451,-26.77737],[-69.1496,-26.78941],[-69.13332,-26.78394],[-69.12269,-26.77463],[-69.10457,-26.77506],[-69.08922,-26.76885],[-69.07746,-26.78284],[-69.06062,-26.78679],[-69.05623,-26.77767],[-69.02565,-26.78371],[-69.02811,-26.80042],[-69.00472,-26.80456],[-69.00241,-26.81382],[-68.9804,-26.81575],[-68.97317,-26.82086],[-68.94469,-26.82223],[-68.92469,-26.81324],[-68.90387,-26.82506],[-68.88254,-26.82548]]]},"properties":{"COD_SHAC":"SHAC-03-21-55","SHAC":"Salar de Pedernales Sur","REGION":"Atacama","NOM_ACUIF":"Altiplanicas","COD_BNA_SH":"0341","COD_REG":"3"}},
{"type":"Feature","geometry":{"type":"Polygon","coordinates":[[[-70.54788,-28.40242],[-70.55696,-28.40573],[-70.57202,-28.39903],[-70.58384,-28.41642],[-70.61263,-28.4184],[-70.63849,-28.38811],[-70.65972,-28.37282],[-70.67326,-28.34414],[-70.68403,-28.34375],[-70.6961,-28.33355],[-70.72927,-28.33176],[-70.73688,-28.3162],[-70.74578,-28.31378],[-70.76189,-28.32321],[-70.77145,-28.30801],[-70.78179,-28.30158],[-70.79885,-28.30975],[-70.81499,-28.3269],[-70.81904,-28.36853],[-70.81366,-28.37519],[-70.82815,-28.41112],[-70.81919,-28.41539],[-70.81269,-28.44039],[-70.79909,-28.45052],[-70.77847,-28.4764],[-70.7625,-28.47328],[-70.74882,-28.44745],[-70.72588,-28.43528],[-70.70167,-28.43802],[-70.68317,-28.43394],[-70.666,-28.43846],[-70.65408,-28.45374],[-70.65211,-28.46493],[-70.63914,-28.4841],[-70.61656,-28.50191],[-70.58722,-28.50418],[-70.54981,-28.50233],[-70.53285,-28.49],[-70.502,-28.48832],[-70.48917,-28.47194],[-70.50122,-28.46498],[-70.52035,-28.46253],[-70.53089,-28.45473],[-70.53212,-28.43655],[-70.54788,-28.40242]]]},"properties":{"COD_SHAC":"SHAC-03-34-68","SHAC":"Llanos Chacritas y Las Campanas","REGION":"Atacama","NOM_ACUIF":"Quebrada Carrizal","COD_BNA_SH":"0203","COD_REG":"3"}},
{"type":"Feature","geometry":{"type":"Polygon","coordinates":[[[-71.07006,-28.43847],[-71.07704,-28.44117],[-71.10317,-28.43542],[-71.12193,-28.43835],[-71.12908,-28.4187],[-71.14439,-28.4148],[-71.15182,-28.40665],[-71.17021,-28.42031],[-71.17282,-28.43651],[-71.20272,-28.43938],[-71.21418,-28.46056],[-71.22493,-28.46542],[-71.22081,-28.48006],[-71.22752,-28.49995],[-71.23851,-28.5196],[-71.23999,-28.54719],[-71.226,-28.55138],[-71.22471,-28.56071],[-71.212,-28.56322],[-71.2038,-28.58228],[-71.16893,-28.58735],[-71.15591,-28.60594],[-71.12971,-28.61138],[-71.12183,-28.58889],[-71.13535,-28.56174],[-71.13181,-28.54423],[-71.13554,-28.53152],[-71.11675,-28.5208],[-71.11069,-28.4963],[-71.09639,-28.48364],[-71.09094,-28.46287],[-71.06894,-28.44915],[-71.07006,-28.43847]]]},"properties":{"COD_SHAC":"SHAC-03-48-82","SHAC":"Huasco Desembocadura","REGION":"Atacama","NOM_ACUIF":"Rio Huasco","COD_BNA_SH":"0198","COD_REG":"3"}},
{"type":"Feature","geometry":{"type":"Polygon","coordinates":[[[-70.96355,-28.45583],[-70.96931,-28.44461],[-70.9818,-28.4454],[-71.00391,-28.43296],[-71.01583,-28.43818],[-71.03016,-28.43005],[-71.04987,-28.42998],[-71.07006,-28.43847],[-71.06894,-28.44915],[-71.09094,-28.46287],[-71.09639,-28.48364],[-71.11069,-28.4963],[-71.11675,-28.5208],[-71.13554,-28.53152],[-71.13181,-28.54423],[-71.13535,-28.56174],[-71.12183,-28.58889],[-71.12971,-28.61138],[-71.10418,-28.60836],[-71.07266,-28.6166],[-71.07545,-28.63],[-71.07161,-28.64855],[-71.06434,-28.65686],[-71.03638,-28.64991],[-71.02821,-28.65648],[-71.00503,-28.64295],[-71.00181,-28.62993],[-71.00879,-28.61284],[-71.00998,-28.58823],[-70.98891,-28.54432],[-70.98404,-28.49636],[-70.9704,-28.47606],[-70.96355,-28.45583]]]},"properties":{"COD_SHAC":"SHAC-03-47-81","SHAC":"Freirina Bajo","REGION":"Atacama","NOM_ACUIF":"Rio Huasco","COD_BNA_SH":"0197","COD_REG":"3"}},
{"type":"Feature","geometry":{"type":"Polygon","coordinates":[[[-70.885,-28.46377],[-70.89654,-28.45816],[-70.92064,-28.45494],[-70.96355,-28.45583],[-70.9704,-28.47606],[-70.98404,-28.49636],[-70.98891,-28.54432],[-71.00998,-28.58823],[-71.00879,-28.61284],[-71.00181,-28.62993],[-71.00503,-28.64295],[-70.99641,-28.66017],[-70.97935,-28.66774],[-70.964,-28.66709],[-70.94759,-28.64156],[-70.94201,-28.6267],[-70.94579,-28.6161],[-70.9383,-28.60538],[-70.93596,-28.58667],[-70.9206,-28.57751],[-70.92297,-28.56196],[-70.91687,-28.51841],[-70.90471,-28.5057],[-70.90012,-28.48995],[-70.89001,-28.48072],[-70.885,-28.46377]]]},"properties":{"COD_SHAC":"SHAC-03-46-80","SHAC":"Freirina Alto","REGION":"Atacama","NOM_ACUIF":"Rio Huasco","COD_BNA_SH":"0196","COD_REG":"3"}},
{"type":"Feature","geometry":{"type":"Polygon","coordinates":[[[-70.81269,-28.44039],[-70.83429,-28.43139],[-70.84379,-28.43649],[-70.86403,-28.46756],[-70.885,-28.46377],[-70.89001,-28.48072],[-70.90012,-28.48995],[-70.90471,-28.5057],[-70.91687,-28.51841],[-70.92297,-28.56196],[-70.9206,-28.57751],[-70.93596,-28.58667],[-70.9383,-28.60538],[-70.94579,-28.6161],[-70.94201,-28.6267],[-70.94759,-28.64156],[-70.964,-28.66709],[-70.97935,-28.66774],[-70.99641,-28.66017],[-71.00503,-28.64295],[-71.02821,-28.65648],[-71.03638,-28.64991],[-71.06434,-28.65686],[-71.08039,-28.66416],[-71.0907,-28.68109],[-71.09051,-28.70624],[-71.09546,-28.71523],[-71.07218,-28.72392],[-71.07176,-28.73847],[-71.04556,-28.73551],[-71.00962,-28.74325],[-70.9842,-28.72979],[-70.9781,-28.76153],[-70.98965,-28.77587],[-70.95819,-28.77898],[-70.95394,-28.76419],[-70.93904,-28.74792],[-70.91656,-28.73655],[-70.89323,-28.75281],[-70.8814,-28.7526],[-70.87774,-28.73807],[-70.86692,-28.72552],[-70.88145,-28.7085],[-70.88293,-28.69615],[-70.86973,-28.69297],[-70.86392,-28.67586],[-70.85598,-28.63411],[-70.86013,-28.6292],[-70.81669,-28.54159],[-70.80287,-28.52533],[-70.79957,-28.50557],[-70.78602,-28.50089],[-70.78997,-28.48402],[-70.77847,-28.4764],[-70.79909,-28.45052],[-70.81269,-28.44039]]]},"properties":{"COD_SHAC":"SHAC-03-50-85","SHAC":"Vallenar Bajo","REGION":"Atacama","NOM_ACUIF":"Rio Huasco","COD_BNA_SH":"0202","COD_REG":"3"}},
{"type":"Feature","geometry":{"type":"Polygon","coordinates":[[[-70.48917,-28.47194],[-70.502,-28.48832],[-70.53285,-28.49],[-70.54981,-28.50233],[-70.58722,-28.50418],[-70.61656,-28.50191],[-70.63914,-28.4841],[-70.65211,-28.46493],[-70.65408,-28.45374],[-70.666,-28.43846],[-70.68317,-28.43394],[-70.70167,-28.43802],[-70.72588,-28.43528],[-70.74882,-28.44745],[-70.7625,-28.47328],[-70.77847,-28.4764],[-70.78997,-28.48402],[-70.78602,-28.50089],[-70.79957,-28.50557],[-70.80287,-28.52533],[-70.81669,-28.54159],[-70.86013,-28.6292],[-70.85598,-28.63411],[-70.86392,-28.67586],[-70.86973,-28.69297],[-70.88293,-28.69615],[-70.88145,-28.7085],[-70.86692,-28.72552],[-70.87774,-28.73807],[-70.8814,-28.7526],[-70.89323,-28.75281],[-70.88433,-28.77922],[-70.8773,-28.78417],[-70.87634,-28.82619],[-70.86769,-28.83725],[-70.85028,-28.84951],[-70.83127,-28.8501],[-70.82006,-28.84484],[-70.78899,-28.85296],[-70.78478,-28.84015],[-70.75717,-28.81981],[-70.73651,-28.81716],[-70.735,-28.82871],[-70.69525,-28.87483],[-70.69879,-28.88487],[-70.68896,-28.89924],[-70.66069,-28.91303],[-70.63229,-28.91393],[-70.61345,-28.90331],[-70.60838,-28.89368],[-70.6134,-28.87714],[-70.58559,-28.86416],[-70.59138,-28.83966],[-70.58416,-28.839],[-70.56583,-28.80558],[-70.53426,-28.79398],[-70.54166,-28.7782],[-70.56182,-28.76452],[-70.56486,-28.74056],[-70.57703,-28.7322],[-70.58265,-28.7112],[-70.59626,-28.71403],[-70.62422,-28.71258],[-70.65332,-28.67635],[-70.64642,-28.66896],[-70.62077,-28.65432],[-70.61415,-28.63683],[-70.60215,-28.62763],[-70.58269,-28.62898],[-70.57189,-28.64331],[-70.55608,-28.63415],[-70.54474,-28.64101],[-70.51982,-28.61662],[-70.50234,-28.60859],[-70.47326,-28.619],[-70.45374,-28.63305],[-70.44135,-28.61354],[-70.4538,-28.59271],[-70.43405,-28.55175],[-70.4183,-28.53774],[-70.41983,-28.51711],[-70.43481,-28.49972],[-70.45619,-28.49391],[-70.46454,-28.48566],[-70.48917,-28.47194]]]},"properties":{"COD_SHAC":"SHAC-03-49-84","SHAC":"Vallenar Alto","REGION":"Atacama","NOM_ACUIF":"Rio Huasco","COD_BNA_SH":"0200","COD_REG":"3"}},
{"type":"Feature","geometry":{"type":"Polygon","coordinates":[[[-70.45374,-28.63305],[-70.47326,-28.619],[-70.50234,-28.60859],[-70.51982,-28.61662],[-70.54474,-28.64101],[-70.55608,-28.63415],[-70.57189,-28.64331],[-70.58269,-28.62898],[-70.60215,-28.62763],[-70.61415,-28.63683],[-70.62077,-28.65432],[-70.64642,-28.66896],[-70.65332,-28.67635],[-70.62422,-28.71258],[-70.59626,-28.71403],[-70.58265,-28.7112],[-70.57703,-28.7322],[-70.56486,-28.74056],[-70.56182,-28.76452],[-70.54166,-28.7782],[-70.53426,-28.79398],[-70.56583,-28.80558],[-70.58416,-28.839],[-70.59138,-28.83966],[-70.58559,-28.86416],[-70.56742,-28.882],[-70.54723,-28.87372],[-70.54563,-28.88896],[-70.53426,-28.89609],[-70.52465,-28.8933],[-70.50249,-28.90725],[-70.50355,-28.88115],[-70.49681,-28.86246],[-70.48533,-28.85823],[-70.4866,-28.84013],[-70.49366,-28.82833],[-70.49959,-28.79108],[-70.48087,-28.76042],[-70.48788,-28.74297],[-70.47968,-28.72765],[-70.47009,-28.72139],[-70.4454,-28.72199],[-70.4335,-28.71307],[-70.42129,-28.68171],[-70.42747,-28.66474],[-70.43837,-28.65847],[-70.45374,-28.63305]]]},"properties":{"COD_SHAC":"SHAC-03-45-79","SHAC":"Embalse Santa Juana","REGION":"Atacama","NOM_ACUIF":"Rio Huasco","COD_BNA_SH":"0347","COD_REG":"3"}},
{"type":"Feature","geometry":{"type":"Polygon","coordinates":[[[-70.77369,-27.82083],[-70.7912,-27.80842],[-70.80485,-27.80372],[-70.82065,-27.80692],[-70.82687,-27.81934],[-70.8399,-27.82659],[-70.88255,-27.83226],[-70.93021,-27.82454],[-70.93741,-27.828],[-70.97692,-27.8263],[-70.9705,-27.81923],[-70.98698,-27.80015],[-71.00756,-27.80534],[-71.03197,-27.79571],[-71.05242,-27.8073],[-71.07067,-27.82545],[-71.08525,-27.82622],[-71.09192,-27.83604],[-71.08707,-27.85797],[-71.06426,-27.87515],[-71.05678,-27.89947],[-71.05644,-27.91381],[-71.02632,-27.94861],[-71.02548,-27.96166],[-71.01781,-27.96737],[-71.03045,-27.99591],[-71.0096,-28.00376],[-70.99581,-28.02397],[-70.98334,-28.02238],[-70.97045,-28.03509],[-70.97458,-28.06011],[-70.95406,-28.0584],[-70.94567,-28.06886],[-70.92542,-28.06849],[-70.88948,-28.07222],[-70.88248,-28.06898],[-70.86289,-28.07545],[-70.85147,-28.08854],[-70.8383,-28.07527],[-70.82607,-28.06994],[-70.80367,-28.07778],[-70.79251,-28.07091],[-70.77655,-28.07036],[-70.77069,-28.05852],[-70.75364,-28.04222],[-70.76243,-28.02317],[-70.75474,-28.00764],[-70.75846,-27.99273],[-70.75012,-27.98332],[-70.75707,-27.97004],[-70.78262,-27.97193],[-70.80027,-27.96559],[-70.81269,-27.95036],[-70.82984,-27.9518],[-70.84148,-27.94298],[-70.84692,-27.92135],[-70.83909,-27.90698],[-70.83853,-27.88225],[-70.82202,-27.87528],[-70.8034,-27.87402],[-70.78707,-27.86808],[-70.77119,-27.85649],[-70.77369,-27.82083]]]},"properties":{"COD_SHAC":"SHAC-03-37-71","SHAC":"Quedrada Totoral Bajo","REGION":"Atacama","NOM_ACUIF":"Quebrada de Totoral","COD_BNA_SH":"1088","COD_REG":"3"}},
{"type":"Feature","geometry":{"type":"Polygon","coordinates":[[[-70.21632,-27.87339],[-70.25947,-27.88279],[-70.26922,-27.88986],[-70.29594,-27.8674],[-70.29138,-27.8601],[-70.29256,-27.83434],[-70.30619,-27.83214],[-70.32803,-27.81377],[-70.31665,-27.78578],[-70.32492,-27.7648],[-70.33626,-27.75371],[-70.34468,-27.73391],[-70.35705,-27.72648],[-70.35074,-27.70304],[-70.33702,-27.69533],[-70.34635,-27.68201],[-70.37089,-27.66996],[-70.3997,-27.67877],[-70.41532,-27.67642],[-70.43026,-27.6967],[-70.42406,-27.71064],[-70.46515,-27.71388],[-70.4739,-27.7178],[-70.49795,-27.71326],[-70.50115,-27.72462],[-70.51309,-27.73296],[-70.53928,-27.78004],[-70.56767,-27.79906],[-70.59947,-27.79948],[-70.61466,-27.79564],[-70.62364,-27.80329],[-70.65139,-27.80323],[-70.66678,-27.80761],[-70.70807,-27.81139],[-70.73142,-27.81002],[-70.73589,-27.82176],[-70.75268,-27.81894],[-70.77369,-27.82083],[-70.77119,-27.85649],[-70.78707,-27.86808],[-70.8034,-27.87402],[-70.82202,-27.87528],[-70.83853,-27.88225],[-70.83909,-27.90698],[-70.84692,-27.92135],[-70.84148,-27.94298],[-70.82984,-27.9518],[-70.81269,-27.95036],[-70.80027,-27.96559],[-70.78262,-27.97193],[-70.75707,-27.97004],[-70.75012,-27.98332],[-70.75846,-27.99273],[-70.75474,-28.00764],[-70.76243,-28.02317],[-70.75364,-28.04222],[-70.77069,-28.05852],[-70.77655,-28.07036],[-70.76242,-28.0853],[-70.73859,-28.10405],[-70.69256,-28.1171],[-70.60645,-28.16626],[-70.60958,-28.18705],[-70.58052,-28.19271],[-70.57072,-28.18917],[-70.55069,-28.21671],[-70.57412,-28.26022],[-70.55388,-28.28837],[-70.57414,-28.28872],[-70.57795,-28.30032],[-70.5584,-28.34886],[-70.54202,-28.37804],[-70.53419,-28.38531],[-70.54788,-28.40242],[-70.53212,-28.43655],[-70.53089,-28.45473],[-70.52035,-28.46253],[-70.50122,-28.46498],[-70.48917,-28.47194],[-70.46454,-28.48566],[-70.45619,-28.49391],[-70.43481,-28.49972],[-70.41983,-28.51711],[-70.4183,-28.53774],[-70.43405,-28.55175],[-70.4538,-28.59271],[-70.44135,-28.61354],[-70.45374,-28.63305],[-70.43837,-28.65847],[-70.42747,-28.66474],[-70.39345,-28.6471],[-70.38205,-28.6309],[-70.3576,-28.64831],[-70.34837,-28.66548],[-70.32952,-28.66641],[-70.3141,-28.71054],[-70.28991,-28.69002],[-70.28221,-28.69311],[-70.26251,-28.68296],[-70.25384,-28.68378],[-70.22925,-28.65354],[-70.22398,-28.64019],[-70.19966,-28.6276],[-70.18728,-28.60246],[-70.17401,-28.59494],[-70.16419,-28.58118],[-70.14609,-28.57839],[-70.12223,-28.58],[-70.10785,-28.59006],[-70.09269,-28.61488],[-70.08461,-28.61918],[-70.0696,-28.63828],[-70.05443,-28.62578],[-70.05692,-28.61488],[-70.0465,-28.60399],[-70.03558,-28.6066],[-70.01524,-28.59415],[-70.01319,-28.58224],[-70.02065,-28.5638],[-70.02911,-28.55651],[-70.01691,-28.53822],[-70.01109,-28.51926],[-70.00265,-28.51321],[-70.01245,-28.49991],[-70.01938,-28.47756],[-70.01801,-28.45964],[-70.03027,-28.45565],[-70.02218,-28.43637],[-70.02719,-28.42533],[-70.02188,-28.40828],[-70.03348,-28.38035],[-70.03573,-28.36385],[-70.05113,-28.34607],[-70.03452,-28.28327],[-70.04388,-28.26238],[-70.0597,-28.24722],[-70.06522,-28.23346],[-70.07899,-28.2305],[-70.08912,-28.19064],[-70.0748,-28.15795],[-70.07496,-28.13933],[-70.06004,-28.11656],[-70.06059,-28.09508],[-70.04976,-28.09055],[-70.06131,-28.08189],[-70.08132,-28.09217],[-70.09879,-28.09241],[-70.10795,-28.0794],[-70.09266,-28.06015],[-70.10799,-28.04059],[-70.1198,-28.03206],[-70.12414,-28.01696],[-70.11774,-28.00099],[-70.12522,-27.98882],[-70.16698,-27.9606],[-70.17975,-27.94733],[-70.18322,-27.92885],[-70.19386,-27.92019],[-70.1911,-27.90733],[-70.20891,-27.8799],[-70.21632,-27.87339]]]},"properties":{"COD_SHAC":"SHAC-03-36-70","SHAC":"Quedrada Totoral Alto","REGION":"Atacama","NOM_ACUIF":"Quebrada de Totoral","COD_BNA_SH":"1087","COD_REG":"3"}},
{"type":"Feature","geometry":{"type":"Polygon","coordinates":[[[-70.81386,-31.0294],[-70.82372,-31.01808],[-70.82546,-30.98037],[-70.80205,-30.95043],[-70.81127,-30.94458],[-70.82552,-30.91876],[-70.81988,-30.89322],[-70.84727,-30.87526],[-70.85442,-30.87685],[-70.87573,-30.86194],[-70.88918,-30.85941],[-70.88057,-30.84599],[-70.87997,-30.81509],[-70.87368,-30.80692],[-70.87533,-30.79081],[-70.8864,-30.77985],[-70.89676,-30.7581],[-70.89627,-30.74541],[-70.90433,-30.7306],[-70.95661,-30.72809],[-70.98733,-30.73805],[-71.00428,-30.73201],[-71.00803,-30.72359],[-71.0218,-30.7192],[-71.03761,-30.70304],[-71.05259,-30.7153],[-71.0509,-30.73069],[-71.08914,-30.76166],[-71.11195,-30.77693],[-71.12783,-30.78218],[-71.14323,-30.77778],[-71.14042,-30.80515],[-71.12125,-30.8185],[-71.12624,-30.83146],[-71.09821,-30.8548],[-71.09256,-30.87315],[-71.09537,-30.89425],[-71.11085,-30.9108],[-71.09812,-30.92781],[-71.11738,-30.94778],[-71.11894,-30.9576],[-71.11026,-30.97542],[-71.10971,-30.99848],[-71.09152,-31.00658],[-71.06443,-31.0225],[-71.0492,-31.00983],[-71.02477,-31.00535],[-71.02173,-31.01238],[-70.9808,-31.00645],[-70.92802,-31.02165],[-70.90293,-31.02075],[-70.86525,-31.03019],[-70.85258,-31.02296],[-70.82775,-31.02311],[-70.81386,-31.0294]]]},"properties":{"COD_SHAC":"SHAC-04-69-161","SHAC":"Guatulame","REGION":"Coquimbo","NOM_ACUIF":"Rio Limari","COD_BNA_SH":"0351","COD_REG":"4"}},
{"type":"Feature","geometry":{"type":"Polygon","coordinates":[[[-70.5207,-30.56152],[-70.54505,-30.5354],[-70.53827,-30.52567],[-70.55365,-30.51107],[-70.56389,-30.5094],[-70.57475,-30.49838],[-70.60091,-30.49784],[-70.60888,-30.51463],[-70.62393,-30.52422],[-70.63936,-30.51091],[-70.64912,-30.51168],[-70.66539,-30.50258],[-70.68388,-30.50346],[-70.69782,-30.49328],[-70.70865,-30.51091],[-70.72583,-30.51046],[-70.73328,-30.52525],[-70.75926,-30.52868],[-70.77586,-30.52379],[-70.79069,-30.50714],[-70.79588,-30.52396],[-70.8076,-30.53335],[-70.84156,-30.53732],[-70.85421,-30.54196],[-70.8583,-30.55155],[-70.87515,-30.54686],[-70.89341,-30.57482],[-70.8787,-30.59492],[-70.87209,-30.61938],[-70.87999,-30.63491],[-70.9077,-30.64403],[-70.91878,-30.65709],[-70.93007,-30.69781],[-70.89685,-30.68563],[-70.87993,-30.68943],[-70.85161,-30.68584],[-70.8289,-30.6675],[-70.80002,-30.66928],[-70.78011,-30.65943],[-70.75669,-30.66001],[-70.72937,-30.64972],[-70.70297,-30.6562],[-70.69082,-30.63077],[-70.66291,-30.621],[-70.62694,-30.62652],[-70.59029,-30.64643],[-70.58275,-30.63799],[-70.56573,-30.63393],[-70.5557,-30.62339],[-70.55853,-30.60763],[-70.52953,-30.58585],[-70.53577,-30.57112],[-70.5207,-30.56152]]]},"properties":{"COD_SHAC":"SHAC-04-78-170","SHAC":"Rio Ponio","REGION":"Coquimbo","NOM_ACUIF":"Rio Limari","COD_BNA_SH":"0360","COD_REG":"4"}},
{"type":"Feature","geometry":{"type":"Polygon","coordinates":[[[-71.29574,-32.08856],[-71.30114,-32.10703],[-71.2793,-32.12272],[-71.25524,-32.13416],[-71.26517,-32.1138],[-71.29574,-32.08856]]]},"properties":{"COD_SHAC":"SHAC-04-87-179","SHAC":"El Llano","REGION":"Coquimbo","NOM_ACUIF":"Rio Quilimari","COD_BNA_SH":"0362","COD_REG":"4"}},
{"type":"Feature","geometry":{"type":"Polygon","coordinates":[[[-71.29273,-31.14362],[-71.31178,-31.14413],[-71.32176,-31.14962],[-71.3543,-31.14638],[-71.37341,-31.15877],[-71.39052,-31.16404],[-71.42399,-31.15607],[-71.43193,-31.17344],[-71.44366,-31.17561],[-71.45663,-31.16292],[-71.4705,-31.15778],[-71.48509,-31.18934],[-71.4921,-31.20292],[-71.48132,-31.22966],[-71.48624,-31.24631],[-71.50166,-31.26015],[-71.51294,-31.28352],[-71.52135,-31.28856],[-71.50911,-31.31475],[-71.50031,-31.32272],[-71.50096,-31.33843],[-71.51191,-31.35687],[-71.50295,-31.36657],[-71.49949,-31.38647],[-71.51354,-31.4036],[-71.53875,-31.41],[-71.54717,-31.41708],[-71.53918,-31.44712],[-71.5334,-31.4542],[-71.53879,-31.48138],[-71.53051,-31.49746],[-71.51491,-31.51007],[-71.50407,-31.54373],[-71.4854,-31.55636],[-71.48671,-31.56759],[-71.47877,-31.58307],[-71.46313,-31.5818],[-71.44061,-31.57202],[-71.41882,-31.56853],[-71.38226,-31.54946],[-71.34241,-31.54948],[-71.33584,-31.54522],[-71.29314,-31.53327],[-71.27574,-31.51897],[-71.2828,-31.50254],[-71.29797,-31.48552],[-71.28895,-31.46428],[-71.24701,-31.4514],[-71.23069,-31.44025],[-71.20243,-31.46428],[-71.18478,-31.44737],[-71.16985,-31.42166],[-71.14598,-31.42334],[-71.14206,-31.41064],[-71.14492,-31.39189],[-71.13505,-31.37805],[-71.13837,-31.35323],[-71.12886,-31.33733],[-71.11096,-31.33127],[-71.08785,-31.33241],[-71.08595,-31.3264],[-71.0947,-31.29491],[-71.09266,-31.28626],[-71.11601,-31.27219],[-71.12384,-31.25937],[-71.12684,-31.23283],[-71.13954,-31.22159],[-71.13544,-31.21452],[-71.14659,-31.2014],[-71.15939,-31.19572],[-71.18594,-31.19335],[-71.20185,-31.18324],[-71.21565,-31.19118],[-71.2298,-31.18676],[-71.25412,-31.19574],[-71.27834,-31.19009],[-71.28754,-31.18101],[-71.29273,-31.14362]]]},"properties":{"COD_SHAC":"SHAC-04-53-145","SHAC":"Canela","REGION":"Coquimbo","NOM_ACUIF":"Rio Choapa","COD_BNA_SH":"0146","COD_REG":"4"}},
{"type":"Feature","geometry":{"type":"Polygon","coordinates":[[[-71.20243,-31.46428],[-71.23069,-31.44025],[-71.24701,-31.4514],[-71.28895,-31.46428],[-71.29797,-31.48552],[-71.2828,-31.50254],[-71.27574,-31.51897],[-71.29314,-31.53327],[-71.33584,-31.54522],[-71.34241,-31.54948],[-71.38226,-31.54946],[-71.41882,-31.56853],[-71.44061,-31.57202],[-71.46313,-31.5818],[-71.47877,-31.58307],[-71.48671,-31.56759],[-71.52406,-31.58018],[-71.5369,-31.57977],[-71.55481,-31.59105],[-71.56915,-31.61203],[-71.55872,-31.62326],[-71.55079,-31.6106],[-71.52991,-31.59875],[-71.46981,-31.60083],[-71.44669,-31.61131],[-71.43387,-31.63244],[-71.40799,-31.62985],[-71.40106,-31.63631],[-71.39975,-31.65423],[-71.38737,-31.65988],[-71.36641,-31.68462],[-71.33401,-31.70316],[-71.32697,-31.71852],[-71.32855,-31.75054],[-71.32386,-31.76411],[-71.29028,-31.77977],[-71.27904,-31.79509],[-71.26975,-31.81573],[-71.24332,-31.82665],[-71.23063,-31.82076],[-71.22953,-31.78419],[-71.25407,-31.74628],[-71.25159,-31.72562],[-71.27213,-31.69944],[-71.27221,-31.68873],[-71.25717,-31.68557],[-71.23259,-31.68799],[-71.25593,-31.67226],[-71.26871,-31.64552],[-71.2686,-31.6123],[-71.24114,-31.6007],[-71.22291,-31.59778],[-71.21506,-31.58228],[-71.20899,-31.5557],[-71.19118,-31.53821],[-71.19428,-31.50869],[-71.19174,-31.49362],[-71.20313,-31.48232],[-71.20243,-31.46428]]]},"properties":{"COD_SHAC":"SHAC-04-56-148","SHAC":"Choapa Bajo","REGION":"Coquimbo","NOM_ACUIF":"Rio Choapa","COD_BNA_SH":"0147","COD_REG":"4"}},
{"type":"Feature","geometry":{"type":"Polygon","coordinates":[[[-71.17595,-29.99706],[-71.20294,-30.0004],[-71.2266,-29.98624],[-71.26537,-29.9904],[-71.2698,-29.99844],[-71.29873,-29.99739],[-71.31743,-30.02404],[-71.34049,-30.04699],[-71.33749,-30.05584],[-71.32309,-30.06662],[-71.30036,-30.0797],[-71.29619,-30.09603],[-71.27578,-30.09748],[-71.2107,-30.10699],[-71.20219,-30.0957],[-71.20214,-30.0832],[-71.18967,-30.06829],[-71.16525,-30.06835],[-71.15324,-30.07474],[-71.14554,-30.05173],[-71.14387,-30.03248],[-71.14931,-30.0153],[-71.17595,-29.99706]]]},"properties":{"COD_SHAC":"SHAC-04-50-142","SHAC":"Culebron","REGION":"Coquimbo","NOM_ACUIF":"Pan de Azucar","COD_BNA_SH":"0029","COD_REG":"4"}},
{"type":"Feature","geometry":{"type":"Polygon","coordinates":[[[-71.15324,-30.07474],[-71.16525,-30.06835],[-71.18967,-30.06829],[-71.20214,-30.0832],[-71.20219,-30.0957],[-71.2107,-30.10699],[-71.27578,-30.09748],[-71.29619,-30.09603],[-71.30036,-30.0797],[-71.32309,-30.06662],[-71.32723,-30.07473],[-71.32762,-30.10265],[-71.34277,-30.10284],[-71.37491,-30.11088],[-71.37299,-30.12368],[-71.34697,-30.13297],[-71.33356,-30.13313],[-71.32415,-30.15131],[-71.33037,-30.16414],[-71.32575,-30.17112],[-71.33311,-30.20592],[-71.32746,-30.21415],[-71.33373,-30.22903],[-71.32611,-30.2573],[-71.31992,-30.27908],[-71.30337,-30.2989],[-71.30635,-30.31073],[-71.29322,-30.3311],[-71.26075,-30.32667],[-71.24114,-30.32027],[-71.21038,-30.32281],[-71.21737,-30.29599],[-71.20905,-30.27048],[-71.18356,-30.25327],[-71.16928,-30.2582],[-71.15223,-30.25212],[-71.14026,-30.25541],[-71.13448,-30.24365],[-71.13882,-30.22786],[-71.10049,-30.22044],[-71.07548,-30.22084],[-71.04509,-30.20027],[-71.03612,-30.20765],[-71.01984,-30.19771],[-71.01867,-30.19036],[-71.04437,-30.17684],[-71.0455,-30.16328],[-71.06307,-30.16041],[-71.07316,-30.13864],[-71.10584,-30.12909],[-71.1252,-30.11483],[-71.13205,-30.10433],[-71.11661,-30.09555],[-71.11182,-30.07559],[-71.11625,-30.07135],[-71.14912,-30.08627],[-71.15324,-30.07474]]]},"properties":{"COD_SHAC":"SHAC-04-51-143","SHAC":"Lagunillas","REGION":"Coquimbo","NOM_ACUIF":"Pan de Azucar","COD_BNA_SH":"0028","COD_REG":"4"}},
{"type":"Feature","geometry":{"type":"Polygon","coordinates":[[[-71.17595,-29.99706],[-71.1867,-29.97912],[-71.19791,-29.97429],[-71.21131,-29.96016],[-71.2147,-29.94515],[-71.22493,-29.93951],[-71.21839,-29.92047],[-71.22733,-29.91294],[-71.27475,-29.89612],[-71.27941,-29.9256],[-71.28861,-29.94108],[-71.3072,-29.95564],[-71.33408,-29.95895],[-71.33564,-29.95944],[-71.32293,-29.98328],[-71.29873,-29.99739],[-71.2698,-29.99844],[-71.26537,-29.9904],[-71.2266,-29.98624],[-71.20294,-30.0004],[-71.17595,-29.99706]]]},"properties":{"COD_SHAC":"SHAC-04-52-144","SHAC":"Penuelas","REGION":"Coquimbo","NOM_ACUIF":"Pan de Azucar","COD_BNA_SH":"0139","COD_REG":"4"}},
{"type":"Feature","geometry":{"type":"Polygon","coordinates":[[[-70.62689,-29.8922],[-70.64885,-29.89723],[-70.68275,-29.89253],[-70.69835,-29.88435],[-70.71836,-29.8806],[-70.733,-29.89535],[-70.73247,-29.91749],[-70.75099,-29.92605],[-70.75913,-29.93608],[-70.77105,-29.93485],[-70.8235,-29.9392],[-70.83682,-29.93075],[-70.86853,-29.94017],[-70.861,-29.96322],[-70.86421,-29.97091],[-70.86224,-29.99718],[-70.87075,-30.01171],[-70.87224,-30.03381],[-70.86826,-30.0507],[-70.87594,-30.05901],[-70.87216,-30.0868],[-70.87428,-30.10391],[-70.83896,-30.13246],[-70.82118,-30.14019],[-70.81594,-30.16738],[-70.78818,-30.17992],[-70.78055,-30.19405],[-70.78516,-30.21144],[-70.7721,-30.22315],[-70.77395,-30.23632],[-70.76092,-30.24168],[-70.72083,-30.25077],[-70.69015,-30.23498],[-70.6868,-30.22631],[-70.66411,-30.21641],[-70.64721,-30.22166],[-70.62979,-30.21626],[-70.60525,-30.23147],[-70.5868,-30.23317],[-70.57601,-30.22635],[-70.57414,-30.2083],[-70.57658,-30.19442],[-70.55039,-30.18283],[-70.55513,-30.16799],[-70.55453,-30.14901],[-70.56245,-30.14135],[-70.5639,-30.11365],[-70.548,-30.08858],[-70.54888,-30.06992],[-70.55811,-30.06212],[-70.56692,-30.03847],[-70.56453,-30.01876],[-70.55574,-30.0115],[-70.55465,-29.97619],[-70.55721,-29.95763],[-70.56323,-29.95213],[-70.58708,-29.95059],[-70.59929,-29.93279],[-70.62407,-29.92116],[-70.62689,-29.8922]]]},"properties":{"COD_SHAC":"SHAC-04-60-152","SHAC":"Elqui Alto","REGION":"Coquimbo","NOM_ACUIF":"Rio Elqui","COD_BNA_SH":"0135","COD_REG":"4"}},
{"type":"Feature","geometry":{"type":"Polygon","coordinates":[[[-70.99127,-29.91427],[-71.0206,-29.91223],[-71.04761,-29.9271],[-71.07336,-29.92248],[-71.091,-29.90573],[-71.10503,-29.9041],[-71.11416,-29.91058],[-71.13314,-29.91369],[-71.1459,-29.89814],[-71.17064,-29.89767],[-71.1898,-29.88905],[-71.20119,-29.86672],[-71.25334,-29.88477],[-71.27452,-29.88657],[-71.27475,-29.89612],[-71.22733,-29.91294],[-71.21839,-29.92047],[-71.22493,-29.93951],[-71.2147,-29.94515],[-71.21131,-29.96016],[-71.19791,-29.97429],[-71.1867,-29.97912],[-71.17595,-29.99706],[-71.14931,-30.0153],[-71.14387,-30.03248],[-71.14554,-30.05173],[-71.15324,-30.07474],[-71.14912,-30.08627],[-71.11625,-30.07135],[-71.11182,-30.07559],[-71.10371,-30.07524],[-71.1001,-30.05269],[-71.08662,-30.03651],[-71.06344,-30.0339],[-71.06325,-30.02471],[-71.04293,-30.00838],[-71.03021,-29.98622],[-70.99505,-29.95447],[-70.99837,-29.93529],[-70.99127,-29.91427]]]},"properties":{"COD_SHAC":"SHAC-04-61-153","SHAC":"Elqui Bajo","REGION":"Coquimbo","NOM_ACUIF":"Rio Elqui","COD_BNA_SH":"0137","COD_REG":"4"}},
{"type":"Feature","geometry":{"type":"Polygon","coordinates":[[[-70.59941,-29.71054],[-70.60782,-29.69807],[-70.62998,-29.68906],[-70.64764,-29.69522],[-70.68198,-29.68326],[-70.68483,-29.68901],[-70.71046,-29.69364],[-70.74276,-29.68601],[-70.75369,-29.69283],[-70.75596,-29.7087],[-70.77681,-29.71264],[-70.79442,-29.71066],[-70.80168,-29.71926],[-70.81927,-29.71579],[-70.82283,-29.72419],[-70.847,-29.73801],[-70.8533,-29.75556],[-70.87373,-29.7672],[-70.87196,-29.7794],[-70.89231,-29.80147],[-70.89825,-29.81455],[-70.91522,-29.82275],[-70.91472,-29.84164],[-70.95349,-29.84256],[-70.98583,-29.86394],[-70.97755,-29.87772],[-70.99423,-29.88468],[-70.98964,-29.89766],[-70.99127,-29.91427],[-70.99837,-29.93529],[-70.99505,-29.95447],[-71.03021,-29.98622],[-71.04293,-30.00838],[-71.06325,-30.02471],[-71.06344,-30.0339],[-71.08662,-30.03651],[-71.1001,-30.05269],[-71.10371,-30.07524],[-71.11182,-30.07559],[-71.11661,-30.09555],[-71.13205,-30.10433],[-71.1252,-30.11483],[-71.10584,-30.12909],[-71.07316,-30.13864],[-71.06307,-30.16041],[-71.0455,-30.16328],[-71.04437,-30.17684],[-71.01867,-30.19036],[-71.01984,-30.19771],[-71.00172,-30.21126],[-71.00298,-30.22088],[-70.98595,-30.22712],[-70.97902,-30.24028],[-70.93323,-30.23873],[-70.92547,-30.21849],[-70.89817,-30.21863],[-70.90305,-30.22856],[-70.88433,-30.24017],[-70.86105,-30.24297],[-70.82888,-30.25606],[-70.80042,-30.23929],[-70.78481,-30.24579],[-70.77395,-30.23632],[-70.7721,-30.22315],[-70.78516,-30.21144],[-70.78055,-30.19405],[-70.78818,-30.17992],[-70.81594,-30.16738],[-70.82118,-30.14019],[-70.83896,-30.13246],[-70.87428,-30.10391],[-70.87216,-30.0868],[-70.87594,-30.05901],[-70.86826,-30.0507],[-70.87224,-30.03381],[-70.87075,-30.01171],[-70.86224,-29.99718],[-70.86421,-29.97091],[-70.861,-29.96322],[-70.86853,-29.94017],[-70.83682,-29.93075],[-70.8235,-29.9392],[-70.77105,-29.93485],[-70.75913,-29.93608],[-70.75099,-29.92605],[-70.73247,-29.91749],[-70.733,-29.89535],[-70.71836,-29.8806],[-70.69835,-29.88435],[-70.68275,-29.89253],[-70.64885,-29.89723],[-70.62689,-29.8922],[-70.61859,-29.88133],[-70.6227,-29.8514],[-70.6274,-29.83961],[-70.62055,-29.82707],[-70.62811,-29.80759],[-70.61642,-29.80347],[-70.61501,-29.79017],[-70.59631,-29.77818],[-70.58954,-29.73684],[-70.59858,-29.72537],[-70.59941,-29.71054]]]},"properties":{"COD_SHAC":"SHAC-04-62-154","SHAC":"Elqui Medio","REGION":"Coquimbo","NOM_ACUIF":"Rio Elqui","COD_BNA_SH":"0136","COD_REG":"4"}},
{"type":"Feature","geometry":{"type":"Polygon","coordinates":[[[-70.68483,-29.68901],[-70.69563,-29.67585],[-70.69491,-29.65273],[-70.70996,-29.63076],[-70.741,-29.61954],[-70.76576,-29.62967],[-70.76783,-29.62134],[-70.78483,-29.62311],[-70.80274,-29.61614],[-70.82025,-29.62822],[-70.82788,-29.60584],[-70.83826,-29.59517],[-70.84395,-29.56107],[-70.8565,-29.55295],[-70.86627,-29.55883],[-70.87867,-29.54719],[-70.89069,-29.54609],[-70.91211,-29.55237],[-70.93821,-29.581],[-70.97233,-29.59539],[-70.99307,-29.60045],[-71.00439,-29.58424],[-71.01493,-29.57885],[-71.0212,-29.56319],[-71.02986,-29.56309],[-71.0407,-29.57667],[-71.05997,-29.58098],[-71.06019,-29.59998],[-71.04746,-29.61063],[-71.04717,-29.62904],[-71.06048,-29.63865],[-71.06907,-29.6537],[-71.07428,-29.67582],[-71.08585,-29.67993],[-71.10163,-29.66586],[-71.13144,-29.67901],[-71.14003,-29.69085],[-71.15428,-29.68883],[-71.17209,-29.72771],[-71.17185,-29.73723],[-71.18065,-29.75866],[-71.16973,-29.77466],[-71.17625,-29.79572],[-71.18646,-29.79944],[-71.1966,-29.81315],[-71.21089,-29.8151],[-71.21227,-29.83584],[-71.19754,-29.86114],[-71.20119,-29.86672],[-71.1898,-29.88905],[-71.17064,-29.89767],[-71.1459,-29.89814],[-71.13314,-29.91369],[-71.11416,-29.91058],[-71.10503,-29.9041],[-71.091,-29.90573],[-71.07336,-29.92248],[-71.04761,-29.9271],[-71.0206,-29.91223],[-70.99127,-29.91427],[-70.98964,-29.89766],[-70.99423,-29.88468],[-70.97755,-29.87772],[-70.98583,-29.86394],[-70.95349,-29.84256],[-70.91472,-29.84164],[-70.91522,-29.82275],[-70.89825,-29.81455],[-70.89231,-29.80147],[-70.87196,-29.7794],[-70.87373,-29.7672],[-70.8533,-29.75556],[-70.847,-29.73801],[-70.82283,-29.72419],[-70.81927,-29.71579],[-70.80168,-29.71926],[-70.79442,-29.71066],[-70.77681,-29.71264],[-70.75596,-29.7087],[-70.75369,-29.69283],[-70.74276,-29.68601],[-70.71046,-29.69364],[-70.68483,-29.68901]]]},"properties":{"COD_SHAC":"SHAC-04-63-155","SHAC":"Santa Gracia","REGION":"Coquimbo","NOM_ACUIF":"Rio Elqui","COD_BNA_SH":"0138","COD_REG":"4"}},
{"type":"Feature","geometry":{"type":"Polygon","coordinates":[[[-70.81386,-31.0294],[-70.82775,-31.02311],[-70.85258,-31.02296],[-70.86525,-31.03019],[-70.90293,-31.02075],[-70.92802,-31.02165],[-70.9808,-31.00645],[-71.02173,-31.01238],[-71.02477,-31.00535],[-71.0492,-31.00983],[-71.06443,-31.0225],[-71.05137,-31.0388],[-71.04652,-31.05417],[-71.02461,-31.06854],[-71.01454,-31.08256],[-71.01803,-31.10752],[-71.00469,-31.11586],[-70.97709,-31.14257],[-70.95767,-31.15307],[-70.95143,-31.16479],[-70.92843,-31.18187],[-70.90105,-31.17527],[-70.87309,-31.17616],[-70.87427,-31.1986],[-70.86433,-31.20225],[-70.85307,-31.21601],[-70.83476,-31.22486],[-70.82571,-31.24443],[-70.79693,-31.26866],[-70.77674,-31.26862],[-70.75202,-31.2581],[-70.74127,-31.27883],[-70.7273,-31.28907],[-70.73305,-31.30438],[-70.73082,-31.31404],[-70.71606,-31.31344],[-70.70488,-31.33323],[-70.70498,-31.34324],[-70.65085,-31.32737],[-70.63692,-31.31448],[-70.60778,-31.30016],[-70.60639,-31.28941],[-70.59544,-31.27948],[-70.60066,-31.24716],[-70.61036,-31.22333],[-70.60675,-31.19902],[-70.6222,-31.16601],[-70.63235,-31.15509],[-70.65021,-31.16269],[-70.68308,-31.14215],[-70.70672,-31.11517],[-70.72126,-31.11624],[-70.7543,-31.10669],[-70.77495,-31.09244],[-70.77038,-31.08488],[-70.78492,-31.07282],[-70.7911,-31.0613],[-70.8026,-31.05839],[-70.81386,-31.0294]]]},"properties":{"COD_SHAC":"SHAC-04-66-158","SHAC":"Cogoti","REGION":"Coquimbo","NOM_ACUIF":"Rio Limari","COD_BNA_SH":"0349","COD_REG":"4"}},
{"type":"Feature","geometry":{"type":"Polygon","coordinates":[[[-71.06443,-31.0225],[-71.09152,-31.00658],[-71.10592,-31.03177],[-71.10707,-31.04871],[-71.09811,-31.08791],[-71.09219,-31.10111],[-71.08238,-31.10259],[-71.05965,-31.14866],[-71.03829,-31.16182],[-71.03275,-31.18425],[-71.00292,-31.19568],[-70.98931,-31.21223],[-70.99872,-31.23628],[-70.97856,-31.25045],[-70.96561,-31.25293],[-70.9377,-31.27755],[-70.90473,-31.27248],[-70.89173,-31.29716],[-70.87949,-31.30148],[-70.87855,-31.31258],[-70.86325,-31.31843],[-70.84683,-31.33653],[-70.8256,-31.37539],[-70.80775,-31.38331],[-70.77091,-31.34812],[-70.76224,-31.34503],[-70.75882,-31.33034],[-70.73634,-31.32733],[-70.73082,-31.31404],[-70.73305,-31.30438],[-70.7273,-31.28907],[-70.74127,-31.27883],[-70.75202,-31.2581],[-70.77674,-31.26862],[-70.79693,-31.26866],[-70.82571,-31.24443],[-70.83476,-31.22486],[-70.85307,-31.21601],[-70.86433,-31.20225],[-70.87427,-31.1986],[-70.87309,-31.17616],[-70.90105,-31.17527],[-70.92843,-31.18187],[-70.95143,-31.16479],[-70.95767,-31.15307],[-70.97709,-31.14257],[-71.00469,-31.11586],[-71.01803,-31.10752],[-71.01454,-31.08256],[-71.02461,-31.06854],[-71.04652,-31.05417],[-71.05137,-31.0388],[-71.06443,-31.0225]]]},"properties":{"COD_SHAC":"SHAC-04-67-159","SHAC":"Combarbala","REGION":"Coquimbo","NOM_ACUIF":"Rio Limari","COD_BNA_SH":"0232","COD_REG":"4"}},
{"type":"Feature","geometry":{"type":"Polygon","coordinates":[[[-71.21038,-30.32281],[-71.24114,-30.32027],[-71.26075,-30.32667],[-71.29322,-30.3311],[-71.28923,-30.34564],[-71.2984,-30.36024],[-71.28577,-30.3878],[-71.28503,-30.40685],[-71.29778,-30.41004],[-71.31629,-30.40538],[-71.32792,-30.42007],[-71.33605,-30.45155],[-71.36631,-30.47261],[-71.36754,-30.49811],[-71.35597,-30.50776],[-71.35487,-30.52205],[-71.33943,-30.53973],[-71.34249,-30.56067],[-71.34029,-30.58127],[-71.36079,-30.58693],[-71.36661,-30.61139],[-71.38838,-30.62146],[-71.37263,-30.63069],[-71.33673,-30.62848],[-71.32221,-30.63797],[-71.29875,-30.64448],[-71.2728,-30.63952],[-71.20785,-30.60064],[-71.18577,-30.57849],[-71.15026,-30.53672],[-71.1477,-30.52905],[-71.12415,-30.5164],[-71.12662,-30.50422],[-71.12074,-30.49088],[-71.12361,-30.46012],[-71.13285,-30.44486],[-71.12578,-30.43401],[-71.13373,-30.42203],[-71.15597,-30.42314],[-71.16482,-30.3904],[-71.17543,-30.37571],[-71.20915,-30.35529],[-71.2065,-30.34408],[-71.21038,-30.32281]]]},"properties":{"COD_SHAC":"SHAC-04-68-160","SHAC":"El Ingenio","REGION":"Coquimbo","NOM_ACUIF":"Rio Limari","COD_BNA_SH":"0350","COD_REG":"4"}},
{"type":"Feature","geometry":{"type":"Polygon","coordinates":[[[-71.14026,-30.25541],[-71.15223,-30.25212],[-71.16928,-30.2582],[-71.18356,-30.25327],[-71.20905,-30.27048],[-71.21737,-30.29599],[-71.21038,-30.32281],[-71.2065,-30.34408],[-71.20915,-30.35529],[-71.17543,-30.37571],[-71.16482,-30.3904],[-71.15597,-30.42314],[-71.13373,-30.42203],[-71.12578,-30.43401],[-71.13285,-30.44486],[-71.12361,-30.46012],[-71.12074,-30.49088],[-71.09547,-30.49764],[-71.08901,-30.47342],[-71.07538,-30.45971],[-71.07383,-30.45144],[-71.0594,-30.44811],[-71.05406,-30.43701],[-71.06796,-30.39997],[-71.06894,-30.38386],[-71.07958,-30.36779],[-71.05887,-30.35775],[-71.04704,-30.33126],[-71.03503,-30.32849],[-71.01329,-30.30097],[-71.00539,-30.26512],[-71.01096,-30.26163],[-71.04121,-30.2726],[-71.07299,-30.27422],[-71.09985,-30.28508],[-71.116,-30.28166],[-71.11998,-30.26831],[-71.14026,-30.25541]]]},"properties":{"COD_SHAC":"SHAC-04-70-162","SHAC":"Higuerilla","REGION":"Coquimbo","NOM_ACUIF":"Rio Limari","COD_BNA_SH":"0352","COD_REG":"4"}},
{"type":"Feature","geometry":{"type":"Polygon","coordinates":[[[-71.14323,-30.77778],[-71.15386,-30.77566],[-71.15743,-30.75503],[-71.14609,-30.72799],[-71.15992,-30.71617],[-71.17049,-30.69426],[-71.18785,-30.69122],[-71.2073,-30.67939],[-71.22147,-30.6849],[-71.2429,-30.6841],[-71.24996,-30.66971],[-71.27577,-30.66691],[-71.32923,-30.66618],[-71.39667,-30.66304],[-71.46732,-30.67961],[-71.51131,-30.67961],[-71.53579,-30.67275],[-71.53807,-30.69476],[-71.5517,-30.71663],[-71.55055,-30.72864],[-71.5842,-30.72967],[-71.5891,-30.75276],[-71.58078,-30.7868],[-71.56813,-30.8142],[-71.55282,-30.83009],[-71.56359,-30.84581],[-71.55116,-30.85623],[-71.53372,-30.86443],[-71.53341,-30.88143],[-71.51961,-30.8907],[-71.50109,-30.89274],[-71.48715,-30.89678],[-71.45746,-30.91353],[-71.4541,-30.90569],[-71.40699,-30.89184],[-71.38495,-30.89992],[-71.36708,-30.88831],[-71.35009,-30.90135],[-71.33679,-30.91983],[-71.34079,-30.93019],[-71.31831,-30.94418],[-71.30717,-30.94487],[-71.29909,-30.96046],[-71.29088,-30.96008],[-71.282,-30.9854],[-71.26817,-31.00515],[-71.26384,-31.04503],[-71.27605,-31.0521],[-71.27812,-31.06943],[-71.26791,-31.07787],[-71.27255,-31.08806],[-71.25844,-31.08015],[-71.23049,-31.07391],[-71.20006,-31.0501],[-71.19253,-31.02234],[-71.17777,-31.00953],[-71.16741,-31.00852],[-71.14578,-30.99622],[-71.13196,-30.99447],[-71.10971,-30.99848],[-71.11026,-30.97542],[-71.11894,-30.9576],[-71.11738,-30.94778],[-71.09812,-30.92781],[-71.11085,-30.9108],[-71.09537,-30.89425],[-71.09256,-30.87315],[-71.09821,-30.8548],[-71.12624,-30.83146],[-71.12125,-30.8185],[-71.14042,-30.80515],[-71.14323,-30.77778]]]},"properties":{"COD_SHAC":"SHAC-04-72-164","SHAC":"Punitaqui","REGION":"Coquimbo","NOM_ACUIF":"Rio Limari","COD_BNA_SH":"0354","COD_REG":"4"}},
{"type":"Feature","geometry":{"type":"Polygon","coordinates":[[[-71.10971,-30.99848],[-71.13196,-30.99447],[-71.14578,-30.99622],[-71.16741,-31.00852],[-71.17777,-31.00953],[-71.19253,-31.02234],[-71.20006,-31.0501],[-71.23049,-31.07391],[-71.25844,-31.08015],[-71.27255,-31.08806],[-71.26911,-31.10075],[-71.29273,-31.14362],[-71.28754,-31.18101],[-71.27834,-31.19009],[-71.25412,-31.19574],[-71.2298,-31.18676],[-71.21565,-31.19118],[-71.20185,-31.18324],[-71.18594,-31.19335],[-71.15939,-31.19572],[-71.15434,-31.17402],[-71.14235,-31.15532],[-71.1463,-31.12541],[-71.13908,-31.12122],[-71.13516,-31.10106],[-71.10825,-31.08659],[-71.09811,-31.08791],[-71.10707,-31.04871],[-71.10592,-31.03177],[-71.09152,-31.00658],[-71.10971,-30.99848]]]},"properties":{"COD_SHAC":"SHAC-04-73-165","SHAC":"Quebrada Grande","REGION":"Coquimbo","NOM_ACUIF":"Rio Limari","COD_BNA_SH":"0355","COD_REG":"4"}},
{"type":"Feature","geometry":{"type":"Polygon","coordinates":[[[-71.09811,-31.08791],[-71.10825,-31.08659],[-71.13516,-31.10106],[-71.13908,-31.12122],[-71.1463,-31.12541],[-71.14235,-31.15532],[-71.15434,-31.17402],[-71.15939,-31.19572],[-71.14659,-31.2014],[-71.13544,-31.21452],[-71.13954,-31.22159],[-71.12684,-31.23283],[-71.12384,-31.25937],[-71.11601,-31.27219],[-71.09266,-31.28626],[-71.0947,-31.29491],[-71.08595,-31.3264],[-71.08785,-31.33241],[-71.08503,-31.34402],[-71.05456,-31.36916],[-71.04912,-31.38355],[-71.03033,-31.38486],[-71.01524,-31.3687],[-71.00816,-31.34975],[-70.948,-31.32188],[-70.92926,-31.32108],[-70.91065,-31.33073],[-70.90663,-31.34816],[-70.88494,-31.36611],[-70.88909,-31.40533],[-70.86756,-31.41307],[-70.84605,-31.4284],[-70.83623,-31.42176],[-70.80257,-31.4142],[-70.79976,-31.39048],[-70.80775,-31.38331],[-70.8256,-31.37539],[-70.84683,-31.33653],[-70.86325,-31.31843],[-70.87855,-31.31258],[-70.87949,-31.30148],[-70.89173,-31.29716],[-70.90473,-31.27248],[-70.9377,-31.27755],[-70.96561,-31.25293],[-70.97856,-31.25045],[-70.99872,-31.23628],[-70.98931,-31.21223],[-71.00292,-31.19568],[-71.03275,-31.18425],[-71.03829,-31.16182],[-71.05965,-31.14866],[-71.08238,-31.10259],[-71.09219,-31.10111],[-71.09811,-31.08791]]]},"properties":{"COD_SHAC":"SHAC-04-77-169","SHAC":"Rio Pama","REGION":"Coquimbo","NOM_ACUIF":"Rio Limari","COD_BNA_SH":"0359","COD_REG":"4"}},
{"type":"Feature","geometry":{"type":"Polygon","coordinates":[[[-71.35099,-32.11669],[-71.34424,-32.09345],[-71.34737,-32.08002],[-71.38143,-32.08533],[-71.39475,-32.09992],[-71.41222,-32.10126],[-71.44107,-32.10923],[-71.44191,-32.11793],[-71.42576,-32.14529],[-71.41911,-32.14925],[-71.41481,-32.16752],[-71.41693,-32.18612],[-71.38857,-32.18862],[-71.37735,-32.16656],[-71.38789,-32.1283],[-71.36501,-32.11365],[-71.35099,-32.11669]]]},"properties":{"COD_SHAC":"SHAC-04-86-178","SHAC":"El Ajial","REGION":"Coquimbo","NOM_ACUIF":"Rio Quilimari","COD_BNA_SH":"0226","COD_REG":"4"}},
{"type":"Feature","geometry":{"type":"Polygon","coordinates":[[[-71.2286,-31.98957],[-71.24066,-31.97314],[-71.25073,-31.94859],[-71.26334,-31.94359],[-71.28721,-31.92297],[-71.3067,-31.91535],[-71.32068,-31.94177],[-71.34802,-31.9795],[-71.36037,-31.98137],[-71.3623,-31.99732],[-71.34779,-32.02347],[-71.32865,-32.03293],[-71.33323,-32.07067],[-71.32126,-32.08525],[-71.31075,-32.10549],[-71.30114,-32.10703],[-71.29574,-32.08856],[-71.2806,-32.07833],[-71.28258,-32.06776],[-71.27531,-32.05784],[-71.25984,-32.0574],[-71.24328,-32.02313],[-71.23979,-31.99575],[-71.2286,-31.98957]]]},"properties":{"COD_SHAC":"SHAC-04-89-181","SHAC":"Infiernillo","REGION":"Coquimbo","NOM_ACUIF":"Rio Quilimari","COD_BNA_SH":"0224","COD_REG":"4"}},
{"type":"Feature","geometry":{"type":"Polygon","coordinates":[[[-71.36037,-31.98137],[-71.36991,-31.98118],[-71.3882,-31.99733],[-71.40365,-32.00219],[-71.41053,-32.01833],[-71.42832,-32.02515],[-71.44878,-32.03884],[-71.44806,-32.05129],[-71.44922,-32.06283],[-71.46685,-32.07639],[-71.47021,-32.09226],[-71.49341,-32.10038],[-71.51491,-32.11405],[-71.51359,-32.12451],[-71.49807,-32.12253],[-71.4748,-32.1368],[-71.47862,-32.15458],[-71.46478,-32.1665],[-71.44642,-32.17012],[-71.44267,-32.16747],[-71.45307,-32.13543],[-71.46559,-32.1201],[-71.45745,-32.11021],[-71.44107,-32.10923],[-71.41222,-32.10126],[-71.39475,-32.09992],[-71.38143,-32.08533],[-71.34737,-32.08002],[-71.33323,-32.07067],[-71.32865,-32.03293],[-71.34779,-32.02347],[-71.3623,-31.99732],[-71.36037,-31.98137]]]},"properties":{"COD_SHAC":"SHAC-04-93-185","SHAC":"Quilimari","REGION":"Coquimbo","NOM_ACUIF":"Rio Quilimari","COD_BNA_SH":"0219","COD_REG":"4"}},
{"type":"Feature","geometry":{"type":"Polygon","coordinates":[[[-71.09547,-30.49764],[-71.12074,-30.49088],[-71.12662,-30.50422],[-71.12415,-30.5164],[-71.1477,-30.52905],[-71.15026,-30.53672],[-71.18577,-30.57849],[-71.20785,-30.60064],[-71.2728,-30.63952],[-71.29875,-30.64448],[-71.32221,-30.63797],[-71.33673,-30.62848],[-71.37263,-30.63069],[-71.38838,-30.62146],[-71.36661,-30.61139],[-71.36079,-30.58693],[-71.34029,-30.58127],[-71.34249,-30.56067],[-71.35425,-30.55847],[-71.3795,-30.57249],[-71.39261,-30.57091],[-71.40927,-30.57909],[-71.43769,-30.58328],[-71.48794,-30.58454],[-71.4972,-30.59509],[-71.51543,-30.58662],[-71.53241,-30.59613],[-71.56064,-30.59318],[-71.57812,-30.59507],[-71.57009,-30.60728],[-71.55497,-30.61881],[-71.55733,-30.62831],[-71.5479,-30.64015],[-71.55152,-30.64823],[-71.53579,-30.67275],[-71.51131,-30.67961],[-71.46732,-30.67961],[-71.39667,-30.66304],[-71.32923,-30.66618],[-71.27577,-30.66691],[-71.24996,-30.66971],[-71.2429,-30.6841],[-71.22147,-30.6849],[-71.2073,-30.67939],[-71.18785,-30.69122],[-71.17049,-30.69426],[-71.15992,-30.71617],[-71.14609,-30.72799],[-71.15743,-30.75503],[-71.15386,-30.77566],[-71.14323,-30.77778],[-71.12783,-30.78218],[-71.11195,-30.77693],[-71.08914,-30.76166],[-71.0509,-30.73069],[-71.05259,-30.7153],[-71.03761,-30.70304],[-71.02602,-30.7039],[-71.01711,-30.69581],[-70.99487,-30.68927],[-70.98694,-30.66606],[-70.99519,-30.65483],[-70.97452,-30.62404],[-70.97965,-30.6113],[-70.95573,-30.58411],[-70.93579,-30.57552],[-70.90541,-30.57153],[-70.89341,-30.57482],[-70.87515,-30.54686],[-70.8583,-30.55155],[-70.85421,-30.54196],[-70.86952,-30.53406],[-70.89188,-30.50952],[-70.91595,-30.50694],[-70.92679,-30.50989],[-70.93808,-30.53594],[-70.97025,-30.54035],[-70.98041,-30.5473],[-70.99316,-30.54311],[-71.01745,-30.55096],[-71.03176,-30.54322],[-71.03657,-30.52123],[-71.05132,-30.50392],[-71.07018,-30.49404],[-71.09547,-30.49764]]]},"properties":{"COD_SHAC":"SHAC-04-76-168","SHAC":"Rio Limari","REGION":"Coquimbo","NOM_ACUIF":"Rio Limari","COD_BNA_SH":"0358","COD_REG":"4"}},
{"type":"Feature","geometry":{"type":"Polygon","coordinates":[[[-71.54329,-31.71305],[-71.54487,-31.74033],[-71.5283,-31.74535],[-71.51098,-31.75618],[-71.49053,-31.75494],[-71.46189,-31.77622],[-71.46734,-31.80026],[-71.45022,-31.81054],[-71.44517,-31.81896],[-71.4029,-31.81685],[-71.37911,-31.80053],[-71.37651,-31.78707],[-71.39419,-31.77759],[-71.38935,-31.76177],[-71.39767,-31.75177],[-71.40357,-31.73072],[-71.42024,-31.72332],[-71.44016,-31.72412],[-71.45154,-31.70532],[-71.47536,-31.67604],[-71.49025,-31.68338],[-71.49406,-31.70722],[-71.5021,-31.7191],[-71.52252,-31.71553],[-71.53511,-31.71996],[-71.54329,-31.71305]]]},"properties":{"COD_SHAC":"SHAC-04-21-113","SHAC":"Estero Chigualoco","REGION":"Coquimbo","NOM_ACUIF":"Cuencas Costeras IV Sur","COD_BNA_SH":"0571","COD_REG":"4"}},
{"type":"Feature","geometry":{"type":"Polygon","coordinates":[[[-71.49391,-31.67844],[-71.49029,-31.64816],[-71.49464,-31.64072],[-71.51851,-31.64308],[-71.55384,-31.63942],[-71.5583,-31.64929],[-71.55212,-31.65871],[-71.55173,-31.67391],[-71.53301,-31.66939],[-71.52303,-31.67523],[-71.49391,-31.67844]]]},"properties":{"COD_SHAC":"SHAC-04-23-115","SHAC":"Huentelauquen","REGION":"Coquimbo","NOM_ACUIF":"Cuencas Costeras IV Sur","COD_BNA_SH":"0573","COD_REG":"4"}},
{"type":"Feature","geometry":{"type":"Polygon","coordinates":[[[-71.49425,-31.9666],[-71.49113,-31.96979],[-71.48144,-31.97177],[-71.46257,-31.98962],[-71.43571,-31.95899],[-71.44281,-31.94551],[-71.46607,-31.94831],[-71.49425,-31.9666]]]},"properties":{"COD_SHAC":"SHAC-04-34-126","SHAC":"Quebrada El Negro","REGION":"Coquimbo","NOM_ACUIF":"Cuencas Costeras IV Sur","COD_BNA_SH":"0577","COD_REG":"4"}},
{"type":"Feature","geometry":{"type":"Polygon","coordinates":[[[-71.52135,-31.28856],[-71.54206,-31.2849],[-71.56344,-31.28767],[-71.59786,-31.29085],[-71.62419,-31.31352],[-71.61564,-31.32705],[-71.62159,-31.34821],[-71.58775,-31.34672],[-71.58009,-31.3515],[-71.54257,-31.35955],[-71.53372,-31.35551],[-71.51191,-31.35687],[-71.50096,-31.33843],[-71.50031,-31.32272],[-71.50911,-31.31475],[-71.52135,-31.28856]]]},"properties":{"COD_SHAC":"SHAC-04-36-128","SHAC":"Quebrada El Totoral","REGION":"Coquimbo","NOM_ACUIF":"Cuencas Costeras IV Sur","COD_BNA_SH":"0589","COD_REG":"4"}},
{"type":"Feature","geometry":{"type":"Polygon","coordinates":[[[-71.64127,-31.23845],[-71.6326,-31.25757],[-71.61165,-31.25804],[-71.59961,-31.25258],[-71.59467,-31.24045],[-71.57026,-31.24075],[-71.54408,-31.2548],[-71.51997,-31.26227],[-71.50166,-31.26015],[-71.48624,-31.24631],[-71.48132,-31.22966],[-71.4921,-31.20292],[-71.48509,-31.18934],[-71.50556,-31.17901],[-71.54013,-31.17312],[-71.56255,-31.21373],[-71.58538,-31.21426],[-71.6126,-31.23754],[-71.64127,-31.23845]]]},"properties":{"COD_SHAC":"SHAC-04-40-132","SHAC":"Quebrada Las Palmas","REGION":"Coquimbo","NOM_ACUIF":"Cuencas Costeras IV Sur","COD_BNA_SH":"0592","COD_REG":"4"}},
{"type":"Feature","geometry":{"type":"Polygon","coordinates":[[[-71.39723,-30.47586],[-71.3988,-30.45747],[-71.39739,-30.39703],[-71.40211,-30.37081],[-71.41822,-30.36593],[-71.43138,-30.35065],[-71.45783,-30.33718],[-71.47111,-30.30892],[-71.47023,-30.27977],[-71.47999,-30.27191],[-71.49656,-30.26757],[-71.50209,-30.27602],[-71.52576,-30.29129],[-71.55227,-30.29891],[-71.54824,-30.31738],[-71.53979,-30.3302],[-71.53865,-30.34876],[-71.53229,-30.36858],[-71.51355,-30.39708],[-71.51861,-30.41196],[-71.50725,-30.43427],[-71.51939,-30.4568],[-71.51675,-30.46974],[-71.5071,-30.47379],[-71.49591,-30.48876],[-71.48115,-30.48689],[-71.47586,-30.47396],[-71.45855,-30.47013],[-71.44527,-30.4954],[-71.43011,-30.49672],[-71.4234,-30.48868],[-71.39723,-30.47586]]]},"properties":{"COD_SHAC":"SHAC-04-14-106","SHAC":"Quebrada Los Litres","REGION":"Coquimbo","NOM_ACUIF":"Cuencas Costeras IV Norte","COD_BNA_SH":"0565","COD_REG":"4"}},
{"type":"Feature","geometry":{"type":"Polygon","coordinates":[[[-71.63837,-31.27306],[-71.58712,-31.26389],[-71.5752,-31.26705],[-71.56344,-31.28767],[-71.54206,-31.2849],[-71.52135,-31.28856],[-71.51294,-31.28352],[-71.50166,-31.26015],[-71.51997,-31.26227],[-71.54408,-31.2548],[-71.57026,-31.24075],[-71.59467,-31.24045],[-71.59961,-31.25258],[-71.61165,-31.25804],[-71.6326,-31.25757],[-71.63837,-31.27306]]]},"properties":{"COD_SHAC":"SHAC-04-43-135","SHAC":"Quebrada Maitencillo","REGION":"Coquimbo","NOM_ACUIF":"Cuencas Costeras IV Sur","COD_BNA_SH":"0595","COD_REG":"4"}},
{"type":"Feature","geometry":{"type":"Polygon","coordinates":[[[-71.54717,-31.41708],[-71.54781,-31.3997],[-71.56295,-31.39839],[-71.57482,-31.38706],[-71.6173,-31.38693],[-71.60638,-31.40717],[-71.60737,-31.42004],[-71.58863,-31.45078],[-71.57387,-31.45837],[-71.55143,-31.4586],[-71.53879,-31.48138],[-71.5334,-31.4542],[-71.53918,-31.44712],[-71.54717,-31.41708]]]},"properties":{"COD_SHAC":"SHAC-04-29-121","SHAC":"Puerto Oscuro","REGION":"Coquimbo","NOM_ACUIF":"Cuencas Costeras IV Sur","COD_BNA_SH":"0585","COD_REG":"4"}},
{"type":"Feature","geometry":{"type":"Polygon","coordinates":[[[-71.39723,-30.47586],[-71.4234,-30.48868],[-71.43011,-30.49672],[-71.44527,-30.4954],[-71.45855,-30.47013],[-71.47586,-30.47396],[-71.48115,-30.48689],[-71.49591,-30.48876],[-71.5071,-30.47379],[-71.51675,-30.46974],[-71.51939,-30.4568],[-71.50725,-30.43427],[-71.51861,-30.41196],[-71.51355,-30.39708],[-71.53229,-30.36858],[-71.53865,-30.34876],[-71.53979,-30.3302],[-71.54824,-30.31738],[-71.55227,-30.29891],[-71.58417,-30.30169],[-71.5863,-30.32256],[-71.60506,-30.33144],[-71.61397,-30.34462],[-71.64072,-30.3488],[-71.64193,-30.36692],[-71.64935,-30.38618],[-71.65314,-30.43147],[-71.63558,-30.43284],[-71.62564,-30.46491],[-71.63223,-30.47279],[-71.63158,-30.50202],[-71.62743,-30.52064],[-71.62548,-30.53545],[-71.61649,-30.54916],[-71.62525,-30.56518],[-71.62583,-30.58783],[-71.57812,-30.59507],[-71.56064,-30.59318],[-71.53241,-30.59613],[-71.51543,-30.58662],[-71.4972,-30.59509],[-71.48794,-30.58454],[-71.43769,-30.58328],[-71.40927,-30.57909],[-71.39261,-30.57091],[-71.3795,-30.57249],[-71.35425,-30.55847],[-71.34249,-30.56067],[-71.33943,-30.53973],[-71.35487,-30.52205],[-71.35597,-30.50776],[-71.36754,-30.49811],[-71.3834,-30.50718],[-71.39723,-30.47586]]]},"properties":{"COD_SHAC":"SHAC-04-15-107","SHAC":"Quebrada Pachingo","REGION":"Coquimbo","NOM_ACUIF":"Cuencas Costeras IV Norte","COD_BNA_SH":"0566","COD_REG":"4"}},
{"type":"Feature","geometry":{"type":"Polygon","coordinates":[[[-71.51191,-31.35687],[-71.53372,-31.35551],[-71.54257,-31.35955],[-71.58009,-31.3515],[-71.58775,-31.34672],[-71.62159,-31.34821],[-71.62067,-31.3807],[-71.6173,-31.38693],[-71.57482,-31.38706],[-71.56295,-31.39839],[-71.54781,-31.3997],[-71.54717,-31.41708],[-71.53875,-31.41],[-71.51354,-31.4036],[-71.49949,-31.38647],[-71.50295,-31.36657],[-71.51191,-31.35687]]]},"properties":{"COD_SHAC":"SHAC-04-45-137","SHAC":"Quebrada Quilaycillo","REGION":"Coquimbo","NOM_ACUIF":"Cuencas Costeras IV Sur","COD_BNA_SH":"0596","COD_REG":"4"}},
{"type":"Feature","geometry":{"type":"Polygon","coordinates":[[[-71.42791,-31.90455],[-71.42232,-31.88751],[-71.42761,-31.88104],[-71.44887,-31.87605],[-71.47604,-31.88834],[-71.48575,-31.88436],[-71.49783,-31.90135],[-71.4422,-31.89432],[-71.42791,-31.90455]]]},"properties":{"COD_SHAC":"SHAC-04-46-138","SHAC":"Quebrada Ramadilla","REGION":"Coquimbo","NOM_ACUIF":"Cuencas Costeras IV Sur","COD_BNA_SH":"0580","COD_REG":"4"}},
{"type":"Feature","geometry":{"type":"Polygon","coordinates":[[[-71.33311,-30.20592],[-71.34154,-30.20977],[-71.36267,-30.19974],[-71.37722,-30.2052],[-71.39597,-30.202],[-71.40696,-30.1907],[-71.41763,-30.19391],[-71.41051,-30.22953],[-71.40217,-30.24818],[-71.37496,-30.25405],[-71.36656,-30.24776],[-71.35054,-30.24907],[-71.34185,-30.25596],[-71.32611,-30.2573],[-71.33373,-30.22903],[-71.32746,-30.21415],[-71.33311,-30.20592]]]},"properties":{"COD_SHAC":"SHAC-04-16-108","SHAC":"Quebrada Tongoicillo","REGION":"Coquimbo","NOM_ACUIF":"Cuencas Costeras IV Norte","COD_BNA_SH":"0567","COD_REG":"4"}},
{"type":"Feature","geometry":{"type":"Polygon","coordinates":[[[-71.42772,-33.28784],[-71.41228,-33.27218],[-71.412,-33.26225],[-71.36711,-33.23242],[-71.34402,-33.20098],[-71.34971,-33.18977],[-71.36789,-33.17522],[-71.38324,-33.1835],[-71.397,-33.20136],[-71.40866,-33.20923],[-71.44157,-33.20579],[-71.45345,-33.22873],[-71.46307,-33.23709],[-71.46125,-33.25442],[-71.47301,-33.26413],[-71.46874,-33.28156],[-71.44148,-33.28839],[-71.42772,-33.28784]]]},"properties":{"COD_SHAC":"SHAC-05-44-222","SHAC":"Lo Orozco","REGION":"Valparaiso","NOM_ACUIF":"Estero Casablanca","COD_BNA_SH":"0108","COD_REG":"5"}},
{"type":"Feature","geometry":{"type":"Polygon","coordinates":[[[-71.34802,-31.9795],[-71.37704,-31.95799],[-71.37759,-31.94945],[-71.40743,-31.9428],[-71.42563,-31.94852],[-71.43571,-31.95899],[-71.46257,-31.98962],[-71.47409,-31.99776],[-71.48006,-32.01663],[-71.51059,-32.0229],[-71.51108,-32.02452],[-71.48306,-32.03231],[-71.45999,-32.03414],[-71.44806,-32.05129],[-71.44878,-32.03884],[-71.42832,-32.02515],[-71.41053,-32.01833],[-71.40365,-32.00219],[-71.3882,-31.99733],[-71.36991,-31.98118],[-71.36037,-31.98137],[-71.34802,-31.9795]]]},"properties":{"COD_SHAC":"SHAC-04-49-141","SHAC":"Totoralillo","REGION":"Coquimbo","NOM_ACUIF":"Cuencas Costeras IV Sur","COD_BNA_SH":"0581","COD_REG":"4"}},
{"type":"Feature","geometry":{"type":"Polygon","coordinates":[[[-70.93374,-32.34169],[-70.94253,-32.33992],[-70.96606,-32.32309],[-70.98445,-32.32101],[-71.00828,-32.32795],[-71.01692,-32.33491],[-71.02828,-32.34795],[-71.03613,-32.37076],[-71.06804,-32.38926],[-71.07698,-32.40533],[-71.09565,-32.4222],[-71.10381,-32.42195],[-71.13574,-32.43895],[-71.14707,-32.46507],[-71.16112,-32.47885],[-71.18273,-32.47481],[-71.18567,-32.49456],[-71.17899,-32.50213],[-71.15953,-32.5081],[-71.14637,-32.51728],[-71.12454,-32.51705],[-71.08571,-32.52784],[-71.06297,-32.54131],[-71.04346,-32.49556],[-71.04788,-32.47299],[-71.03984,-32.45436],[-71.04685,-32.44245],[-71.03954,-32.43283],[-71.02151,-32.42939],[-71.0038,-32.41646],[-71.00591,-32.39102],[-71.00202,-32.38188],[-70.95605,-32.38251],[-70.93888,-32.36508],[-70.941,-32.34696],[-70.93374,-32.34169]]]},"properties":{"COD_SHAC":"SHAC-05-60-239","SHAC":"Sector 7 - Rio La Ligua Cabildo","REGION":"Valparaiso","NOM_ACUIF":"Rio La Ligua","COD_BNA_SH":"0489","COD_REG":"5"}},
{"type":"Feature","geometry":{"type":"Polygon","coordinates":[[[-70.78941,-32.70999],[-70.82273,-32.69067],[-70.83915,-32.68457],[-70.87146,-32.73098],[-70.85955,-32.74168],[-70.85409,-32.7699],[-70.83122,-32.81304],[-70.83263,-32.82897],[-70.81246,-32.83292],[-70.78613,-32.83155],[-70.76723,-32.82499],[-70.7532,-32.80796],[-70.76314,-32.80009],[-70.76135,-32.7816],[-70.77125,-32.76374],[-70.76437,-32.75092],[-70.76914,-32.74006],[-70.78542,-32.72199],[-70.78941,-32.70999]]]},"properties":{"COD_SHAC":"SHAC-05-49-228","SHAC":"Acuifero 3 - Panquehue","REGION":"Valparaiso","NOM_ACUIF":"Rio Aconcagua","COD_BNA_SH":"0374","COD_REG":"5"}},
{"type":"Feature","geometry":{"type":"Polygon","coordinates":[[[-71.25908,-33.23334],[-71.28268,-33.21413],[-71.2944,-33.21599],[-71.30475,-33.20413],[-71.33184,-33.19934],[-71.34402,-33.20098],[-71.36711,-33.23242],[-71.412,-33.26225],[-71.41228,-33.27218],[-71.42772,-33.28784],[-71.42867,-33.30168],[-71.38858,-33.31524],[-71.3687,-33.31449],[-71.36892,-33.30563],[-71.35567,-33.28815],[-71.3368,-33.28672],[-71.32811,-33.28308],[-71.31292,-33.26471],[-71.26671,-33.24326],[-71.25908,-33.23334]]]},"properties":{"COD_SHAC":"SHAC-05-45-223","SHAC":"Lo Ovalle","REGION":"Valparaiso","NOM_ACUIF":"Estero Casablanca","COD_BNA_SH":"0109","COD_REG":"5"}},
{"type":"Feature","geometry":{"type":"Polygon","coordinates":[[[-70.81979,-32.63072],[-70.84313,-32.62725],[-70.86206,-32.61558],[-70.88242,-32.61503],[-70.8944,-32.60805],[-70.9152,-32.62152],[-70.93645,-32.62],[-70.94936,-32.62994],[-70.97992,-32.63161],[-71.01797,-32.61502],[-71.04181,-32.62507],[-71.04655,-32.63418],[-71.05141,-32.63382],[-71.07542,-32.66988],[-71.07491,-32.68326],[-71.0504,-32.68703],[-71.04136,-32.69649],[-71.04781,-32.71961],[-71.04353,-32.7298],[-71.05249,-32.73641],[-71.04875,-32.75054],[-71.03196,-32.77584],[-71.04132,-32.78648],[-71.04452,-32.8073],[-71.03937,-32.8486],[-71.0337,-32.86701],[-71.01283,-32.8554],[-71.00806,-32.8468],[-70.94794,-32.82386],[-70.93304,-32.82931],[-70.90216,-32.83437],[-70.8882,-32.82698],[-70.86954,-32.83225],[-70.85449,-32.82729],[-70.83263,-32.82897],[-70.83122,-32.81304],[-70.85409,-32.7699],[-70.85955,-32.74168],[-70.87146,-32.73098],[-70.83915,-32.68457],[-70.83309,-32.66255],[-70.82219,-32.64438],[-70.81979,-32.63072]]]},"properties":{"COD_SHAC":"SHAC-05-50-229","SHAC":"Acuifero 4 - Catemu","REGION":"Valparaiso","NOM_ACUIF":"Rio Aconcagua","COD_BNA_SH":"0375","COD_REG":"5"}},
{"type":"Feature","geometry":{"type":"Polygon","coordinates":[[[-71.06945,-32.59361],[-71.07665,-32.59539],[-71.08103,-32.61691],[-71.08868,-32.62179],[-71.11996,-32.61805],[-71.13898,-32.61146],[-71.16093,-32.59047],[-71.19628,-32.60491],[-71.20178,-32.60238],[-71.23268,-32.6034],[-71.24561,-32.62496],[-71.28029,-32.63695],[-71.27852,-32.64636],[-71.29389,-32.65555],[-71.29539,-32.66324],[-71.31827,-32.6753],[-71.31721,-32.68197],[-71.2945,-32.68737],[-71.27783,-32.69949],[-71.28522,-32.71524],[-71.30626,-32.72517],[-71.31245,-32.73257],[-71.31469,-32.74537],[-71.30099,-32.75249],[-71.29351,-32.77096],[-71.29651,-32.78666],[-71.27118,-32.77916],[-71.23901,-32.76247],[-71.22687,-32.76481],[-71.22518,-32.78237],[-71.19985,-32.80367],[-71.19353,-32.8187],[-71.16572,-32.83652],[-71.15722,-32.8636],[-71.14608,-32.8663],[-71.14417,-32.88659],[-71.14577,-32.91502],[-71.15192,-32.92814],[-71.1427,-32.94065],[-71.12132,-32.94822],[-71.12021,-32.95369],[-71.09652,-32.97721],[-71.08355,-32.97587],[-71.07185,-32.98308],[-71.04502,-32.98952],[-71.02724,-32.98809],[-71.01388,-32.97577],[-71.0131,-32.94121],[-71.03038,-32.92482],[-71.02922,-32.89962],[-71.03839,-32.8816],[-71.0337,-32.86701],[-71.03937,-32.8486],[-71.04452,-32.8073],[-71.04132,-32.78648],[-71.03196,-32.77584],[-71.04875,-32.75054],[-71.05249,-32.73641],[-71.04353,-32.7298],[-71.04781,-32.71961],[-71.04136,-32.69649],[-71.0504,-32.68703],[-71.07491,-32.68326],[-71.07542,-32.66988],[-71.05141,-32.63382],[-71.04655,-32.63418],[-71.06056,-32.61271],[-71.05525,-32.5995],[-71.06945,-32.59361]]]},"properties":{"COD_SHAC":"SHAC-05-52-231","SHAC":"Acuifero 6 - Nogales-Hijuelas","REGION":"Valparaiso","NOM_ACUIF":"Rio Aconcagua","COD_BNA_SH":"0377","COD_REG":"5"}},
{"type":"Feature","geometry":{"type":"Polygon","coordinates":[[[-71.12021,-32.95369],[-71.12132,-32.94822],[-71.1427,-32.94065],[-71.15192,-32.92814],[-71.14577,-32.91502],[-71.14417,-32.88659],[-71.14608,-32.8663],[-71.15722,-32.8636],[-71.16572,-32.83652],[-71.19353,-32.8187],[-71.19985,-32.80367],[-71.22518,-32.78237],[-71.22687,-32.76481],[-71.23901,-32.76247],[-71.27118,-32.77916],[-71.29651,-32.78666],[-71.30552,-32.80248],[-71.32721,-32.81815],[-71.33097,-32.83635],[-71.3474,-32.83903],[-71.35586,-32.85451],[-71.37067,-32.86161],[-71.33433,-32.89303],[-71.35408,-32.90716],[-71.35543,-32.94431],[-71.32941,-32.95131],[-71.31417,-32.94811],[-71.29369,-32.96047],[-71.28128,-32.96033],[-71.25359,-32.97189],[-71.18301,-32.97076],[-71.15573,-32.97283],[-71.13525,-32.96566],[-71.12021,-32.95369]]]},"properties":{"COD_SHAC":"SHAC-05-53-232","SHAC":"Acuifero 7 - Quillota","REGION":"Valparaiso","NOM_ACUIF":"Rio Aconcagua","COD_BNA_SH":"0378","COD_REG":"5"}},
{"type":"Feature","geometry":{"type":"Polygon","coordinates":[[[-71.37067,-32.86161],[-71.38799,-32.85631],[-71.40195,-32.86888],[-71.43003,-32.87964],[-71.4368,-32.8927],[-71.47154,-32.88746],[-71.4891,-32.89177],[-71.5128,-32.88736],[-71.5065,-32.90262],[-71.51484,-32.91956],[-71.51635,-32.94103],[-71.51272,-32.95543],[-71.49086,-32.9742],[-71.4606,-32.98559],[-71.44324,-33.00056],[-71.43367,-33.00055],[-71.41779,-32.9665],[-71.40026,-32.95798],[-71.39408,-32.94891],[-71.37657,-32.9408],[-71.35543,-32.94431],[-71.35408,-32.90716],[-71.33433,-32.89303],[-71.37067,-32.86161]]]},"properties":{"COD_SHAC":"SHAC-05-54-233","SHAC":"Acuifero 8 - Aconcagua desembocadura","REGION":"Valparaiso","NOM_ACUIF":"Rio Aconcagua","COD_BNA_SH":"0379","COD_REG":"5"}},
{"type":"Feature","geometry":{"type":"Polygon","coordinates":[[[-71.20178,-32.60238],[-71.21824,-32.5694],[-71.25117,-32.53162],[-71.28427,-32.52145],[-71.30133,-32.49715],[-71.34288,-32.51096],[-71.36359,-32.52039],[-71.37135,-32.53336],[-71.37072,-32.53981],[-71.3875,-32.55208],[-71.41361,-32.55198],[-71.40465,-32.58382],[-71.42171,-32.60608],[-71.4095,-32.62674],[-71.39843,-32.62493],[-71.37822,-32.63565],[-71.35272,-32.6432],[-71.34232,-32.65785],[-71.34461,-32.66588],[-71.31827,-32.6753],[-71.29539,-32.66324],[-71.29389,-32.65555],[-71.27852,-32.64636],[-71.28029,-32.63695],[-71.24561,-32.62496],[-71.23268,-32.6034],[-71.20178,-32.60238]]]},"properties":{"COD_SHAC":"SHAC-05-03-181","SHAC":"Estero Catapilco","REGION":"Valparaiso","NOM_ACUIF":"Cuencas Costeras V Norte","COD_BNA_SH":"0365","COD_REG":"5"}},
{"type":"Feature","geometry":{"type":"Polygon","coordinates":[[[-71.31827,-32.6753],[-71.34461,-32.66588],[-71.34232,-32.65785],[-71.35272,-32.6432],[-71.37822,-32.63565],[-71.39843,-32.62493],[-71.4095,-32.62674],[-71.40788,-32.65556],[-71.40139,-32.66337],[-71.34745,-32.70121],[-71.33237,-32.72712],[-71.31245,-32.73257],[-71.30626,-32.72517],[-71.28522,-32.71524],[-71.27783,-32.69949],[-71.2945,-32.68737],[-71.31721,-32.68197],[-71.31827,-32.6753]]]},"properties":{"COD_SHAC":"SHAC-05-06-184","SHAC":"Estero La Canela","REGION":"Valparaiso","NOM_ACUIF":"Cuencas Costeras V Norte","COD_BNA_SH":"0366","COD_REG":"5"}},
{"type":"Feature","geometry":{"type":"Polygon","coordinates":[[[-71.70826,-33.13609],[-71.71122,-33.14506],[-71.69642,-33.16009],[-71.67028,-33.15873],[-71.64196,-33.16734],[-71.60269,-33.16915],[-71.61739,-33.15581],[-71.6362,-33.15169],[-71.64923,-33.13662],[-71.67625,-33.12133],[-71.70064,-33.11996],[-71.70826,-33.13609]]]},"properties":{"COD_SHAC":"SHAC-05-21-199","SHAC":"Curauma","REGION":"Valparaiso","NOM_ACUIF":"Cuencas Costeras V Sur","COD_BNA_SH":"0092","COD_REG":"5"}},
{"type":"Feature","geometry":{"type":"Polygon","coordinates":[[[-71.41361,-32.55198],[-71.43294,-32.54724],[-71.44786,-32.56198],[-71.4561,-32.57846],[-71.44091,-32.59193],[-71.43582,-32.60307],[-71.42171,-32.60608],[-71.40465,-32.58382],[-71.41361,-32.55198]]]},"properties":{"COD_SHAC":"SHAC-05-02-180","SHAC":"Estero Cachagua","REGION":"Valparaiso","NOM_ACUIF":"Cuencas Costeras V Norte","COD_BNA_SH":"0075","COD_REG":"5"}},
{"type":"Feature","geometry":{"type":"Polygon","coordinates":[[[-71.4428,-33.35239],[-71.46627,-33.33099],[-71.48067,-33.33642],[-71.48775,-33.3299],[-71.51969,-33.32304],[-71.53106,-33.29983],[-71.54509,-33.28479],[-71.56411,-33.281],[-71.5852,-33.30834],[-71.60226,-33.32049],[-71.62596,-33.31783],[-71.63942,-33.32557],[-71.65185,-33.32577],[-71.65116,-33.3328],[-71.65427,-33.34928],[-71.64692,-33.35092],[-71.61784,-33.35608],[-71.59647,-33.36787],[-71.57259,-33.36661],[-71.55353,-33.35959],[-71.51605,-33.35543],[-71.49845,-33.36555],[-71.48629,-33.3633],[-71.45856,-33.37506],[-71.4428,-33.35239]]]},"properties":{"COD_SHAC":"SHAC-05-24-202","SHAC":"Estero El Membrillo - AR","REGION":"Valparaiso","NOM_ACUIF":"Cuencas Costeras V Sur","COD_BNA_SH":"0097","COD_REG":"5"}},
{"type":"Feature","geometry":{"type":"Polygon","coordinates":[[[-71.42202,-32.28881],[-71.40328,-32.2792],[-71.396,-32.26338],[-71.38315,-32.25306],[-71.36888,-32.20768],[-71.39214,-32.21541],[-71.40315,-32.23501],[-71.4218,-32.2396],[-71.43884,-32.25035],[-71.44817,-32.24792],[-71.46162,-32.26239],[-71.47606,-32.26502],[-71.47396,-32.28003],[-71.43196,-32.27765],[-71.42202,-32.28881]]]},"properties":{"COD_SHAC":"SHAC-05-04-182","SHAC":"Estero El Pangal","REGION":"Valparaiso","NOM_ACUIF":"Cuencas Costeras V Norte","COD_BNA_SH":"0068","COD_REG":"5"}},
{"type":"Feature","geometry":{"type":"Polygon","coordinates":[[[-71.54798,-32.98023],[-71.55121,-33.0054],[-71.52059,-33.00595],[-71.51516,-32.99827],[-71.52972,-32.98576],[-71.54798,-32.98023]]]},"properties":{"COD_SHAC":"SHAC-05-29-207","SHAC":"Estero Las Salinas Sur","REGION":"Valparaiso","NOM_ACUIF":"Cuencas Costeras V Sur","COD_BNA_SH":"0086","COD_REG":"5"}},
{"type":"Feature","geometry":{"type":"Polygon","coordinates":[[[-71.44157,-33.20579],[-71.4759,-33.20446],[-71.49051,-33.20871],[-71.49824,-33.20293],[-71.51429,-33.20934],[-71.53655,-33.21118],[-71.55003,-33.19471],[-71.57067,-33.18555],[-71.58218,-33.18906],[-71.5967,-33.17587],[-71.62555,-33.21237],[-71.65093,-33.22547],[-71.64844,-33.23594],[-71.65635,-33.24649],[-71.65925,-33.26212],[-71.67033,-33.27852],[-71.65491,-33.29617],[-71.6131,-33.2961],[-71.59033,-33.28626],[-71.58198,-33.27749],[-71.56411,-33.281],[-71.54509,-33.28479],[-71.53275,-33.27042],[-71.50895,-33.27838],[-71.49475,-33.26773],[-71.47301,-33.26413],[-71.46125,-33.25442],[-71.46307,-33.23709],[-71.45345,-33.22873],[-71.44157,-33.20579]]]},"properties":{"COD_SHAC":"SHAC-05-42-220","SHAC":"Estero Casablanca Desembocadura","REGION":"Valparaiso","NOM_ACUIF":"Estero Casablanca","COD_BNA_SH":"0095","COD_REG":"5"}},
{"type":"Feature","geometry":{"type":"Polygon","coordinates":[[[-73.22633,-42.29688],[-73.22799,-42.29112],[-73.23365,-42.29068],[-73.22633,-42.29688]]]},"properties":{"COD_SHAC":"SHAC-10-90","SHAC":"Isla Quetén","REGION":"Los Lagos","NOM_ACUIF":"islas X","COD_BNA_SH":"1071","COD_REG":"10"}},
{"type":"Feature","geometry":{"type":"Polygon","coordinates":[[[-73.21775,-42.30497],[-73.22274,-42.31662],[-73.20762,-42.32772],[-73.19501,-42.31966],[-73.21775,-42.30497]]]},"properties":{"COD_SHAC":"SHAC-10-91","SHAC":"Isla Taucolon","REGION":"Los Lagos","NOM_ACUIF":"islas X","COD_BNA_SH":"1079","COD_REG":"10"}},
{"type":"Feature","geometry":{"type":"Polygon","coordinates":[[[-73.244,-42.3254],[-73.24612,-42.3248],[-73.25071,-42.32783],[-73.24416,-42.3287],[-73.244,-42.3254]]]},"properties":{"COD_SHAC":"SHAC-10-92","SHAC":"Isla 3","REGION":"Los Lagos","NOM_ACUIF":"islas X","COD_BNA_SH":"1016","COD_REG":"10"}},
{"type":"Feature","geometry":{"type":"Polygon","coordinates":[[[-73.23897,-42.32231],[-73.25229,-42.31986],[-73.25056,-42.3236],[-73.23897,-42.32231]]]},"properties":{"COD_SHAC":"SHAC-10-93","SHAC":"Isla Quilque","REGION":"Los Lagos","NOM_ACUIF":"islas X","COD_BNA_SH":"1074","COD_REG":"10"}},
{"type":"Feature","geometry":{"type":"Polygon","coordinates":[[[-73.22995,-42.31961],[-73.23402,-42.3161],[-73.23838,-42.31725],[-73.23389,-42.31982],[-73.22995,-42.31961]]]},"properties":{"COD_SHAC":"SHAC-10-94","SHAC":"Isla 2","REGION":"Los Lagos","NOM_ACUIF":"islas X","COD_BNA_SH":"1014","COD_REG":"10"}},
{"type":"Feature","geometry":{"type":"Polygon","coordinates":[[[-70.15478,-30.34756],[-70.18105,-30.3115],[-70.19418,-30.30604],[-70.19196,-30.28944],[-70.20984,-30.26465],[-70.20443,-30.23974],[-70.22779,-30.21318],[-70.22457,-30.20242],[-70.25412,-30.19228],[-70.2696,-30.19331],[-70.27485,-30.17818],[-70.26767,-30.16262],[-70.27656,-30.14828],[-70.29062,-30.13948],[-70.29855,-30.11595],[-70.3196,-30.11284],[-70.31084,-30.09151],[-70.31164,-30.06912],[-70.30638,-30.05723],[-70.29056,-30.04007],[-70.30386,-30.03512],[-70.30705,-30.02634],[-70.32784,-30.02794],[-70.33766,-30.02103],[-70.34356,-29.98464],[-70.34171,-29.96919],[-70.35151,-29.96456],[-70.36246,-29.98228],[-70.37305,-29.98387],[-70.39956,-29.9724],[-70.41082,-29.98391],[-70.42724,-29.98339],[-70.43471,-29.96776],[-70.45754,-29.96516],[-70.47636,-29.98549],[-70.48639,-29.98883],[-70.50926,-29.98355],[-70.52604,-29.97587],[-70.55465,-29.97619],[-70.55574,-30.0115],[-70.56453,-30.01876],[-70.56692,-30.03847],[-70.55811,-30.06212],[-70.54888,-30.06992],[-70.548,-30.08858],[-70.5639,-30.11365],[-70.56245,-30.14135],[-70.55453,-30.14901],[-70.55513,-30.16799],[-70.55039,-30.18283],[-70.57658,-30.19442],[-70.57414,-30.2083],[-70.56541,-30.21005],[-70.55776,-30.22734],[-70.53728,-30.25719],[-70.54345,-30.28043],[-70.53858,-30.29791],[-70.52708,-30.31414],[-70.52592,-30.32911],[-70.51177,-30.33243],[-70.49107,-30.35237],[-70.4838,-30.36506],[-70.49341,-30.38048],[-70.48583,-30.39489],[-70.47348,-30.39973],[-70.44981,-30.39438],[-70.43296,-30.42665],[-70.41756,-30.42647],[-70.39873,-30.45091],[-70.38625,-30.44766],[-70.37718,-30.43699],[-70.35891,-30.43093],[-70.36073,-30.41905],[-70.34019,-30.40632],[-70.314,-30.41478],[-70.28495,-30.44308],[-70.28413,-30.45633],[-70.29306,-30.46655],[-70.27323,-30.47208],[-70.26674,-30.48171],[-70.24493,-30.48885],[-70.20739,-30.48651],[-70.19517,-30.49185],[-70.15023,-30.46399],[-70.13502,-30.45851],[-70.11846,-30.43321],[-70.12538,-30.40794],[-70.14111,-30.385],[-70.14465,-30.37134],[-70.15583,-30.36104],[-70.15478,-30.34756]]]},"properties":{"COD_SHAC":"SHAC-04-59-151","SHAC":"Claro","REGION":"Coquimbo","NOM_ACUIF":"Rio Elqui","COD_BNA_SH":"0479","COD_REG":"4"}},
{"type":"Feature","geometry":{"type":"Polygon","coordinates":[[[-70.47417,-29.36044],[-70.50908,-29.35722],[-70.52201,-29.36316],[-70.54589,-29.4017],[-70.54349,-29.42114],[-70.52949,-29.43706],[-70.52679,-29.45385],[-70.53086,-29.46326],[-70.52448,-29.49578],[-70.53395,-29.50534],[-70.53265,-29.5224],[-70.54845,-29.54321],[-70.55447,-29.56089],[-70.54314,-29.57106],[-70.55256,-29.58162],[-70.5507,-29.59432],[-70.55759,-29.60484],[-70.57359,-29.61131],[-70.57979,-29.62019],[-70.57357,-29.63638],[-70.57821,-29.65043],[-70.58888,-29.66126],[-70.57665,-29.67087],[-70.57302,-29.69626],[-70.59941,-29.71054],[-70.59858,-29.72537],[-70.58954,-29.73684],[-70.59631,-29.77818],[-70.61501,-29.79017],[-70.61642,-29.80347],[-70.62811,-29.80759],[-70.62055,-29.82707],[-70.6274,-29.83961],[-70.6227,-29.8514],[-70.61859,-29.88133],[-70.62689,-29.8922],[-70.62407,-29.92116],[-70.59929,-29.93279],[-70.58708,-29.95059],[-70.56323,-29.95213],[-70.55721,-29.95763],[-70.55465,-29.97619],[-70.52604,-29.97587],[-70.50926,-29.98355],[-70.48639,-29.98883],[-70.47636,-29.98549],[-70.45754,-29.96516],[-70.43471,-29.96776],[-70.42724,-29.98339],[-70.41082,-29.98391],[-70.39956,-29.9724],[-70.37305,-29.98387],[-70.36246,-29.98228],[-70.35151,-29.96456],[-70.34171,-29.96919],[-70.34356,-29.98464],[-70.33766,-30.02103],[-70.32784,-30.02794],[-70.30705,-30.02634],[-70.30386,-30.03512],[-70.29056,-30.04007],[-70.30638,-30.05723],[-70.31164,-30.06912],[-70.31084,-30.09151],[-70.3196,-30.11284],[-70.29855,-30.11595],[-70.29062,-30.13948],[-70.27656,-30.14828],[-70.26767,-30.16262],[-70.27485,-30.17818],[-70.2696,-30.19331],[-70.25412,-30.19228],[-70.22457,-30.20242],[-70.22779,-30.21318],[-70.20443,-30.23974],[-70.20984,-30.26465],[-70.19196,-30.28944],[-70.19418,-30.30604],[-70.18105,-30.3115],[-70.15478,-30.34756],[-70.14415,-30.34023],[-70.10512,-30.35277],[-70.10369,-30.3663],[-70.07996,-30.37443],[-70.07342,-30.38965],[-70.06256,-30.3946],[-70.05093,-30.38851],[-70.01963,-30.39701],[-69.99439,-30.37898],[-69.95573,-30.38552],[-69.94588,-30.37814],[-69.93538,-30.35868],[-69.91819,-30.35015],[-69.89881,-30.35504],[-69.90748,-30.32065],[-69.89871,-30.30032],[-69.90288,-30.28768],[-69.88638,-30.27284],[-69.87943,-30.25638],[-69.8872,-30.24676],[-69.88651,-30.22167],[-69.86715,-30.21102],[-69.85257,-30.21868],[-69.83288,-30.21554],[-69.82857,-30.19769],[-69.81964,-30.18658],[-69.82887,-30.16262],[-69.80977,-30.15707],[-69.81793,-30.13037],[-69.83113,-30.12536],[-69.84779,-30.13024],[-69.86504,-30.1134],[-69.90584,-30.10647],[-69.92129,-30.11657],[-69.93807,-30.12],[-69.94533,-30.09336],[-69.96328,-30.0891],[-69.96183,-30.06883],[-69.94814,-30.06326],[-69.94158,-30.05207],[-69.92253,-30.03697],[-69.9155,-30.02464],[-69.92627,-30.00691],[-69.92054,-29.98501],[-69.90954,-29.97712],[-69.89884,-29.9584],[-69.90803,-29.92739],[-69.88823,-29.90472],[-69.89655,-29.87876],[-69.87745,-29.86107],[-69.89369,-29.85282],[-69.90005,-29.84372],[-69.89638,-29.82375],[-69.89988,-29.81083],[-69.91358,-29.80678],[-69.91239,-29.79149],[-69.90414,-29.78782],[-69.89309,-29.76559],[-69.89684,-29.75721],[-69.88778,-29.74041],[-69.9041,-29.73629],[-69.91601,-29.72768],[-69.93831,-29.72617],[-69.9434,-29.73494],[-69.97328,-29.73501],[-69.98561,-29.75054],[-69.99397,-29.75241],[-70.01588,-29.74379],[-70.03237,-29.74259],[-70.04919,-29.73393],[-70.06836,-29.73857],[-70.08022,-29.7349],[-70.10311,-29.7418],[-70.11873,-29.73673],[-70.13373,-29.71977],[-70.14484,-29.71602],[-70.15225,-29.70363],[-70.17144,-29.70303],[-70.19202,-29.69447],[-70.20368,-29.70267],[-70.21532,-29.70113],[-70.23314,-29.70914],[-70.25941,-29.70402],[-70.27453,-29.68604],[-70.27236,-29.67703],[-70.28055,-29.65873],[-70.30639,-29.63528],[-70.32618,-29.63183],[-70.33795,-29.60003],[-70.36631,-29.58241],[-70.38267,-29.58031],[-70.38249,-29.56684],[-70.40072,-29.55763],[-70.41866,-29.54046],[-70.42319,-29.53031],[-70.41949,-29.51137],[-70.42694,-29.49432],[-70.44438,-29.48804],[-70.45071,-29.47837],[-70.45004,-29.45467],[-70.43604,-29.43699],[-70.45103,-29.39772],[-70.44157,-29.38837],[-70.45768,-29.38225],[-70.46543,-29.36347],[-70.47417,-29.36044]]]},"properties":{"COD_SHAC":"SHAC-04-65-157","SHAC":"Turbio","REGION":"Coquimbo","NOM_ACUIF":"Rio Elqui","COD_BNA_SH":"0480","COD_REG":"4"}},
{"type":"Feature","geometry":{"type":"Polygon","coordinates":[[[-67.75869,-23.87368],[-67.75427,-23.88966],[-67.75919,-23.91064],[-67.73254,-23.9322],[-67.74004,-23.94986],[-67.7485,-23.95743],[-67.75165,-23.98841],[-67.75757,-24.00142],[-67.77895,-24.02215],[-67.79483,-24.02747],[-67.81663,-24.02573],[-67.83731,-24.04445],[-67.83723,-24.05847],[-67.82869,-24.0714],[-67.84445,-24.08245],[-67.84542,-24.10684],[-67.83066,-24.13535],[-67.80832,-24.15378],[-67.81715,-24.16561],[-67.80151,-24.16798],[-67.78045,-24.1881],[-67.76246,-24.19298],[-67.74693,-24.20207],[-67.46063,-24.08941],[-67.46815,-24.08084],[-67.49603,-24.07665],[-67.50894,-24.05148],[-67.5112,-24.03226],[-67.49809,-24.03899],[-67.48641,-24.03763],[-67.48015,-24.02533],[-67.45212,-24.01393],[-67.44384,-24.01614],[-67.42989,-24.00489],[-67.42855,-23.99055],[-67.40885,-23.99414],[-67.37685,-23.97029],[-67.37785,-23.96063],[-67.36489,-23.95393],[-67.3623,-23.93943],[-67.33946,-23.9357],[-67.33588,-23.92528],[-67.35564,-23.91872],[-67.36404,-23.90614],[-67.37321,-23.88189],[-67.36531,-23.86192],[-67.35523,-23.85994],[-67.35308,-23.84526],[-67.36006,-23.83149],[-67.37902,-23.81374],[-67.38883,-23.81357],[-67.39992,-23.77983],[-67.40754,-23.76767],[-67.3984,-23.74331],[-67.3894,-23.73095],[-67.40585,-23.71552],[-67.39134,-23.69606],[-67.39331,-23.69382],[-67.40512,-23.68746],[-67.4016,-23.65254],[-67.41507,-23.61942],[-67.41035,-23.60198],[-67.41165,-23.57481],[-67.40197,-23.57202],[-67.39788,-23.55113],[-67.39012,-23.54442],[-67.39,-23.5094],[-67.36701,-23.49586],[-67.38755,-23.48389],[-67.40058,-23.46995],[-67.41125,-23.4732],[-67.45393,-23.45087],[-67.4544,-23.44365],[-67.47299,-23.43756],[-67.47156,-23.4262],[-67.48976,-23.39698],[-67.47371,-23.37466],[-67.46861,-23.35658],[-67.4622,-23.35161],[-67.46989,-23.32953],[-67.46391,-23.32642],[-67.45948,-23.3086],[-67.4627,-23.29108],[-67.48393,-23.2799],[-67.49485,-23.27862],[-67.50569,-23.26772],[-67.51969,-23.26909],[-67.52937,-23.25849],[-67.54666,-23.2522],[-67.55195,-23.25861],[-67.55078,-23.27827],[-67.57766,-23.28784],[-67.59763,-23.29076],[-67.6031,-23.30425],[-67.5935,-23.32245],[-67.59949,-23.32893],[-67.59641,-23.34487],[-67.58671,-23.36012],[-67.56583,-23.37071],[-67.57241,-23.38486],[-67.58098,-23.38732],[-67.587,-23.40865],[-67.59958,-23.42031],[-67.61206,-23.41879],[-67.61825,-23.40812],[-67.63385,-23.40974],[-67.65066,-23.38295],[-67.6791,-23.36936],[-67.68251,-23.36337],[-67.70246,-23.36706],[-67.73139,-23.3629],[-67.741,-23.37614],[-67.73331,-23.3875],[-67.73155,-23.40494],[-67.74248,-23.42336],[-67.73971,-23.44378],[-67.7649,-23.44564],[-67.77157,-23.45521],[-67.79259,-23.461],[-67.79113,-23.47521],[-67.77575,-23.47162],[-67.76354,-23.4839],[-67.75625,-23.50431],[-67.75982,-23.51447],[-67.75926,-23.538],[-67.76481,-23.55507],[-67.74685,-23.57125],[-67.73071,-23.57583],[-67.70025,-23.57674],[-67.68062,-23.58197],[-67.66586,-23.59754],[-67.65351,-23.6014],[-67.65286,-23.61159],[-67.6336,-23.61753],[-67.62723,-23.64177],[-67.61507,-23.64934],[-67.62088,-23.66831],[-67.61564,-23.68439],[-67.61662,-23.692],[-67.59341,-23.71029],[-67.59195,-23.72566],[-67.58303,-23.73197],[-67.57052,-23.72726],[-67.5436,-23.7446],[-67.59537,-23.78164],[-67.59474,-23.80487],[-67.60326,-23.81178],[-67.64111,-23.81674],[-67.65525,-23.80784],[-67.68241,-23.80629],[-67.72775,-23.79985],[-67.74243,-23.80464],[-67.75727,-23.8175],[-67.75719,-23.81757],[-67.75609,-23.81926],[-67.7532,-23.85136],[-67.75869,-23.87368]]]},"properties":{"COD_SHAC":"SHAC-02-01-10","SHAC":"Puna de Atacama Sur","REGION":"Antofagasta","NOM_ACUIF":"Endorreicas Salar de Atacama","COD_BNA_SH":"0998","COD_REG":"2"}},
{"type":"Feature","geometry":{"type":"Polygon","coordinates":[[[-68.67298,-24.89534],[-68.68626,-24.9047],[-68.72112,-24.90258],[-68.74356,-24.89884],[-68.75869,-24.89017],[-68.85121,-24.89921],[-68.87584,-24.92212],[-68.89848,-24.93295],[-68.94699,-24.98072],[-68.98111,-24.99028],[-69.00455,-25.02042],[-69.01218,-25.02341],[-69.01611,-25.04602],[-69.03028,-25.06589],[-69.0537,-25.08467],[-69.07785,-25.08164],[-69.09318,-25.08589],[-69.08739,-25.11229],[-69.08959,-25.13418],[-69.07832,-25.17532],[-69.06329,-25.18239],[-69.05998,-25.19535],[-69.06054,-25.2203],[-69.06605,-25.23804],[-69.0641,-25.24892],[-69.05074,-25.26045],[-69.04509,-25.27378],[-69.04796,-25.30413],[-69.03568,-25.3231],[-69.02024,-25.33415],[-69.00282,-25.35775],[-69.0031,-25.37519],[-68.98895,-25.37925],[-68.97386,-25.37649],[-68.96114,-25.39015],[-68.9528,-25.38568],[-68.92054,-25.38219],[-68.91166,-25.37535],[-68.89101,-25.37762],[-68.85362,-25.38416],[-68.83682,-25.37831],[-68.8279,-25.36975],[-68.80595,-25.38683],[-68.78256,-25.38997],[-68.78262,-25.40259],[-68.76388,-25.39385],[-68.75075,-25.37937],[-68.73376,-25.38284],[-68.72535,-25.39044],[-68.69791,-25.36501],[-68.68335,-25.36908],[-68.66732,-25.34212],[-68.67059,-25.32376],[-68.65388,-25.31307],[-68.6397,-25.31573],[-68.63304,-25.30623],[-68.61117,-25.29786],[-68.58928,-25.30131],[-68.57954,-25.28701],[-68.55877,-25.30006],[-68.54486,-25.30012],[-68.52889,-25.29189],[-68.54808,-25.26409],[-68.53588,-25.2498],[-68.53604,-25.23964],[-68.52558,-25.23247],[-68.51254,-25.23509],[-68.50532,-25.22298],[-68.50921,-25.20155],[-68.52599,-25.18312],[-68.54697,-25.16638],[-68.55377,-25.16778],[-68.56692,-25.15577],[-68.572,-25.14277],[-68.59134,-25.14586],[-68.60749,-25.13799],[-68.62072,-25.13779],[-68.64365,-25.11824],[-68.65948,-25.11001],[-68.66178,-25.0959],[-68.68448,-25.08539],[-68.70748,-25.08205],[-68.72191,-25.0643],[-68.71981,-25.03583],[-68.71551,-25.0256],[-68.71883,-25.01035],[-68.73216,-24.99702],[-68.7358,-24.9787],[-68.72624,-24.95525],[-68.6834,-24.95758],[-68.66886,-24.94318],[-68.65382,-24.9411],[-68.66083,-24.92331],[-68.66756,-24.92143],[-68.67298,-24.89534]]]},"properties":{"COD_SHAC":"SHAC-02-23-32","SHAC":"Salar de Pajonales","REGION":"Antofagasta","NOM_ACUIF":"Salar de Pajonales","COD_BNA_SH":"0902","COD_REG":"2"}},
{"type":"Feature","geometry":{"type":"Polygon","coordinates":[[[-73.08286,-36.94824],[-73.08575,-36.92761],[-73.07594,-36.91633],[-73.09769,-36.88591],[-73.13866,-36.86882],[-73.15224,-36.86811],[-73.15371,-36.90372],[-73.16054,-36.93455],[-73.1443,-36.93549],[-73.12053,-36.95555],[-73.10098,-36.95728],[-73.08286,-36.94824]]]},"properties":{"COD_SHAC":"SHAC-08-01-379","SHAC":"Coronel Norte","REGION":"Biobio","NOM_ACUIF":"Coronel","COD_BNA_SH":"0908","COD_REG":"8"}},
{"type":"Feature","geometry":{"type":"Polygon","coordinates":[[[-73.08286,-36.94824],[-73.10098,-36.95728],[-73.12053,-36.95555],[-73.1443,-36.93549],[-73.16054,-36.93455],[-73.17709,-36.97822],[-73.18863,-37.00145],[-73.1787,-37.02803],[-73.16995,-37.02424],[-73.14929,-37.02771],[-73.14385,-37.05033],[-73.12741,-37.0549],[-73.11472,-37.06698],[-73.09894,-37.06479],[-73.08904,-37.05354],[-73.07618,-37.05089],[-73.06755,-37.03976],[-73.06754,-37.01417],[-73.05929,-36.99889],[-73.06938,-36.96462],[-73.08286,-36.94824]]]},"properties":{"COD_SHAC":"SHAC-08-02-380","SHAC":"Coronel Sur","REGION":"Biobio","NOM_ACUIF":"Coronel","COD_BNA_SH":"0909","COD_REG":"8"}},
{"type":"Feature","geometry":{"type":"Polygon","coordinates":[[[-71.20077,-37.65557],[-71.22418,-37.65876],[-71.24492,-37.65024],[-71.25346,-37.64181],[-71.26647,-37.60903],[-71.2762,-37.6053],[-71.28261,-37.58524],[-71.31423,-37.56695],[-71.33165,-37.54902],[-71.35134,-37.55347],[-71.35786,-37.56686],[-71.38187,-37.56511],[-71.39097,-37.57871],[-71.38468,-37.63355],[-71.40556,-37.63347],[-71.41397,-37.62724],[-71.45475,-37.63455],[-71.46228,-37.64297],[-71.47933,-37.64783],[-71.48776,-37.63914],[-71.51592,-37.65259],[-71.5162,-37.63823],[-71.53933,-37.61684],[-71.5328,-37.60159],[-71.54486,-37.5947],[-71.54839,-37.58335],[-71.56371,-37.58393],[-71.5806,-37.57132],[-71.60357,-37.57482],[-71.61877,-37.56957],[-71.64396,-37.58424],[-71.66609,-37.59159],[-71.6722,-37.59805],[-71.68796,-37.5911],[-71.70963,-37.59661],[-71.74853,-37.59376],[-71.75957,-37.60204],[-71.79984,-37.60253],[-71.82005,-37.61355],[-71.83145,-37.61133],[-71.87547,-37.61466],[-71.89109,-37.61878],[-71.91415,-37.64119],[-71.92846,-37.6483],[-71.9457,-37.64802],[-71.95363,-37.66054],[-71.98005,-37.65811],[-71.99144,-37.66282],[-71.99845,-37.68363],[-71.99893,-37.707],[-71.98586,-37.71469],[-71.98574,-37.72618],[-71.97392,-37.75369],[-71.95943,-37.76904],[-71.93899,-37.77836],[-71.94284,-37.79748],[-71.9349,-37.81666],[-71.91989,-37.83133],[-71.88072,-37.84592],[-71.84941,-37.84568],[-71.8184,-37.86169],[-71.79053,-37.8693],[-71.77743,-37.8836],[-71.76069,-37.89272],[-71.75957,-37.90732],[-71.7447,-37.91448],[-71.74704,-37.9309],[-71.69026,-37.93648],[-71.67244,-37.95478],[-71.64213,-37.9599],[-71.62672,-37.95133],[-71.62524,-37.93551],[-71.62996,-37.90256],[-71.61912,-37.88447],[-71.57346,-37.87968],[-71.55834,-37.86198],[-71.53436,-37.85608],[-71.52938,-37.84406],[-71.51226,-37.84008],[-71.51066,-37.83162],[-71.47476,-37.8243],[-71.45613,-37.82552],[-71.44154,-37.81474],[-71.4231,-37.82196],[-71.40389,-37.84991],[-71.39288,-37.8561],[-71.35226,-37.85153],[-71.32988,-37.86103],[-71.31663,-37.89166],[-71.29501,-37.89446],[-71.28203,-37.88945],[-71.2772,-37.87142],[-71.26341,-37.86779],[-71.23926,-37.85368],[-71.2091,-37.86106],[-71.1645,-37.85483],[-71.15675,-37.84036],[-71.14,-37.83703],[-71.12684,-37.82536],[-71.1478,-37.81105],[-71.15986,-37.78987],[-71.1706,-37.78143],[-71.15618,-37.75877],[-71.18241,-37.73769],[-71.18884,-37.71372],[-71.20802,-37.70238],[-71.21102,-37.68681],[-71.20058,-37.6707],[-71.20077,-37.65557]]]},"properties":{"COD_SHAC":"SHAC-08-12-390","SHAC":"Biobio Superior","REGION":"Biobio","NOM_ACUIF":"Rio Biobio","COD_BNA_SH":"0912","COD_REG":"8"}},
{"type":"Feature","geometry":{"type":"Polygon","coordinates":[[[-72.59683,-36.09197],[-72.60148,-36.06995],[-72.62841,-36.05508],[-72.65508,-36.04962],[-72.65575,-36.02891],[-72.67419,-36.0261],[-72.67572,-36.03747],[-72.68752,-36.04557],[-72.70764,-36.04231],[-72.72738,-36.02159],[-72.75861,-36.01015],[-72.77596,-36.00987],[-72.78117,-36.01676],[-72.7788,-36.04148],[-72.78724,-36.0535],[-72.7957,-36.07741],[-72.81021,-36.08188],[-72.81401,-36.09408],[-72.80383,-36.1416],[-72.80852,-36.16711],[-72.82353,-36.196],[-72.81431,-36.23259],[-72.80895,-36.27503],[-72.81429,-36.29137],[-72.83048,-36.32381],[-72.83805,-36.33046],[-72.8477,-36.35338],[-72.85586,-36.35959],[-72.83827,-36.3648],[-72.82596,-36.36254],[-72.78189,-36.36766],[-72.75893,-36.37611],[-72.73427,-36.37271],[-72.7234,-36.34932],[-72.71157,-36.34778],[-72.67324,-36.33325],[-72.65703,-36.31802],[-72.62361,-36.30201],[-72.62689,-36.28639],[-72.61911,-36.268],[-72.63887,-36.25416],[-72.63464,-36.23564],[-72.6491,-36.20119],[-72.66081,-36.19487],[-72.65633,-36.17806],[-72.68647,-36.17005],[-72.69076,-36.16169],[-72.67904,-36.14324],[-72.6403,-36.13671],[-72.62237,-36.12831],[-72.5914,-36.10271],[-72.59683,-36.09197]]]},"properties":{"COD_SHAC":"SHAC-16-02-373","SHAC":"Cobquecura","REGION":"Nuble","NOM_ACUIF":"Costeras VIII Norte","COD_BNA_SH":"0949","COD_REG":"16"}},
{"type":"Feature","geometry":{"type":"Polygon","coordinates":[[[-73.13624,-46.15022],[-73.14868,-46.15018],[-73.19162,-46.17166],[-73.23529,-46.18351],[-73.23128,-46.20288],[-73.27321,-46.22824],[-73.28331,-46.22139],[-73.29961,-46.22284],[-73.31084,-46.2522],[-73.3255,-46.25011],[-73.33289,-46.23421],[-73.3542,-46.22623],[-73.37877,-46.22948],[-73.40296,-46.26007],[-73.41147,-46.26432],[-73.42152,-46.28345],[-73.45086,-46.28366],[-73.46604,-46.28945],[-73.46737,-46.3034],[-73.48469,-46.3067],[-73.49573,-46.32628],[-73.5253,-46.32489],[-73.52693,-46.34602],[-73.51873,-46.35673],[-73.50473,-46.36034],[-73.51301,-46.3749],[-73.53397,-46.37572],[-73.56411,-46.41863],[-73.59117,-46.42051],[-73.59711,-46.44211],[-73.58147,-46.4554],[-73.55687,-46.46299],[-73.56078,-46.48611],[-73.52651,-46.50595],[-73.49564,-46.49142],[-73.48864,-46.48316],[-73.44903,-46.48908],[-73.4186,-46.51123],[-73.42786,-46.5201],[-73.42822,-46.5435],[-73.40321,-46.55904],[-73.38299,-46.55766],[-73.37105,-46.57952],[-73.34133,-46.59645],[-73.31941,-46.59946],[-73.31534,-46.61965],[-73.30424,-46.62484],[-73.2704,-46.63046],[-73.24911,-46.62457],[-73.24176,-46.63666],[-73.22234,-46.63457],[-73.21457,-46.62216],[-73.17009,-46.60619],[-73.1541,-46.62191],[-73.13946,-46.61833],[-73.13162,-46.59562],[-73.11582,-46.59388],[-73.1003,-46.57574],[-73.07875,-46.56894],[-73.07305,-46.56078],[-73.02954,-46.56002],[-73.0204,-46.56883],[-72.98594,-46.56784],[-72.96758,-46.57232],[-72.94909,-46.58299],[-72.94976,-46.59342],[-72.92589,-46.62535],[-72.88701,-46.64018],[-72.87946,-46.66274],[-72.84395,-46.66374],[-72.83552,-46.67836],[-72.8107,-46.66914],[-72.78968,-46.66643],[-72.79922,-46.64914],[-72.81365,-46.63842],[-72.81338,-46.61215],[-72.79068,-46.57771],[-72.7915,-46.56036],[-72.83571,-46.54712],[-72.86375,-46.53437],[-72.86038,-46.52241],[-72.893,-46.51225],[-72.91928,-46.51674],[-72.94662,-46.51343],[-73.00231,-46.4887],[-72.98213,-46.46848],[-72.99506,-46.45081],[-72.98341,-46.44269],[-72.98144,-46.42798],[-72.97011,-46.42219],[-72.9648,-46.39586],[-72.98085,-46.38281],[-72.971,-46.36242],[-72.99583,-46.34977],[-73.0291,-46.34388],[-73.01162,-46.32027],[-73.03069,-46.30804],[-73.04788,-46.28187],[-73.07149,-46.27094],[-73.07032,-46.24743],[-73.09527,-46.23278],[-73.10242,-46.21571],[-73.08832,-46.20566],[-73.08417,-46.19227],[-73.08886,-46.17627],[-73.11047,-46.16665],[-73.13624,-46.15022]]]},"properties":{"COD_SHAC":"SHAC-11-1224","SHAC":"Río Norte","REGION":"Aysén del G. Carlos Ibánez del Campo","NOM_ACUIF":"Río Exploradores","COD_BNA_SH":"1224","COD_REG":"11"}},
{"type":"Feature","geometry":{"type":"Polygon","coordinates":[[[-72.12259,-46.04015],[-72.13246,-46.04007],[-72.15246,-46.02803],[-72.17023,-46.04168],[-72.18539,-46.03853],[-72.19921,-46.04605],[-72.23287,-46.10201],[-72.22099,-46.11742],[-72.21699,-46.14247],[-72.22675,-46.1469],[-72.23178,-46.15836],[-72.29907,-46.17641],[-72.30444,-46.19107],[-72.29477,-46.19456],[-72.28684,-46.21297],[-72.27211,-46.22411],[-72.24927,-46.20444],[-72.22693,-46.21067],[-72.21114,-46.20525],[-72.16799,-46.21571],[-72.15106,-46.21216],[-72.14925,-46.22469],[-72.10472,-46.23668],[-72.09335,-46.25347],[-72.0781,-46.23006],[-72.02776,-46.24369],[-72.02646,-46.25193],[-71.99987,-46.25719],[-72.01716,-46.27541],[-72.04333,-46.2703],[-72.0476,-46.28017],[-72.0452,-46.32212],[-72.01751,-46.3351],[-72.0018,-46.32208],[-71.98743,-46.33146],[-71.9695,-46.32991],[-71.96328,-46.31058],[-71.94785,-46.31077],[-71.93592,-46.29641],[-71.93285,-46.26306],[-71.94233,-46.25988],[-71.95082,-46.23275],[-71.93391,-46.22674],[-71.9372,-46.20821],[-71.92953,-46.18083],[-71.91307,-46.17579],[-71.9007,-46.164],[-71.90945,-46.15953],[-71.91499,-46.14015],[-71.91557,-46.12969],[-71.93577,-46.13089],[-71.9559,-46.12387],[-71.97069,-46.12825],[-71.98454,-46.11366],[-71.9837,-46.09478],[-72.00673,-46.09323],[-72.01937,-46.08201],[-72.03277,-46.08227],[-72.04803,-46.06594],[-72.07137,-46.04854],[-72.11167,-46.05599],[-72.12425,-46.0521],[-72.12259,-46.04015]]]},"properties":{"COD_SHAC":"SHAC-11-1202","SHAC":"Río Ibañez Bajo","REGION":"Aysén del G. Carlos Ibánez del Campo","NOM_ACUIF":"Rio Baker","COD_BNA_SH":"1202","COD_REG":"11"}},
{"type":"Feature","geometry":{"type":"Polygon","coordinates":[[[-72.53215,-46.44078],[-72.58709,-46.42669],[-72.59308,-46.44017],[-72.60796,-46.44464],[-72.61527,-46.45669],[-72.63634,-46.47656],[-72.63544,-46.49511],[-72.6533,-46.4966],[-72.65433,-46.50732],[-72.64667,-46.53193],[-72.63374,-46.53684],[-72.61788,-46.55364],[-72.61854,-46.56655],[-72.61035,-46.58568],[-72.59753,-46.59273],[-72.5742,-46.59398],[-72.55723,-46.60414],[-72.5523,-46.61619],[-72.52592,-46.62163],[-72.49201,-46.62402],[-72.46536,-46.61952],[-72.42734,-46.60799],[-72.42131,-46.59333],[-72.40299,-46.57785],[-72.39051,-46.55993],[-72.37543,-46.54964],[-72.3629,-46.54929],[-72.31658,-46.53441],[-72.29631,-46.54156],[-72.26663,-46.53321],[-72.25571,-46.52096],[-72.23536,-46.51813],[-72.21852,-46.50685],[-72.19585,-46.50596],[-72.18402,-46.5249],[-72.18237,-46.4983],[-72.20425,-46.49583],[-72.21827,-46.5001],[-72.22784,-46.49118],[-72.30529,-46.47849],[-72.32557,-46.48906],[-72.33975,-46.48234],[-72.37138,-46.5014],[-72.38146,-46.49987],[-72.39984,-46.47756],[-72.41844,-46.47962],[-72.44621,-46.50028],[-72.45774,-46.50105],[-72.48083,-46.48552],[-72.47793,-46.46125],[-72.51821,-46.46115],[-72.52099,-46.44498],[-72.53215,-46.44078]]]},"properties":{"COD_SHAC":"SHAC-11-1210","SHAC":"Río Muller","REGION":"Aysén del G. Carlos Ibánez del Campo","NOM_ACUIF":"Rio Baker","COD_BNA_SH":"1210","COD_REG":"11"}},
{"type":"Feature","geometry":{"type":"Polygon","coordinates":[[[-73.26411,-42.3189],[-73.27198,-42.33228],[-73.24794,-42.34034],[-73.22568,-42.3369],[-73.23138,-42.32483],[-73.24211,-42.33047],[-73.25155,-42.32976],[-73.26411,-42.3189]]]},"properties":{"COD_SHAC":"SHAC-10-95","SHAC":"Isla AÑihue","REGION":"Los Lagos","NOM_ACUIF":"islas X","COD_BNA_SH":"1023","COD_REG":"10"}},
{"type":"Feature","geometry":{"type":"Polygon","coordinates":[[[-73.10465,-42.37545],[-73.13855,-42.37881],[-73.12435,-42.39685],[-73.10144,-42.38152],[-73.10465,-42.37545]]]},"properties":{"COD_SHAC":"SHAC-10-96","SHAC":"Isla Tac","REGION":"Los Lagos","NOM_ACUIF":"islas X","COD_BNA_SH":"1078","COD_REG":"10"}},
{"type":"Feature","geometry":{"type":"Polygon","coordinates":[[[-71.28787,-33.91034],[-71.29023,-33.89502],[-71.30069,-33.88191],[-71.30277,-33.86164],[-71.32758,-33.86412],[-71.35182,-33.87125],[-71.34821,-33.8944],[-71.37407,-33.89408],[-71.38855,-33.89885],[-71.39318,-33.90598],[-71.41736,-33.91613],[-71.43552,-33.91888],[-71.44757,-33.92565],[-71.42868,-33.94732],[-71.40131,-33.95439],[-71.38278,-33.97001],[-71.35416,-33.96601],[-71.32363,-33.94124],[-71.31121,-33.93712],[-71.29712,-33.91102],[-71.28787,-33.91034]]]},"properties":{"COD_SHAC":"SHAC-13-14-260","SHAC":"Las Diucas","REGION":"Metropolitana de Santiago","NOM_ACUIF":"Estero Yali","COD_BNA_SH":"0187","COD_REG":"13"}},
{"type":"Feature","geometry":{"type":"Polygon","coordinates":[[[-71.38855,-33.89885],[-71.39902,-33.89039],[-71.42545,-33.88869],[-71.44294,-33.86459],[-71.44984,-33.86054],[-71.46062,-33.86748],[-71.47684,-33.86236],[-71.49006,-33.86997],[-71.48874,-33.905],[-71.46248,-33.91822],[-71.43552,-33.91888],[-71.41736,-33.91613],[-71.39318,-33.90598],[-71.38855,-33.89885]]]},"properties":{"COD_SHAC":"SHAC-13-15-261","SHAC":"San Pedro","REGION":"Metropolitana de Santiago","NOM_ACUIF":"Estero Yali","COD_BNA_SH":"0188","COD_REG":"13"}},
{"type":"Feature","geometry":{"type":"Polygon","coordinates":[[[-71.20788,-33.95951],[-71.23832,-33.93813],[-71.25864,-33.92716],[-71.27182,-33.91144],[-71.28787,-33.91034],[-71.29712,-33.91102],[-71.31121,-33.93712],[-71.32363,-33.94124],[-71.35416,-33.96601],[-71.38278,-33.97001],[-71.39593,-33.97637],[-71.39134,-33.99055],[-71.37289,-34.00254],[-71.33225,-34.00505],[-71.32182,-34.0155],[-71.29461,-34.02683],[-71.27519,-34.017],[-71.2348,-34.01373],[-71.20707,-33.98713],[-71.21465,-33.9741],[-71.20788,-33.95951]]]},"properties":{"COD_SHAC":"SHAC-13-17-263","SHAC":"Yali Alto","REGION":"Metropolitana de Santiago","NOM_ACUIF":"Estero Yali","COD_BNA_SH":"0189","COD_REG":"13"}},
{"type":"Feature","geometry":{"type":"Polygon","coordinates":[[[-70.83285,-33.9516],[-70.84551,-33.9236],[-70.84339,-33.90243],[-70.84826,-33.87492],[-70.85645,-33.85839],[-70.8756,-33.84678],[-70.90437,-33.81454],[-70.91657,-33.81177],[-70.92223,-33.80142],[-70.96441,-33.79403],[-70.98057,-33.79847],[-70.98654,-33.81597],[-70.98818,-33.83678],[-70.98041,-33.84154],[-70.97289,-33.90831],[-70.96548,-33.91788],[-70.95557,-33.94426],[-70.96559,-33.96734],[-70.93295,-33.97698],[-70.90611,-33.97838],[-70.89552,-33.98827],[-70.85529,-33.96979],[-70.84141,-33.95467],[-70.83285,-33.9516]]]},"properties":{"COD_SHAC":"SHAC-13-29-275","SHAC":"Laguna de Aculeo","REGION":"Metropolitana de Santiago","NOM_ACUIF":"Rio Maipo","COD_BNA_SH":"1108","COD_REG":"13"}},
{"type":"Feature","geometry":{"type":"Polygon","coordinates":[[[-71.33264,-33.57788],[-71.36259,-33.57879],[-71.37365,-33.59179],[-71.38352,-33.59194],[-71.41402,-33.60827],[-71.47782,-33.5775],[-71.49099,-33.57495],[-71.50204,-33.58182],[-71.51659,-33.57149],[-71.54337,-33.56516],[-71.55665,-33.56939],[-71.56745,-33.56006],[-71.57997,-33.5839],[-71.59468,-33.5948],[-71.59807,-33.62496],[-71.5833,-33.63004],[-71.55755,-33.62421],[-71.55388,-33.61371],[-71.52381,-33.6077],[-71.49975,-33.61454],[-71.48397,-33.61182],[-71.45337,-33.62511],[-71.43573,-33.62869],[-71.41852,-33.65617],[-71.40002,-33.66261],[-71.39535,-33.64167],[-71.38387,-33.62444],[-71.35944,-33.62294],[-71.33933,-33.61013],[-71.32896,-33.58236],[-71.33264,-33.57788]]]},"properties":{"COD_SHAC":"SHAC-05-27-205","SHAC":"Estero El Sauce","REGION":"Valparaiso","NOM_ACUIF":"Cuencas Costeras V Sur","COD_BNA_SH":"0546","COD_REG":"5"}},
{"type":"Feature","geometry":{"type":"Polygon","coordinates":[[[-71.28926,-32.191],[-71.30932,-32.19092],[-71.33807,-32.20228],[-71.36079,-32.19787],[-71.36888,-32.20768],[-71.38315,-32.25306],[-71.396,-32.26338],[-71.40328,-32.2792],[-71.42202,-32.28881],[-71.42416,-32.29994],[-71.43867,-32.30623],[-71.43507,-32.31975],[-71.46479,-32.33118],[-71.46092,-32.34645],[-71.44953,-32.34581],[-71.43739,-32.35746],[-71.4233,-32.35184],[-71.40662,-32.36149],[-71.39233,-32.35966],[-71.36587,-32.35753],[-71.35895,-32.34773],[-71.3725,-32.33648],[-71.35142,-32.33238],[-71.33623,-32.31652],[-71.33316,-32.30666],[-71.315,-32.30102],[-71.30913,-32.28973],[-71.29175,-32.27375],[-71.29613,-32.26343],[-71.28554,-32.23195],[-71.28902,-32.21827],[-71.28223,-32.19738],[-71.28926,-32.191]]]},"properties":{"COD_SHAC":"SHAC-05-05-183","SHAC":"Estero Guaquen","REGION":"Valparaiso","NOM_ACUIF":"Cuencas Costeras V Norte","COD_BNA_SH":"0070","COD_REG":"5"}},
{"type":"Feature","geometry":{"type":"Polygon","coordinates":[[[-71.44642,-32.17012],[-71.46478,-32.1665],[-71.47862,-32.15458],[-71.4922,-32.15839],[-71.50144,-32.1783],[-71.51205,-32.23933],[-71.49853,-32.23974],[-71.46566,-32.22777],[-71.45472,-32.23181],[-71.44817,-32.24792],[-71.43884,-32.25035],[-71.4218,-32.2396],[-71.40315,-32.23501],[-71.39214,-32.21541],[-71.36888,-32.20768],[-71.36079,-32.19787],[-71.37101,-32.19928],[-71.38857,-32.18862],[-71.41693,-32.18612],[-71.43443,-32.1807],[-71.44642,-32.17012]]]},"properties":{"COD_SHAC":"SHAC-05-07-185","SHAC":"Estero Los Molles","REGION":"Valparaiso","NOM_ACUIF":"Cuencas Costeras V Norte","COD_BNA_SH":"0066","COD_REG":"5"}},
{"type":"Feature","geometry":{"type":"Polygon","coordinates":[[[-71.33237,-32.72712],[-71.34745,-32.70121],[-71.40139,-32.66337],[-71.42029,-32.67042],[-71.42838,-32.67872],[-71.43673,-32.70134],[-71.46465,-32.72323],[-71.48174,-32.72256],[-71.49373,-32.72826],[-71.49723,-32.74312],[-71.48472,-32.75229],[-71.48875,-32.76725],[-71.46501,-32.78734],[-71.45124,-32.7925],[-71.40797,-32.76703],[-71.37812,-32.75214],[-71.35859,-32.73433],[-71.33237,-32.72712]]]},"properties":{"COD_SHAC":"SHAC-05-11-189","SHAC":"Estero Puchuncavi","REGION":"Valparaiso","NOM_ACUIF":"Cuencas Costeras V Norte","COD_BNA_SH":"0080","COD_REG":"5"}},
{"type":"Feature","geometry":{"type":"Polygon","coordinates":[[[-71.33408,-29.95895],[-71.3352,-29.93505],[-71.34479,-29.93468],[-71.3582,-29.95067],[-71.35592,-29.96681],[-71.3479,-29.95204],[-71.33564,-29.95944],[-71.33408,-29.95895]]]},"properties":{"COD_SHAC":"SHAC-04-10-102","SHAC":"La Pampilla","REGION":"Coquimbo","NOM_ACUIF":"Cuencas Costeras IV Norte","COD_BNA_SH":"0562","COD_REG":"4"}},
{"type":"Feature","geometry":{"type":"Polygon","coordinates":[[[-71.55116,-30.85623],[-71.57666,-30.8413],[-71.59252,-30.83786],[-71.61995,-30.84092],[-71.62556,-30.83331],[-71.64568,-30.84781],[-71.67586,-30.87704],[-71.68178,-30.8776],[-71.67979,-30.89349],[-71.64488,-30.89421],[-71.62578,-30.88354],[-71.60546,-30.8853],[-71.59195,-30.89476],[-71.56321,-30.88635],[-71.5536,-30.88964],[-71.53341,-30.88143],[-71.53372,-30.86443],[-71.55116,-30.85623]]]},"properties":{"COD_SHAC":"SHAC-04-31-123","SHAC":"Punta Talquilla","REGION":"Coquimbo","NOM_ACUIF":"Cuencas Costeras IV Sur","COD_BNA_SH":"0587","COD_REG":"4"}},
{"type":"Feature","geometry":{"type":"Polygon","coordinates":[[[-71.46734,-31.80026],[-71.46189,-31.77622],[-71.49053,-31.75494],[-71.51098,-31.75618],[-71.50531,-31.7701],[-71.51654,-31.80252],[-71.50809,-31.8171],[-71.48596,-31.81982],[-71.46734,-31.80026]]]},"properties":{"COD_SHAC":"SHAC-04-32-124","SHAC":"Quebrada Boca del Barco","REGION":"Coquimbo","NOM_ACUIF":"Cuencas Costeras IV Sur","COD_BNA_SH":"0575","COD_REG":"4"}},
{"type":"Feature","geometry":{"type":"Polygon","coordinates":[[[-71.33311,-30.20592],[-71.32575,-30.17112],[-71.33037,-30.16414],[-71.32415,-30.15131],[-71.33356,-30.13313],[-71.34697,-30.13297],[-71.37299,-30.12368],[-71.37615,-30.15506],[-71.38826,-30.17577],[-71.40696,-30.1907],[-71.39597,-30.202],[-71.37722,-30.2052],[-71.36267,-30.19974],[-71.34154,-30.20977],[-71.33311,-30.20592]]]},"properties":{"COD_SHAC":"SHAC-04-12-104","SHAC":"Quebrada del Pastor","REGION":"Coquimbo","NOM_ACUIF":"Cuencas Costeras IV Norte","COD_BNA_SH":"0563","COD_REG":"4"}},
{"type":"Feature","geometry":{"type":"Polygon","coordinates":[[[-71.44806,-32.05129],[-71.45999,-32.03414],[-71.48306,-32.03231],[-71.48591,-32.05106],[-71.51747,-32.08084],[-71.52846,-32.08625],[-71.53137,-32.10592],[-71.51491,-32.11405],[-71.49341,-32.10038],[-71.47021,-32.09226],[-71.46685,-32.07639],[-71.44922,-32.06283],[-71.44806,-32.05129]]]},"properties":{"COD_SHAC":"SHAC-04-33-125","SHAC":"Quebrada El Boldo","REGION":"Coquimbo","NOM_ACUIF":"Cuencas Costeras IV Sur","COD_BNA_SH":"0576","COD_REG":"4"}},
{"type":"Feature","geometry":{"type":"Polygon","coordinates":[[[-71.44324,-33.00056],[-71.45333,-33.01897],[-71.47325,-33.02016],[-71.50059,-33.01039],[-71.51516,-32.99827],[-71.52059,-33.00595],[-71.55121,-33.0054],[-71.56557,-33.02024],[-71.56336,-33.04609],[-71.55695,-33.06798],[-71.5344,-33.07531],[-71.52128,-33.09675],[-71.49957,-33.09996],[-71.47891,-33.11699],[-71.47986,-33.13983],[-71.46853,-33.15188],[-71.4447,-33.16139],[-71.43171,-33.16124],[-71.41271,-33.17117],[-71.39337,-33.17326],[-71.38324,-33.1835],[-71.36789,-33.17522],[-71.34971,-33.18977],[-71.34402,-33.20098],[-71.33184,-33.19934],[-71.30475,-33.20413],[-71.2944,-33.21599],[-71.28268,-33.21413],[-71.25908,-33.23334],[-71.22409,-33.24266],[-71.21466,-33.23766],[-71.24414,-33.21545],[-71.25953,-33.19367],[-71.25141,-33.17586],[-71.22848,-33.17917],[-71.22303,-33.1728],[-71.19771,-33.16083],[-71.21588,-33.14082],[-71.23578,-33.1437],[-71.24656,-33.13163],[-71.26774,-33.11623],[-71.27405,-33.11661],[-71.29338,-33.09751],[-71.31702,-33.08765],[-71.31401,-33.07765],[-71.33041,-33.04689],[-71.35756,-33.02948],[-71.37154,-33.02529],[-71.38325,-33.01382],[-71.40957,-33.01077],[-71.43367,-33.00055],[-71.44324,-33.00056]]]},"properties":{"COD_SHAC":"SHAC-05-32-210","SHAC":"Estero Vina del Mar","REGION":"Valparaiso","NOM_ACUIF":"Cuencas Costeras V Sur","COD_BNA_SH":"0087","COD_REG":"5"}},
{"type":"Feature","geometry":{"type":"Polygon","coordinates":[[[-69.65001,-18.41989],[-69.67079,-18.42674],[-69.69781,-18.43977],[-69.70922,-18.45801],[-69.73354,-18.46558],[-69.74976,-18.48036],[-69.78975,-18.5043],[-69.80589,-18.50617],[-69.82745,-18.49254],[-69.83786,-18.49994],[-69.86986,-18.4945],[-69.87396,-18.47988],[-69.89146,-18.48594],[-69.89543,-18.4792],[-69.91178,-18.49779],[-69.9297,-18.49812],[-69.94288,-18.50825],[-69.97387,-18.49806],[-69.99481,-18.49662],[-70.04506,-18.48175],[-70.07521,-18.47851],[-70.10144,-18.46783],[-70.11818,-18.47561],[-70.12915,-18.4719],[-70.15719,-18.47609],[-70.17815,-18.47424],[-70.20466,-18.46735],[-70.20801,-18.45067],[-70.21626,-18.44217],[-70.23371,-18.43436],[-70.25614,-18.43342],[-70.27816,-18.42226],[-70.28748,-18.40746],[-70.30197,-18.40331],[-70.31253,-18.42868],[-70.30374,-18.44709],[-70.30687,-18.46659],[-70.32086,-18.47086],[-70.3288,-18.49195],[-70.31815,-18.5064],[-70.31583,-18.52465],[-70.33155,-18.56279],[-70.33316,-18.5781],[-70.32919,-18.59098],[-70.32987,-18.60898],[-70.32369,-18.62061],[-70.33558,-18.63726],[-70.3336,-18.65453],[-70.31836,-18.65555],[-70.30065,-18.65148],[-70.27389,-18.66439],[-70.27589,-18.67325],[-70.26713,-18.70111],[-70.24412,-18.70294],[-70.20279,-18.69819],[-70.16483,-18.69843],[-70.15292,-18.70386],[-70.09923,-18.71858],[-70.06779,-18.72262],[-70.0385,-18.73233],[-70.02449,-18.74212],[-69.97519,-18.75813],[-69.9717,-18.76267],[-69.96522,-18.76789],[-69.95802,-18.76961],[-69.93904,-18.77054],[-69.92587,-18.77345],[-69.91426,-18.77317],[-69.90931,-18.76884],[-69.85231,-18.76124],[-69.84001,-18.76347],[-69.80094,-18.75611],[-69.77839,-18.74649],[-69.76906,-18.74452],[-69.7673,-18.74369],[-69.76361,-18.7427],[-69.75832,-18.74088],[-69.74898,-18.73438],[-69.73841,-18.73091],[-69.71698,-18.73501],[-69.70553,-18.72936],[-69.70237,-18.7292],[-69.70095,-18.72703],[-69.69937,-18.72653],[-69.69638,-18.72688],[-69.68531,-18.72675],[-69.67546,-18.72696],[-69.67176,-18.72546],[-69.66824,-18.7233],[-69.66243,-18.72047],[-69.66067,-18.71981],[-69.64552,-18.71098],[-69.62792,-18.70652],[-69.62441,-18.70653],[-69.60876,-18.70709],[-69.56742,-18.69583],[-69.54931,-18.6927],[-69.53737,-18.69725],[-69.53596,-18.69525],[-69.52259,-18.69227],[-69.5154,-18.69966],[-69.50487,-18.7022],[-69.50275,-18.70137],[-69.50029,-18.70054],[-69.49009,-18.69939],[-69.50248,-18.66938],[-69.51369,-18.65528],[-69.52563,-18.65106],[-69.55443,-18.64779],[-69.55912,-18.62919],[-69.59582,-18.62472],[-69.61429,-18.63186],[-69.63145,-18.62909],[-69.64651,-18.61914],[-69.64432,-18.60105],[-69.66357,-18.57928],[-69.67769,-18.57091],[-69.69289,-18.53937],[-69.68138,-18.52221],[-69.67963,-18.5041],[-69.66977,-18.49726],[-69.65744,-18.46556],[-69.64799,-18.4556],[-69.63212,-18.44813],[-69.62,-18.42511],[-69.62558,-18.41442],[-69.6393,-18.41234],[-69.65001,-18.41989]]]},"properties":{"COD_SHAC":"SHAC-15-03-3","SHAC":"Valle de Azapa","REGION":"Arica y Parinacota","NOM_ACUIF":"Rio San Jose","COD_BNA_SH":"1112","COD_REG":"15"}},
{"type":"Feature","geometry":{"type":"Polygon","coordinates":[[[-69.65001,-18.41989],[-69.64007,-18.4125],[-69.64839,-18.39728],[-69.68714,-18.40484],[-69.71126,-18.40252],[-69.72118,-18.38555],[-69.71214,-18.37572],[-69.71881,-18.35659],[-69.70696,-18.34018],[-69.71861,-18.31787],[-69.73555,-18.31556],[-69.74296,-18.30509],[-69.75805,-18.30038],[-69.76017,-18.28795],[-69.75409,-18.27151],[-69.75519,-18.26079],[-69.73073,-18.23003],[-69.73952,-18.2108],[-69.74805,-18.2044],[-69.76464,-18.22313],[-69.77932,-18.24817],[-69.81299,-18.28302],[-69.84448,-18.30595],[-69.86468,-18.31111],[-69.87848,-18.32224],[-69.87867,-18.33143],[-69.89296,-18.33868],[-69.90677,-18.33862],[-69.93242,-18.34692],[-69.95818,-18.36137],[-70.03311,-18.36063],[-70.07528,-18.37221],[-70.08482,-18.35903],[-70.12212,-18.35536],[-70.14074,-18.35912],[-70.17316,-18.37204],[-70.23114,-18.37838],[-70.25954,-18.37398],[-70.29261,-18.37494],[-70.31367,-18.38625],[-70.33284,-18.40296],[-70.31253,-18.42868],[-70.30197,-18.40331],[-70.28748,-18.40746],[-70.27816,-18.42226],[-70.25614,-18.43342],[-70.23371,-18.43436],[-70.21626,-18.44217],[-70.20801,-18.45067],[-70.20466,-18.46735],[-70.17815,-18.47424],[-70.15719,-18.47609],[-70.12915,-18.4719],[-70.11818,-18.47561],[-70.10144,-18.46783],[-70.07521,-18.47851],[-70.04506,-18.48175],[-69.99481,-18.49662],[-69.97387,-18.49806],[-69.94288,-18.50825],[-69.9297,-18.49812],[-69.91178,-18.49779],[-69.89543,-18.4792],[-69.89146,-18.48594],[-69.87396,-18.47988],[-69.86986,-18.4945],[-69.83786,-18.49994],[-69.82745,-18.49254],[-69.80589,-18.50617],[-69.78975,-18.5043],[-69.74976,-18.48036],[-69.73354,-18.46558],[-69.70922,-18.45801],[-69.69781,-18.43977],[-69.67079,-18.42674],[-69.65001,-18.41989]]]},"properties":{"COD_SHAC":"SHAC-15-02-2","SHAC":"Lluta Bajo","REGION":"Arica y Parinacota","NOM_ACUIF":"Rio lluta","COD_BNA_SH":"0501","COD_REG":"15"}},
{"type":"Feature","geometry":{"type":"Polygon","coordinates":[[[-72.27712,-47.28222],[-72.30635,-47.27731],[-72.32281,-47.28813],[-72.35148,-47.29846],[-72.37664,-47.31406],[-72.38784,-47.32679],[-72.41723,-47.32354],[-72.42125,-47.336],[-72.43606,-47.35037],[-72.47486,-47.3475],[-72.47851,-47.34085],[-72.51758,-47.35149],[-72.53767,-47.36031],[-72.54641,-47.37752],[-72.55053,-47.38412],[-72.53628,-47.39873],[-72.53375,-47.41635],[-72.54148,-47.42479],[-72.53327,-47.44433],[-72.55505,-47.45544],[-72.55587,-47.46387],[-72.59646,-47.48312],[-72.61844,-47.50598],[-72.65837,-47.5108],[-72.66233,-47.525],[-72.64053,-47.54106],[-72.63289,-47.56039],[-72.63331,-47.57587],[-72.624,-47.59032],[-72.5937,-47.60341],[-72.58088,-47.59826],[-72.56871,-47.61265],[-72.57524,-47.6266],[-72.56349,-47.6381],[-72.56121,-47.68825],[-72.5765,-47.68806],[-72.57587,-47.70055],[-72.5886,-47.70724],[-72.58871,-47.718],[-72.57491,-47.72472],[-72.57983,-47.74394],[-72.57066,-47.75811],[-72.54915,-47.76743],[-72.52897,-47.76418],[-72.52052,-47.75496],[-72.51269,-47.74033],[-72.49821,-47.75557],[-72.47291,-47.75829],[-72.46351,-47.73838],[-72.44983,-47.74221],[-72.43638,-47.73308],[-72.45566,-47.71007],[-72.41865,-47.69429],[-72.41016,-47.67744],[-72.42006,-47.66429],[-72.38124,-47.63528],[-72.35343,-47.63718],[-72.33969,-47.61556],[-72.31089,-47.59134],[-72.32551,-47.58467],[-72.32778,-47.57222],[-72.31337,-47.55779],[-72.29211,-47.51224],[-72.29509,-47.49886],[-72.30878,-47.4806],[-72.32433,-47.48104],[-72.33942,-47.46972],[-72.34208,-47.45582],[-72.29427,-47.44595],[-72.29378,-47.43692],[-72.31921,-47.43663],[-72.32946,-47.3975],[-72.34872,-47.38537],[-72.34693,-47.37113],[-72.32005,-47.36178],[-72.31667,-47.34874],[-72.30333,-47.33221],[-72.32545,-47.31802],[-72.32274,-47.30832],[-72.30551,-47.30641],[-72.2958,-47.29133],[-72.27831,-47.29348],[-72.27712,-47.28222]]]},"properties":{"COD_SHAC":"SHAC-11-1215","SHAC":"Río Tranquilo y Pedregoso","REGION":"Aysén del G. Carlos Ibánez del Campo","NOM_ACUIF":"Rio Baker","COD_BNA_SH":"1215","COD_REG":"11"}},
{"type":"Feature","geometry":{"type":"Polygon","coordinates":[[[-72.66233,-47.525],[-72.68494,-47.51635],[-72.69968,-47.50072],[-72.72462,-47.48226],[-72.7128,-47.46175],[-72.72153,-47.45602],[-72.7455,-47.45956],[-72.77462,-47.47497],[-72.80021,-47.48354],[-72.80217,-47.49081],[-72.84612,-47.49363],[-72.8772,-47.45631],[-72.89741,-47.45523],[-72.90795,-47.46637],[-72.93553,-47.46828],[-72.94699,-47.48751],[-72.93209,-47.4922],[-72.92896,-47.51355],[-72.9435,-47.53587],[-72.95733,-47.52995],[-72.9715,-47.5387],[-72.96384,-47.55194],[-72.964,-47.57033],[-72.98132,-47.58355],[-72.96859,-47.59793],[-72.92722,-47.61541],[-72.91712,-47.63251],[-72.88984,-47.6551],[-72.90186,-47.66661],[-72.90065,-47.69107],[-72.91773,-47.70985],[-72.91976,-47.73468],[-72.87533,-47.74386],[-72.83946,-47.76672],[-72.86426,-47.7736],[-72.8709,-47.7936],[-72.86762,-47.80361],[-72.81437,-47.82318],[-72.81471,-47.84162],[-72.80797,-47.85352],[-72.78802,-47.8615],[-72.7913,-47.8715],[-72.7684,-47.88449],[-72.75829,-47.89939],[-72.76583,-47.91199],[-72.75524,-47.91734],[-72.76376,-47.92988],[-72.7521,-47.93468],[-72.71369,-47.93594],[-72.69567,-47.91871],[-72.70007,-47.90491],[-72.68185,-47.89873],[-72.64466,-47.90944],[-72.65048,-47.87741],[-72.67842,-47.84423],[-72.66328,-47.84019],[-72.6471,-47.85042],[-72.6333,-47.84629],[-72.63637,-47.79822],[-72.62274,-47.79561],[-72.61206,-47.78428],[-72.59248,-47.78823],[-72.57039,-47.77921],[-72.57066,-47.75811],[-72.57983,-47.74394],[-72.57491,-47.72472],[-72.58871,-47.718],[-72.5886,-47.70724],[-72.57587,-47.70055],[-72.5765,-47.68806],[-72.56121,-47.68825],[-72.56349,-47.6381],[-72.57524,-47.6266],[-72.56871,-47.61265],[-72.58088,-47.59826],[-72.5937,-47.60341],[-72.624,-47.59032],[-72.63331,-47.57587],[-72.63289,-47.56039],[-72.64053,-47.54106],[-72.66233,-47.525]]]},"properties":{"COD_SHAC":"SHAC-11-1195","SHAC":"Río de los Ñadis","REGION":"Aysén del G. Carlos Ibánez del Campo","NOM_ACUIF":"Rio Baker","COD_BNA_SH":"1195","COD_REG":"11"}},
{"type":"Feature","geometry":{"type":"Polygon","coordinates":[[[-72.57066,-47.75811],[-72.57039,-47.77921],[-72.59248,-47.78823],[-72.61206,-47.78428],[-72.62274,-47.79561],[-72.63637,-47.79822],[-72.6333,-47.84629],[-72.6471,-47.85042],[-72.66328,-47.84019],[-72.67842,-47.84423],[-72.65048,-47.87741],[-72.64466,-47.90944],[-72.68185,-47.89873],[-72.70007,-47.90491],[-72.69567,-47.91871],[-72.71369,-47.93594],[-72.7521,-47.93468],[-72.76376,-47.92988],[-72.75524,-47.91734],[-72.76583,-47.91199],[-72.75829,-47.89939],[-72.7684,-47.88449],[-72.7913,-47.8715],[-72.78802,-47.8615],[-72.80797,-47.85352],[-72.81471,-47.84162],[-72.81437,-47.82318],[-72.86762,-47.80361],[-72.8709,-47.7936],[-72.86426,-47.7736],[-72.83946,-47.76672],[-72.87533,-47.74386],[-72.91976,-47.73468],[-72.92735,-47.7464],[-72.94857,-47.75249],[-72.94439,-47.76906],[-72.92271,-47.77757],[-72.92624,-47.79032],[-72.94814,-47.80204],[-72.9418,-47.82536],[-72.928,-47.85213],[-72.93968,-47.86075],[-72.96541,-47.85915],[-72.98353,-47.84926],[-72.99986,-47.85629],[-73.0128,-47.84794],[-73.03169,-47.85274],[-73.05008,-47.85103],[-73.07328,-47.83402],[-73.08032,-47.81985],[-73.10973,-47.83399],[-73.15491,-47.82993],[-73.19302,-47.83143],[-73.21952,-47.82369],[-73.23156,-47.83434],[-73.21289,-47.84509],[-73.21427,-47.85232],[-73.25381,-47.86212],[-73.26866,-47.86079],[-73.28278,-47.87192],[-73.28318,-47.88582],[-73.26322,-47.90192],[-73.26353,-47.91165],[-73.22735,-47.92755],[-73.20347,-47.94852],[-73.21385,-47.96145],[-73.20179,-47.97397],[-73.20809,-47.97978],[-73.23767,-47.978],[-73.23622,-47.98987],[-73.22338,-48.00322],[-73.19523,-48.02155],[-73.2084,-48.03781],[-73.21199,-48.05343],[-73.19727,-48.064],[-73.16808,-48.05542],[-73.13344,-48.03121],[-73.11576,-48.03658],[-73.11549,-48.04949],[-73.08407,-48.06101],[-73.08521,-48.07442],[-73.06956,-48.08885],[-73.04263,-48.10095],[-73.04115,-48.14304],[-73.02768,-48.17317],[-73.01723,-48.18165],[-73.02754,-48.19671],[-73.02284,-48.20779],[-72.99798,-48.21454],[-72.99422,-48.22428],[-72.97396,-48.22977],[-72.96777,-48.2492],[-72.9526,-48.25926],[-72.96137,-48.26691],[-72.95142,-48.2771],[-72.93449,-48.25684],[-72.91596,-48.25192],[-72.89952,-48.25944],[-72.86997,-48.24876],[-72.87643,-48.23243],[-72.87479,-48.20264],[-72.85694,-48.20496],[-72.84905,-48.18574],[-72.81689,-48.18689],[-72.80722,-48.17621],[-72.79499,-48.14979],[-72.77282,-48.15163],[-72.7562,-48.14375],[-72.73312,-48.14435],[-72.72152,-48.15684],[-72.69354,-48.17253],[-72.65825,-48.17636],[-72.64584,-48.17121],[-72.63918,-48.18764],[-72.61247,-48.18052],[-72.60581,-48.16655],[-72.61378,-48.15838],[-72.61225,-48.14195],[-72.62738,-48.12848],[-72.63096,-48.10866],[-72.6151,-48.10757],[-72.59151,-48.08788],[-72.59359,-48.07658],[-72.58461,-48.06103],[-72.5561,-48.05016],[-72.54011,-48.04915],[-72.52761,-48.07188],[-72.5215,-48.10133],[-72.49463,-48.10019],[-72.47521,-48.1073],[-72.42236,-48.07623],[-72.43839,-48.06709],[-72.44119,-48.04767],[-72.43258,-48.03406],[-72.42887,-48.00955],[-72.41905,-48.00118],[-72.42954,-47.97159],[-72.45577,-47.96225],[-72.49057,-47.95914],[-72.52828,-47.93636],[-72.52208,-47.9023],[-72.50136,-47.88527],[-72.49333,-47.87084],[-72.47841,-47.86945],[-72.47439,-47.84421],[-72.48412,-47.83561],[-72.47034,-47.82119],[-72.47312,-47.81279],[-72.49609,-47.79613],[-72.50249,-47.76596],[-72.52052,-47.75496],[-72.52897,-47.76418],[-72.54915,-47.76743],[-72.57066,-47.75811]]]},"properties":{"COD_SHAC":"SHAC-11-1217","SHAC":"Río Bravo","REGION":"Aysén del G. Carlos Ibánez del Campo","NOM_ACUIF":"Rio Bravo","COD_BNA_SH":"1217","COD_REG":"11"}},
{"type":"Feature","geometry":{"type":"Polygon","coordinates":[[[-72.42236,-48.07623],[-72.47521,-48.1073],[-72.49463,-48.10019],[-72.5215,-48.10133],[-72.52761,-48.07188],[-72.54011,-48.04915],[-72.5561,-48.05016],[-72.58461,-48.06103],[-72.59359,-48.07658],[-72.59151,-48.08788],[-72.6151,-48.10757],[-72.63096,-48.10866],[-72.62738,-48.12848],[-72.61225,-48.14195],[-72.61378,-48.15838],[-72.60581,-48.16655],[-72.61247,-48.18052],[-72.63918,-48.18764],[-72.64584,-48.17121],[-72.65825,-48.17636],[-72.69354,-48.17253],[-72.72152,-48.15684],[-72.73312,-48.14435],[-72.7562,-48.14375],[-72.77282,-48.15163],[-72.79499,-48.14979],[-72.80722,-48.17621],[-72.81689,-48.18689],[-72.84905,-48.18574],[-72.85694,-48.20496],[-72.87479,-48.20264],[-72.87643,-48.23243],[-72.86997,-48.24876],[-72.89952,-48.25944],[-72.91596,-48.25192],[-72.93449,-48.25684],[-72.95142,-48.2771],[-72.94293,-48.30116],[-72.9331,-48.34271],[-72.9565,-48.34513],[-72.9665,-48.37176],[-73.00237,-48.37368],[-73.03209,-48.36576],[-73.0356,-48.38407],[-73.0888,-48.38301],[-73.11882,-48.3984],[-73.10656,-48.41583],[-73.12585,-48.43773],[-73.15716,-48.46021],[-73.1488,-48.47074],[-73.14748,-48.48842],[-73.1642,-48.51276],[-73.19241,-48.52201],[-73.21247,-48.52081],[-73.2439,-48.53417],[-73.29638,-48.52606],[-73.31737,-48.51664],[-73.33451,-48.51598],[-73.32255,-48.52338],[-73.31431,-48.54561],[-73.31366,-48.56643],[-73.32685,-48.57163],[-73.32834,-48.59017],[-73.33679,-48.6053],[-73.3369,-48.62012],[-73.3212,-48.62506],[-73.32443,-48.63545],[-73.30399,-48.64944],[-73.29597,-48.66473],[-73.30397,-48.68304],[-73.29906,-48.69346],[-73.31667,-48.70267],[-73.36348,-48.69634],[-73.3896,-48.70153],[-73.4229,-48.72296],[-73.42272,-48.76238],[-73.41355,-48.77911],[-73.44387,-48.78032],[-73.49079,-48.79313],[-73.51264,-48.82329],[-73.49401,-48.82849],[-73.4891,-48.8559],[-73.49826,-48.8896],[-73.49359,-48.8988],[-73.50087,-48.91075],[-73.49472,-48.93349],[-73.48124,-48.93802],[-73.48843,-48.95336],[-73.48065,-48.96803],[-73.49103,-48.98402],[-73.47788,-48.99326],[-73.50416,-49.01947],[-73.50137,-49.04385],[-73.49469,-49.0549],[-73.47591,-49.06593],[-73.43685,-49.07983],[-73.43483,-49.09825],[-73.42048,-49.10852],[-73.40736,-49.10672],[-73.37383,-49.11947],[-73.3485,-49.1081],[-73.3176,-49.12589],[-73.31698,-49.13178],[-73.28431,-49.14912],[-73.25209,-49.17329],[-73.22756,-49.17713],[-73.22625,-49.20357],[-73.18748,-49.20068],[-73.16117,-49.2065],[-73.14004,-49.20617],[-73.14607,-49.18976],[-73.14181,-49.17997],[-73.118,-49.16804],[-73.11075,-49.15191],[-73.08231,-49.1452],[-73.08193,-49.13299],[-73.0614,-49.12628],[-73.06311,-49.11391],[-73.04567,-49.08105],[-73.03018,-49.06775],[-73.00453,-49.06346],[-73.01124,-49.04293],[-73.00628,-49.02955],[-72.98135,-49.02957],[-72.98879,-49.01851],[-72.99024,-48.99187],[-72.96782,-48.9863],[-72.95205,-48.9674],[-72.94537,-48.94504],[-72.91967,-48.93591],[-72.89625,-48.94659],[-72.84835,-48.95113],[-72.83944,-48.95662],[-72.79478,-48.96431],[-72.76685,-48.946],[-72.75773,-48.91903],[-72.74432,-48.90607],[-72.71036,-48.90402],[-72.69669,-48.89671],[-72.68842,-48.86478],[-72.63957,-48.86616],[-72.5993,-48.83408],[-72.56562,-48.8233],[-72.5308,-48.79672],[-72.52841,-48.77983],[-72.54202,-48.74094],[-72.53681,-48.71282],[-72.54172,-48.63146],[-72.54866,-48.60802],[-72.56296,-48.58399],[-72.55866,-48.56426],[-72.56797,-48.52468],[-72.57665,-48.51474],[-72.58608,-48.4874],[-72.56545,-48.4834],[-72.53401,-48.48326],[-72.52817,-48.49801],[-72.50471,-48.51511],[-72.44334,-48.51325],[-72.42659,-48.4946],[-72.41545,-48.49507],[-72.39408,-48.48242],[-72.39327,-48.47138],[-72.37424,-48.44887],[-72.40964,-48.43288],[-72.40508,-48.41427],[-72.378,-48.39814],[-72.35834,-48.3978],[-72.34583,-48.38457],[-72.37633,-48.37139],[-72.38128,-48.35088],[-72.34411,-48.34479],[-72.32293,-48.35619],[-72.30105,-48.35521],[-72.28409,-48.34629],[-72.30829,-48.30799],[-72.29608,-48.29826],[-72.31342,-48.2808],[-72.321,-48.25502],[-72.30768,-48.2475],[-72.32579,-48.21546],[-72.3112,-48.19779],[-72.31216,-48.17334],[-72.30585,-48.14023],[-72.32317,-48.13214],[-72.32446,-48.11881],[-72.34711,-48.10479],[-72.35809,-48.10377],[-72.3683,-48.0754],[-72.38329,-48.07231],[-72.42236,-48.07623]]]},"properties":{"COD_SHAC":"SHAC-11-1233","SHAC":"Lago O'Higgins","REGION":"Aysén del G. Carlos Ibánez del Campo","NOM_ACUIF":"Río Pascua","COD_BNA_SH":"1233","COD_REG":"11"}},
{"type":"Feature","geometry":{"type":"Polygon","coordinates":[[[-72.71172,-46.0768],[-72.73622,-46.08352],[-72.7749,-46.09913],[-72.78488,-46.10847],[-72.8092,-46.11744],[-72.80874,-46.1225],[-72.77794,-46.12691],[-72.76375,-46.13485],[-72.77992,-46.14212],[-72.77932,-46.15266],[-72.75988,-46.16339],[-72.74042,-46.19626],[-72.69802,-46.21102],[-72.68775,-46.20117],[-72.67028,-46.20022],[-72.65078,-46.20928],[-72.63665,-46.19949],[-72.61907,-46.2007],[-72.56993,-46.1637],[-72.55949,-46.14829],[-72.55246,-46.13757],[-72.56073,-46.12984],[-72.53908,-46.11275],[-72.54566,-46.10536],[-72.58396,-46.10485],[-72.59428,-46.11181],[-72.6269,-46.10807],[-72.64477,-46.11014],[-72.65467,-46.09253],[-72.66754,-46.0931],[-72.71172,-46.0768]]]},"properties":{"COD_SHAC":"SHAC-11-1190","SHAC":"Rio Cajon","REGION":"Aysén del G. Carlos Ibánez del Campo","NOM_ACUIF":"Rio Baker","COD_BNA_SH":"1190","COD_REG":"11"}},
{"type":"Feature","geometry":{"type":"Polygon","coordinates":[[[-72.71172,-46.0768],[-72.71161,-46.04677],[-72.75198,-46.0305],[-72.78896,-46.02447],[-72.78834,-46.0375],[-72.80777,-46.03947],[-72.82261,-46.02995],[-72.82741,-46.01787],[-72.88399,-46.02346],[-72.90966,-46.01133],[-72.93153,-46.01731],[-72.94081,-46.01316],[-72.96295,-46.03132],[-72.95912,-46.04431],[-72.9423,-46.05715],[-72.93763,-46.06935],[-72.90884,-46.07541],[-72.90061,-46.08529],[-72.87416,-46.08578],[-72.85166,-46.09267],[-72.82784,-46.09069],[-72.8092,-46.11744],[-72.78488,-46.10847],[-72.7749,-46.09913],[-72.73622,-46.08352],[-72.71172,-46.0768]]]},"properties":{"COD_SHAC":"SHAC-11-1199","SHAC":"Rio El Chiflon","REGION":"Aysén del G. Carlos Ibánez del Campo","NOM_ACUIF":"Rio Baker","COD_BNA_SH":"1199","COD_REG":"11"}},
{"type":"Feature","geometry":{"type":"Polygon","coordinates":[[[-72.57139,-45.9239],[-72.58897,-45.92261],[-72.60236,-45.93371],[-72.63921,-45.9443],[-72.66605,-45.94142],[-72.67998,-45.92852],[-72.70189,-45.92339],[-72.72006,-45.9278],[-72.76046,-45.9195],[-72.77339,-45.92095],[-72.77749,-45.93883],[-72.7911,-45.94073],[-72.80793,-45.93216],[-72.80798,-45.92309],[-72.83607,-45.92462],[-72.86868,-45.92243],[-72.90613,-45.90693],[-72.90619,-45.9399],[-72.91616,-45.94987],[-72.94461,-45.9607],[-72.96501,-45.96328],[-72.9702,-45.97789],[-72.94962,-45.99387],[-72.95492,-46.00796],[-72.94081,-46.01316],[-72.93153,-46.01731],[-72.90966,-46.01133],[-72.88399,-46.02346],[-72.82741,-46.01787],[-72.82261,-46.02995],[-72.80777,-46.03947],[-72.78834,-46.0375],[-72.78896,-46.02447],[-72.75198,-46.0305],[-72.71161,-46.04677],[-72.71172,-46.0768],[-72.66754,-46.0931],[-72.65467,-46.09253],[-72.64477,-46.11014],[-72.6269,-46.10807],[-72.59428,-46.11181],[-72.58396,-46.10485],[-72.54566,-46.10536],[-72.53908,-46.11275],[-72.56073,-46.12984],[-72.55246,-46.13757],[-72.55949,-46.14829],[-72.52654,-46.15042],[-72.50491,-46.16583],[-72.49085,-46.15337],[-72.47053,-46.14974],[-72.45408,-46.1622],[-72.43272,-46.14843],[-72.41158,-46.15236],[-72.43716,-46.13239],[-72.43604,-46.11451],[-72.46065,-46.10139],[-72.49351,-46.09404],[-72.50275,-46.06823],[-72.52785,-46.04558],[-72.54194,-46.04546],[-72.57223,-46.02024],[-72.55657,-46.0062],[-72.53997,-45.99981],[-72.53062,-45.98463],[-72.52947,-45.96758],[-72.54675,-45.95937],[-72.55145,-45.94797],[-72.56913,-45.94067],[-72.55839,-45.93266],[-72.57139,-45.9239]]]},"properties":{"COD_SHAC":"SHAC-11-1201","SHAC":"Río Ibañez Alto","REGION":"Aysén del G. Carlos Ibánez del Campo","NOM_ACUIF":"Rio Baker","COD_BNA_SH":"1201","COD_REG":"11"}},
{"type":"Feature","geometry":{"type":"Polygon","coordinates":[[[-72.49292,-45.97483],[-72.52947,-45.96758],[-72.53062,-45.98463],[-72.53997,-45.99981],[-72.55657,-46.0062],[-72.57223,-46.02024],[-72.54194,-46.04546],[-72.52785,-46.04558],[-72.50275,-46.06823],[-72.49351,-46.09404],[-72.46065,-46.10139],[-72.43604,-46.11451],[-72.43716,-46.13239],[-72.41158,-46.15236],[-72.38442,-46.15776],[-72.37056,-46.16561],[-72.33389,-46.15136],[-72.30865,-46.1455],[-72.26466,-46.15268],[-72.22675,-46.1469],[-72.21699,-46.14247],[-72.22099,-46.11742],[-72.23287,-46.10201],[-72.19921,-46.04605],[-72.24902,-46.04146],[-72.30954,-46.05896],[-72.31308,-46.04891],[-72.29963,-46.03804],[-72.30192,-46.02975],[-72.32584,-46.01965],[-72.3339,-46.02838],[-72.35633,-46.01719],[-72.38252,-46.03055],[-72.40053,-46.0575],[-72.40862,-46.04618],[-72.42507,-46.04097],[-72.45192,-46.06149],[-72.47588,-46.05488],[-72.47512,-46.04196],[-72.48612,-46.02775],[-72.4755,-46.01363],[-72.48723,-45.9989],[-72.48165,-45.98837],[-72.49292,-45.97483]]]},"properties":{"COD_SHAC":"SHAC-11-1203","SHAC":"Río Ibañez Medio","REGION":"Aysén del G. Carlos Ibánez del Campo","NOM_ACUIF":"Rio Baker","COD_BNA_SH":"1203","COD_REG":"11"}},
{"type":"Feature","geometry":{"type":"Polygon","coordinates":[[[-71.42791,-31.90455],[-71.4422,-31.89432],[-71.49783,-31.90135],[-71.51545,-31.90841],[-71.52108,-31.92342],[-71.51573,-31.93718],[-71.52671,-31.95044],[-71.50314,-31.94021],[-71.47172,-31.94063],[-71.46607,-31.94831],[-71.44281,-31.94551],[-71.43571,-31.95899],[-71.42563,-31.94852],[-71.41559,-31.9348],[-71.41723,-31.91455],[-71.42791,-31.90455]]]},"properties":{"COD_SHAC":"SHAC-04-25-117","SHAC":"Los Vilos","REGION":"Coquimbo","NOM_ACUIF":"Cuencas Costeras IV Sur","COD_BNA_SH":"0574","COD_REG":"4"}},
{"type":"Feature","geometry":{"type":"Polygon","coordinates":[[[-71.2695,-29.671],[-71.27469,-29.65579],[-71.28618,-29.64715],[-71.29629,-29.62426],[-71.31341,-29.65087],[-71.30746,-29.65314],[-71.28748,-29.6928],[-71.27611,-29.6915],[-71.2695,-29.671]]]},"properties":{"COD_SHAC":"SHAC-04-11-103","SHAC":"Molle","REGION":"Coquimbo","NOM_ACUIF":"Cuencas Costeras IV Norte","COD_BNA_SH":"0601","COD_REG":"4"}},
{"type":"Feature","geometry":{"type":"Polygon","coordinates":[[[-71.64551,-31.01041],[-71.66369,-31.03337],[-71.66389,-31.06787],[-71.65331,-31.08315],[-71.6532,-31.1046],[-71.61918,-31.10649],[-71.59851,-31.09536],[-71.5884,-31.10199],[-71.57559,-31.10076],[-71.57935,-31.07799],[-71.573,-31.06065],[-71.55753,-31.05661],[-71.56059,-31.04901],[-71.61253,-31.05929],[-71.63021,-31.02956],[-71.63549,-31.01211],[-71.64551,-31.01041]]]},"properties":{"COD_SHAC":"SHAC-04-26-118","SHAC":"Monte Redondo","REGION":"Coquimbo","NOM_ACUIF":"Cuencas Costeras IV Sur","COD_BNA_SH":"0583","COD_REG":"4"}},
{"type":"Feature","geometry":{"type":"Polygon","coordinates":[[[-71.54222,-32.17693],[-71.50144,-32.1783],[-71.4922,-32.15839],[-71.47862,-32.15458],[-71.4748,-32.1368],[-71.49807,-32.12253],[-71.51359,-32.12451],[-71.51694,-32.13187],[-71.53494,-32.14223],[-71.52807,-32.1543],[-71.53068,-32.16781],[-71.54222,-32.17693]]]},"properties":{"COD_SHAC":"SHAC-04-27-119","SHAC":"Pichidangui","REGION":"Coquimbo","NOM_ACUIF":"Cuencas Costeras IV Sur","COD_BNA_SH":"0604","COD_REG":"4"}},
{"type":"Feature","geometry":{"type":"Polygon","coordinates":[[[-71.59195,-30.89476],[-71.60546,-30.8853],[-71.62578,-30.88354],[-71.64488,-30.89421],[-71.67979,-30.89349],[-71.68358,-30.91373],[-71.67259,-30.92885],[-71.65749,-30.96396],[-71.6372,-30.94597],[-71.60718,-30.90973],[-71.5917,-30.90304],[-71.59195,-30.89476]]]},"properties":{"COD_SHAC":"SHAC-04-28-120","SHAC":"Playa Talca","REGION":"Coquimbo","NOM_ACUIF":"Cuencas Costeras IV Sur","COD_BNA_SH":"0584","COD_REG":"4"}},
{"type":"Feature","geometry":{"type":"Polygon","coordinates":[[[-71.62556,-30.83331],[-71.63938,-30.81307],[-71.65961,-30.81676],[-71.67747,-30.78671],[-71.68127,-30.76429],[-71.70437,-30.75598],[-71.70794,-30.76431],[-71.70629,-30.79047],[-71.69554,-30.82132],[-71.69614,-30.8364],[-71.68199,-30.86828],[-71.68178,-30.8776],[-71.67586,-30.87704],[-71.64568,-30.84781],[-71.62556,-30.83331]]]},"properties":{"COD_SHAC":"SHAC-04-30-122","SHAC":"Punta Negra - Caleta Balseadera","REGION":"Coquimbo","NOM_ACUIF":"Cuencas Costeras IV Sur","COD_BNA_SH":"0586","COD_REG":"4"}},
{"type":"Feature","geometry":{"type":"Polygon","coordinates":[[[-71.4705,-31.15778],[-71.47125,-31.12448],[-71.4888,-31.10796],[-71.48598,-31.0915],[-71.50264,-31.06902],[-71.50362,-31.06108],[-71.5298,-31.06448],[-71.54667,-31.05595],[-71.55753,-31.05661],[-71.573,-31.06065],[-71.57935,-31.07799],[-71.57559,-31.10076],[-71.5884,-31.10199],[-71.59851,-31.09536],[-71.61918,-31.10649],[-71.6532,-31.1046],[-71.66049,-31.11764],[-71.64208,-31.11873],[-71.62287,-31.13162],[-71.60816,-31.13639],[-71.60687,-31.15602],[-71.59281,-31.16554],[-71.5854,-31.15624],[-71.55622,-31.15447],[-71.54013,-31.17312],[-71.50556,-31.17901],[-71.48509,-31.18934],[-71.4705,-31.15778]]]},"properties":{"COD_SHAC":"SHAC-04-38-130","SHAC":"Quebrada Hornillo","REGION":"Coquimbo","NOM_ACUIF":"Cuencas Costeras IV Sur","COD_BNA_SH":"0590","COD_REG":"4"}},
{"type":"Feature","geometry":{"type":"Polygon","coordinates":[[[-71.54013,-31.17312],[-71.55622,-31.15447],[-71.5854,-31.15624],[-71.59281,-31.16554],[-71.61126,-31.19642],[-71.64423,-31.21388],[-71.64127,-31.23845],[-71.6126,-31.23754],[-71.58538,-31.21426],[-71.56255,-31.21373],[-71.54013,-31.17312]]]},"properties":{"COD_SHAC":"SHAC-04-39-131","SHAC":"Quebrada La Higuera","REGION":"Coquimbo","NOM_ACUIF":"Cuencas Costeras IV Sur","COD_BNA_SH":"0591","COD_REG":"4"}},
{"type":"Feature","geometry":{"type":"Polygon","coordinates":[[[-71.33749,-30.05584],[-71.35744,-30.04686],[-71.3757,-30.06033],[-71.38331,-30.05946],[-71.37131,-30.0788],[-71.38615,-30.10169],[-71.37491,-30.11088],[-71.34277,-30.10284],[-71.32762,-30.10265],[-71.32723,-30.07473],[-71.32309,-30.06662],[-71.33749,-30.05584]]]},"properties":{"COD_SHAC":"SHAC-04-13-105","SHAC":"Quebrada Las Tacas","REGION":"Coquimbo","NOM_ACUIF":"Cuencas Costeras IV Norte","COD_BNA_SH":"0564","COD_REG":"4"}},
{"type":"Feature","geometry":{"type":"Polygon","coordinates":[[[-71.59281,-31.16554],[-71.60687,-31.15602],[-71.60816,-31.13639],[-71.62287,-31.13162],[-71.64208,-31.11873],[-71.66049,-31.11764],[-71.66786,-31.14461],[-71.66176,-31.16113],[-71.66612,-31.16996],[-71.65339,-31.19146],[-71.64423,-31.21388],[-71.61126,-31.19642],[-71.59281,-31.16554]]]},"properties":{"COD_SHAC":"SHAC-04-41-133","SHAC":"Quebrada Las Yeguas","REGION":"Coquimbo","NOM_ACUIF":"Cuencas Costeras IV Sur","COD_BNA_SH":"0593","COD_REG":"4"}},
{"type":"Feature","geometry":{"type":"Polygon","coordinates":[[[-71.5891,-30.75276],[-71.6179,-30.77162],[-71.64844,-30.76268],[-71.66405,-30.77249],[-71.66958,-30.74568],[-71.67963,-30.74414],[-71.69887,-30.73202],[-71.70437,-30.75598],[-71.68127,-30.76429],[-71.67747,-30.78671],[-71.65961,-30.81676],[-71.63938,-30.81307],[-71.62556,-30.83331],[-71.61995,-30.84092],[-71.59252,-30.83786],[-71.57666,-30.8413],[-71.55116,-30.85623],[-71.56359,-30.84581],[-71.55282,-30.83009],[-71.56813,-30.8142],[-71.58078,-30.7868],[-71.5891,-30.75276]]]},"properties":{"COD_SHAC":"SHAC-04-42-134","SHAC":"Quebrada Los Loros","REGION":"Coquimbo","NOM_ACUIF":"Cuencas Costeras IV Sur","COD_BNA_SH":"0594","COD_REG":"4"}},
{"type":"Feature","geometry":{"type":"Polygon","coordinates":[[[-71.52671,-31.95044],[-71.50215,-31.94926],[-71.49425,-31.9666],[-71.46607,-31.94831],[-71.47172,-31.94063],[-71.50314,-31.94021],[-71.52671,-31.95044]]]},"properties":{"COD_SHAC":"SHAC-04-44-136","SHAC":"Quebrada Purgatorio","REGION":"Coquimbo","NOM_ACUIF":"Cuencas Costeras IV Sur","COD_BNA_SH":"0579","COD_REG":"4"}},
{"type":"Feature","geometry":{"type":"Polygon","coordinates":[[[-71.37135,-32.53336],[-71.38055,-32.49096],[-71.41601,-32.4879],[-71.41899,-32.47945],[-71.43092,-32.48182],[-71.43753,-32.49911],[-71.4509,-32.50395],[-71.45903,-32.51788],[-71.45231,-32.5368],[-71.43294,-32.54724],[-71.41361,-32.55198],[-71.3875,-32.55208],[-71.37072,-32.53981],[-71.37135,-32.53336]]]},"properties":{"COD_SHAC":"SHAC-05-09-187","SHAC":"Estero Papudo","REGION":"Valparaiso","NOM_ACUIF":"Cuencas Costeras V Norte","COD_BNA_SH":"0073","COD_REG":"5"}},
{"type":"Feature","geometry":{"type":"Polygon","coordinates":[[[-71.65491,-33.29617],[-71.65185,-33.32577],[-71.63942,-33.32557],[-71.62596,-33.31783],[-71.60226,-33.32049],[-71.5852,-33.30834],[-71.56411,-33.281],[-71.58198,-33.27749],[-71.59033,-33.28626],[-71.6131,-33.2961],[-71.65491,-33.29617]]]},"properties":{"COD_SHAC":"SHAC-05-31-209","SHAC":"Estero San Jose","REGION":"Valparaiso","NOM_ACUIF":"Cuencas Costeras V Sur","COD_BNA_SH":"0096","COD_REG":"5"}},
{"type":"Feature","geometry":{"type":"Polygon","coordinates":[[[-71.29649,-32.39569],[-71.31547,-32.3956],[-71.3203,-32.40385],[-71.34186,-32.41108],[-71.37427,-32.40284],[-71.39735,-32.41106],[-71.40777,-32.40521],[-71.41527,-32.41074],[-71.41983,-32.41628],[-71.41749,-32.43554],[-71.40921,-32.45084],[-71.41974,-32.45907],[-71.41899,-32.47945],[-71.41601,-32.4879],[-71.38055,-32.49096],[-71.37135,-32.53336],[-71.36359,-32.52039],[-71.34288,-32.51096],[-71.30133,-32.49715],[-71.30433,-32.48412],[-71.31819,-32.48161],[-71.33557,-32.46243],[-71.34269,-32.4493],[-71.32148,-32.4472],[-71.3121,-32.44108],[-71.30926,-32.41822],[-71.29649,-32.39569]]]},"properties":{"COD_SHAC":"SHAC-05-56-235","SHAC":"Sector 11 - Rio La Ligua Costa","REGION":"Valparaiso","NOM_ACUIF":"Rio La Ligua","COD_BNA_SH":"0485","COD_REG":"5"}},
{"type":"Feature","geometry":{"type":"Polygon","coordinates":[[[-71.18273,-32.47481],[-71.18934,-32.48194],[-71.20976,-32.48828],[-71.22386,-32.50948],[-71.21598,-32.52225],[-71.18966,-32.54196],[-71.18844,-32.55198],[-71.16168,-32.57068],[-71.16093,-32.59047],[-71.13898,-32.61146],[-71.11996,-32.61805],[-71.08868,-32.62179],[-71.08103,-32.61691],[-71.07665,-32.59539],[-71.06945,-32.59361],[-71.04937,-32.57334],[-71.04611,-32.55668],[-71.06297,-32.54131],[-71.08571,-32.52784],[-71.12454,-32.51705],[-71.14637,-32.51728],[-71.15953,-32.5081],[-71.17899,-32.50213],[-71.18567,-32.49456],[-71.18273,-32.47481]]]},"properties":{"COD_SHAC":"SHAC-05-57-236","SHAC":"Sector 12 - Estero Patagua","REGION":"Valparaiso","NOM_ACUIF":"Rio La Ligua","COD_BNA_SH":"0486","COD_REG":"5"}},
{"type":"Feature","geometry":{"type":"Polygon","coordinates":[[[-70.75416,-32.27971],[-70.76833,-32.28505],[-70.80284,-32.27223],[-70.83201,-32.26811],[-70.84449,-32.29746],[-70.8597,-32.30199],[-70.87818,-32.31357],[-70.89648,-32.31369],[-70.91904,-32.34176],[-70.93374,-32.34169],[-70.941,-32.34696],[-70.93888,-32.36508],[-70.95605,-32.38251],[-71.00202,-32.38188],[-71.00591,-32.39102],[-71.0038,-32.41646],[-71.02151,-32.42939],[-70.99085,-32.4341],[-70.98471,-32.44887],[-70.96853,-32.45521],[-70.93838,-32.46045],[-70.92527,-32.45254],[-70.91448,-32.46117],[-70.89045,-32.48993],[-70.86336,-32.5074],[-70.85002,-32.5056],[-70.82742,-32.4781],[-70.82693,-32.46784],[-70.79417,-32.45519],[-70.77156,-32.45014],[-70.77578,-32.43028],[-70.78691,-32.41497],[-70.78907,-32.39632],[-70.80053,-32.37874],[-70.79299,-32.37419],[-70.79181,-32.35126],[-70.78691,-32.33508],[-70.77537,-32.31717],[-70.75473,-32.2933],[-70.75416,-32.27971]]]},"properties":{"COD_SHAC":"SHAC-05-59-238","SHAC":"Sector 6 - Rio La Ligua Oriente","REGION":"Valparaiso","NOM_ACUIF":"Rio La Ligua","COD_BNA_SH":"0488","COD_REG":"5"}},
{"type":"Feature","geometry":{"type":"Polygon","coordinates":[[[-71.13574,-32.43895],[-71.15222,-32.41696],[-71.16483,-32.39157],[-71.18301,-32.38171],[-71.20096,-32.38674],[-71.22719,-32.37324],[-71.23467,-32.38987],[-71.25532,-32.40024],[-71.26909,-32.39415],[-71.29151,-32.39112],[-71.29649,-32.39569],[-71.30926,-32.41822],[-71.3121,-32.44108],[-71.32148,-32.4472],[-71.34269,-32.4493],[-71.33557,-32.46243],[-71.31819,-32.48161],[-71.30433,-32.48412],[-71.30133,-32.49715],[-71.28427,-32.52145],[-71.25117,-32.53162],[-71.21824,-32.5694],[-71.20178,-32.60238],[-71.19628,-32.60491],[-71.16093,-32.59047],[-71.16168,-32.57068],[-71.18844,-32.55198],[-71.18966,-32.54196],[-71.21598,-32.52225],[-71.22386,-32.50948],[-71.20976,-32.48828],[-71.18934,-32.48194],[-71.18273,-32.47481],[-71.16112,-32.47885],[-71.14707,-32.46507],[-71.13574,-32.43895]]]},"properties":{"COD_SHAC":"SHAC-05-61-240","SHAC":"Sector 8 - Rio La Ligua Pueblo","REGION":"Valparaiso","NOM_ACUIF":"Rio La Ligua","COD_BNA_SH":"0490","COD_REG":"5"}},
{"type":"Feature","geometry":{"type":"Polygon","coordinates":[[[-70.65697,-32.46682],[-70.67828,-32.45679],[-70.6955,-32.44346],[-70.71354,-32.45189],[-70.73397,-32.44],[-70.7605,-32.43169],[-70.77578,-32.43028],[-70.77156,-32.45014],[-70.79417,-32.45519],[-70.82693,-32.46784],[-70.82742,-32.4781],[-70.85002,-32.5056],[-70.86336,-32.5074],[-70.89045,-32.48993],[-70.91448,-32.46117],[-70.92527,-32.45254],[-70.93838,-32.46045],[-70.96853,-32.45521],[-70.98471,-32.44887],[-70.99085,-32.4341],[-71.02151,-32.42939],[-71.03954,-32.43283],[-71.04685,-32.44245],[-71.03984,-32.45436],[-71.04788,-32.47299],[-71.04346,-32.49556],[-71.06297,-32.54131],[-71.04611,-32.55668],[-71.04937,-32.57334],[-71.06945,-32.59361],[-71.05525,-32.5995],[-71.06056,-32.61271],[-71.04655,-32.63418],[-71.04181,-32.62507],[-71.01797,-32.61502],[-70.97992,-32.63161],[-70.94936,-32.62994],[-70.93645,-32.62],[-70.9152,-32.62152],[-70.8944,-32.60805],[-70.88242,-32.61503],[-70.86206,-32.61558],[-70.84313,-32.62725],[-70.81979,-32.63072],[-70.81392,-32.61887],[-70.79649,-32.60426],[-70.81033,-32.58287],[-70.78591,-32.57257],[-70.77919,-32.54729],[-70.74885,-32.52762],[-70.72143,-32.52885],[-70.71837,-32.50879],[-70.69094,-32.49649],[-70.68047,-32.48736],[-70.66587,-32.48367],[-70.65697,-32.46682]]]},"properties":{"COD_SHAC":"SHAC-05-62-241","SHAC":"Sector 9 - Estero Los Angeles","REGION":"Valparaiso","NOM_ACUIF":"Rio La Ligua","COD_BNA_SH":"0491","COD_REG":"5"}},
{"type":"Feature","geometry":{"type":"Polygon","coordinates":[[[-70.88716,-32.14493],[-70.92727,-32.15492],[-70.95183,-32.17344],[-70.96343,-32.17183],[-70.99007,-32.18875],[-71.01614,-32.18926],[-71.0263,-32.20461],[-71.0327,-32.23695],[-71.0531,-32.24464],[-71.0628,-32.25825],[-71.05604,-32.27813],[-71.06245,-32.29966],[-71.07724,-32.30541],[-71.07434,-32.3231],[-71.05501,-32.32285],[-71.04593,-32.3321],[-71.02749,-32.33042],[-71.01692,-32.33491],[-71.00828,-32.32795],[-70.98445,-32.32101],[-70.96606,-32.32309],[-70.94253,-32.33992],[-70.93374,-32.34169],[-70.91904,-32.34176],[-70.89648,-32.31369],[-70.87818,-32.31357],[-70.8597,-32.30199],[-70.84449,-32.29746],[-70.83201,-32.26811],[-70.82136,-32.25779],[-70.82453,-32.24716],[-70.81328,-32.23628],[-70.81104,-32.2221],[-70.82502,-32.21842],[-70.83087,-32.20827],[-70.83983,-32.18484],[-70.83824,-32.16453],[-70.85713,-32.14937],[-70.8776,-32.15221],[-70.88716,-32.14493]]]},"properties":{"COD_SHAC":"SHAC-05-65-244","SHAC":"Sector 10 - Rio Petorca Oriente","REGION":"Valparaiso","NOM_ACUIF":"Rio Petorca","COD_BNA_SH":"0493","COD_REG":"5"}},
{"type":"Feature","geometry":{"type":"Polygon","coordinates":[[[-71.38799,-32.85631],[-71.39088,-32.85062],[-71.43601,-32.85083],[-71.44639,-32.84374],[-71.46558,-32.85352],[-71.47492,-32.88189],[-71.47154,-32.88746],[-71.4368,-32.8927],[-71.43003,-32.87964],[-71.40195,-32.86888],[-71.38799,-32.85631]]]},"properties":{"COD_SHAC":"SHAC-05-08-186","SHAC":"Estero Mantagua","REGION":"Valparaiso","NOM_ACUIF":"Cuencas Costeras V Norte","COD_BNA_SH":"0368","COD_REG":"5"}},
{"type":"Feature","geometry":{"type":"Polygon","coordinates":[[[-71.31245,-32.73257],[-71.33237,-32.72712],[-71.35859,-32.73433],[-71.37812,-32.75214],[-71.40797,-32.76703],[-71.45124,-32.7925],[-71.47464,-32.82619],[-71.47393,-32.85367],[-71.46558,-32.85352],[-71.44639,-32.84374],[-71.43601,-32.85083],[-71.39088,-32.85062],[-71.38799,-32.85631],[-71.37067,-32.86161],[-71.35586,-32.85451],[-71.3474,-32.83903],[-71.33097,-32.83635],[-71.32721,-32.81815],[-71.30552,-32.80248],[-71.29651,-32.78666],[-71.29351,-32.77096],[-71.30099,-32.75249],[-71.31469,-32.74537],[-71.31245,-32.73257]]]},"properties":{"COD_SHAC":"SHAC-05-10-188","SHAC":"Estero Pucalan","REGION":"Valparaiso","NOM_ACUIF":"Cuencas Costeras V Norte","COD_BNA_SH":"0369","COD_REG":"5"}},
{"type":"Feature","geometry":{"type":"Polygon","coordinates":[[[-71.51272,-32.95543],[-71.52091,-32.95477],[-71.54683,-32.96602],[-71.54798,-32.98023],[-71.52972,-32.98576],[-71.51516,-32.99827],[-71.50059,-33.01039],[-71.47325,-33.02016],[-71.45333,-33.01897],[-71.44324,-33.00056],[-71.4606,-32.98559],[-71.49086,-32.9742],[-71.51272,-32.95543]]]},"properties":{"COD_SHAC":"SHAC-05-39-217","SHAC":"Sector Renaca","REGION":"Valparaiso","NOM_ACUIF":"Cuencas Costeras V Sur","COD_BNA_SH":"0085","COD_REG":"5"}},
{"type":"Feature","geometry":{"type":"Polygon","coordinates":[[[-71.63393,-33.62634],[-71.6389,-33.66436],[-71.64896,-33.68902],[-71.66823,-33.71691],[-71.68512,-33.73066],[-71.66103,-33.75129],[-71.6562,-33.76008],[-71.60496,-33.76144],[-71.57472,-33.75618],[-71.564,-33.76532],[-71.5632,-33.75454],[-71.57901,-33.73536],[-71.58437,-33.71346],[-71.5989,-33.70089],[-71.60483,-33.66796],[-71.61929,-33.64675],[-71.6153,-33.63404],[-71.63393,-33.62634]]]},"properties":{"COD_SHAC":"SHAC-05-35-213","SHAC":"Rocas de Santo Domingo","REGION":"Valparaiso","NOM_ACUIF":"Cuencas Costeras V Sur","COD_BNA_SH":"0178","COD_REG":"5"}},
{"type":"Feature","geometry":{"type":"Polygon","coordinates":[[[-71.44817,-32.24792],[-71.45472,-32.23181],[-71.46566,-32.22777],[-71.49853,-32.23974],[-71.47606,-32.26502],[-71.46162,-32.26239],[-71.44817,-32.24792]]]},"properties":{"COD_SHAC":"SHAC-05-16-194","SHAC":"Rocas Playas Los Molles","REGION":"Valparaiso","NOM_ACUIF":"Cuencas Costeras V Norte","COD_BNA_SH":"0067","COD_REG":"5"}},
{"type":"Feature","geometry":{"type":"Polygon","coordinates":[[[-71.62646,-33.55205],[-71.62252,-33.58166],[-71.60171,-33.56201],[-71.62646,-33.55205]]]},"properties":{"COD_SHAC":"SHAC-05-38-216","SHAC":"Rocas Punta Panul","REGION":"Valparaiso","NOM_ACUIF":"Cuencas Costeras V Sur","COD_BNA_SH":"0103","COD_REG":"5"}},
{"type":"Feature","geometry":{"type":"Polygon","coordinates":[[[-71.62252,-33.58166],[-71.61671,-33.59401],[-71.59468,-33.5948],[-71.57997,-33.5839],[-71.56745,-33.56006],[-71.60171,-33.56201],[-71.62252,-33.58166]]]},"properties":{"COD_SHAC":"SHAC-05-40-218","SHAC":"Sector San Antonio","REGION":"Valparaiso","NOM_ACUIF":"Cuencas Costeras V Sur","COD_BNA_SH":"0104","COD_REG":"5"}},
{"type":"Feature","geometry":{"type":"Polygon","coordinates":[[[-71.1835,-34.44715],[-71.2053,-34.44295],[-71.21553,-34.43265],[-71.23182,-34.43584],[-71.23671,-34.45423],[-71.23272,-34.46582],[-71.25258,-34.48455],[-71.26109,-34.50552],[-71.25901,-34.52046],[-71.26823,-34.52465],[-71.29272,-34.55357],[-71.27276,-34.56576],[-71.26594,-34.58069],[-71.25237,-34.58357],[-71.24309,-34.57657],[-71.2225,-34.58633],[-71.21677,-34.59436],[-71.19539,-34.58763],[-71.13336,-34.58074],[-71.12668,-34.56852],[-71.10533,-34.55895],[-71.08722,-34.56043],[-71.08121,-34.55219],[-71.03077,-34.54447],[-71.01631,-34.52781],[-71.04579,-34.51518],[-71.0629,-34.49024],[-71.10875,-34.47485],[-71.12535,-34.48038],[-71.17205,-34.46026],[-71.1835,-34.44715]]]},"properties":{"COD_SHAC":"SHAC-06-52-343","SHAC":"Laguna San Vicente","REGION":"Libertador General Bernardo O'Higgins","NOM_ACUIF":"Cachapoal","COD_BNA_SH":"0422","COD_REG":"6"}},
{"type":"Feature","geometry":{"type":"Polygon","coordinates":[[[-71.0776,-34.33256],[-71.08916,-34.34138],[-71.15647,-34.35262],[-71.16148,-34.35568],[-71.16324,-34.36782],[-71.14343,-34.40419],[-71.1835,-34.44715],[-71.17205,-34.46026],[-71.12535,-34.48038],[-71.10875,-34.47485],[-71.0629,-34.49024],[-71.04579,-34.51518],[-71.01631,-34.52781],[-71.00491,-34.51233],[-70.99575,-34.51974],[-70.97326,-34.51442],[-70.95593,-34.51619],[-70.94358,-34.49745],[-70.92396,-34.49066],[-70.92114,-34.48411],[-70.88498,-34.47679],[-70.85864,-34.46434],[-70.84105,-34.44751],[-70.87554,-34.43556],[-70.89479,-34.42614],[-70.91401,-34.43564],[-70.93403,-34.43964],[-70.96352,-34.42755],[-71.00038,-34.438],[-71.02423,-34.42762],[-71.06901,-34.38819],[-71.0776,-34.33256]]]},"properties":{"COD_SHAC":"SHAC-06-56-347","SHAC":"Pelequen-Malloa-San Vicente de Tagua Tagua","REGION":"Libertador General Bernardo O'Higgins","NOM_ACUIF":"Cachapoal","COD_BNA_SH":"0426","COD_REG":"6"}},
{"type":"Feature","geometry":{"type":"Polygon","coordinates":[[[-70.65905,-34.4626],[-70.67046,-34.46094],[-70.67431,-34.44394],[-70.66473,-34.43683],[-70.67036,-34.42414],[-70.673,-34.39543],[-70.66369,-34.38426],[-70.66964,-34.37607],[-70.67066,-34.33071],[-70.68277,-34.31592],[-70.70174,-34.31334],[-70.72103,-34.30061],[-70.71528,-34.26665],[-70.70544,-34.26288],[-70.7165,-34.2421],[-70.73192,-34.24638],[-70.73946,-34.25765],[-70.75457,-34.26493],[-70.78065,-34.26142],[-70.79033,-34.26584],[-70.88164,-34.27184],[-70.89308,-34.25565],[-70.9067,-34.26017],[-70.91223,-34.27966],[-70.92834,-34.28278],[-70.9445,-34.29314],[-70.94185,-34.3092],[-70.97913,-34.3224],[-71.00814,-34.32807],[-71.01404,-34.33563],[-71.03086,-34.33222],[-71.04222,-34.32351],[-71.0776,-34.33256],[-71.06901,-34.38819],[-71.02423,-34.42762],[-71.00038,-34.438],[-70.96352,-34.42755],[-70.93403,-34.43964],[-70.91401,-34.43564],[-70.89479,-34.42614],[-70.87554,-34.43556],[-70.84105,-34.44751],[-70.8181,-34.45497],[-70.78355,-34.4907],[-70.76493,-34.5006],[-70.76115,-34.50883],[-70.74435,-34.51735],[-70.72795,-34.517],[-70.7084,-34.54903],[-70.70502,-34.55323],[-70.67388,-34.54627],[-70.65718,-34.54995],[-70.65527,-34.53854],[-70.65783,-34.50545],[-70.66363,-34.49734],[-70.65677,-34.47775],[-70.65905,-34.4626]]]},"properties":{"COD_SHAC":"SHAC-06-58-349","SHAC":"Requinoa-Rosario-Rengo-Quinta Tilcoco","REGION":"Libertador General Bernardo O'Higgins","NOM_ACUIF":"Cachapoal","COD_BNA_SH":"0428","COD_REG":"6"}},
{"type":"Feature","geometry":{"type":"Polygon","coordinates":[[[-70.45946,-34.37346],[-70.45431,-34.36013],[-70.45772,-34.3489],[-70.47665,-34.33407],[-70.49439,-34.31141],[-70.50459,-34.29198],[-70.51713,-34.29418],[-70.54206,-34.28294],[-70.58842,-34.2712],[-70.58165,-34.3061],[-70.59607,-34.32829],[-70.58618,-34.3422],[-70.58936,-34.35348],[-70.60096,-34.36167],[-70.60607,-34.38673],[-70.60051,-34.41012],[-70.60737,-34.434],[-70.61548,-34.44877],[-70.58062,-34.45628],[-70.58146,-34.46986],[-70.56819,-34.49272],[-70.55971,-34.49762],[-70.53124,-34.48935],[-70.52351,-34.47147],[-70.50006,-34.44975],[-70.49397,-34.42655],[-70.47465,-34.40246],[-70.46219,-34.39441],[-70.45946,-34.37346]]]},"properties":{"COD_SHAC":"SHAC-06-24-314","SHAC":"Rio Claro de Cauquenes","REGION":"Libertador General Bernardo O'Higgins","NOM_ACUIF":"Cuencas Altas VI","COD_BNA_SH":"0980","COD_REG":"6"}},
{"type":"Feature","geometry":{"type":"Polygon","coordinates":[[[-70.61548,-34.44877],[-70.65905,-34.4626],[-70.65677,-34.47775],[-70.66363,-34.49734],[-70.65783,-34.50545],[-70.65527,-34.53854],[-70.65718,-34.54995],[-70.64501,-34.56077],[-70.64067,-34.57604],[-70.64529,-34.59137],[-70.59149,-34.57706],[-70.56433,-34.58162],[-70.54915,-34.59607],[-70.52409,-34.60784],[-70.5137,-34.59674],[-70.49389,-34.59743],[-70.48253,-34.6076],[-70.46748,-34.58991],[-70.4691,-34.57041],[-70.487,-34.56643],[-70.48976,-34.54905],[-70.4805,-34.50595],[-70.49372,-34.49183],[-70.51387,-34.49322],[-70.53124,-34.48935],[-70.55971,-34.49762],[-70.56819,-34.49272],[-70.58146,-34.46986],[-70.58062,-34.45628],[-70.61548,-34.44877]]]},"properties":{"COD_SHAC":"SHAC-06-23-313","SHAC":"Rio Claro de Cachapoal","REGION":"Libertador General Bernardo O'Higgins","NOM_ACUIF":"Cuencas Altas VI","COD_BNA_SH":"0979","COD_REG":"6"}},
{"type":"Feature","geometry":{"type":"Polygon","coordinates":[[[-70.65718,-34.54995],[-70.67388,-34.54627],[-70.70502,-34.55323],[-70.7084,-34.54903],[-70.71854,-34.56887],[-70.73407,-34.57635],[-70.74171,-34.60421],[-70.75039,-34.61472],[-70.73274,-34.62925],[-70.73415,-34.6521],[-70.71708,-34.65188],[-70.7002,-34.64081],[-70.67191,-34.63944],[-70.65756,-34.62518],[-70.65882,-34.61853],[-70.64529,-34.59137],[-70.64067,-34.57604],[-70.64501,-34.56077],[-70.65718,-34.54995]]]},"properties":{"COD_SHAC":"SHAC-06-18-308","SHAC":"Estero Antivero","REGION":"Libertador General Bernardo O'Higgins","NOM_ACUIF":"Cuencas Altas VI","COD_BNA_SH":"0974","COD_REG":"6"}},
{"type":"Feature","geometry":{"type":"Polygon","coordinates":[[[-70.48253,-34.6076],[-70.49389,-34.59743],[-70.5137,-34.59674],[-70.52409,-34.60784],[-70.54915,-34.59607],[-70.56433,-34.58162],[-70.59149,-34.57706],[-70.64529,-34.59137],[-70.65882,-34.61853],[-70.65756,-34.62518],[-70.67191,-34.63944],[-70.7002,-34.64081],[-70.71708,-34.65188],[-70.73415,-34.6521],[-70.74358,-34.67398],[-70.75815,-34.67637],[-70.76192,-34.68558],[-70.74544,-34.69681],[-70.73248,-34.72929],[-70.71424,-34.71668],[-70.70002,-34.72695],[-70.67616,-34.71435],[-70.65629,-34.72445],[-70.63839,-34.74639],[-70.57546,-34.73286],[-70.56272,-34.71925],[-70.54183,-34.71421],[-70.53424,-34.69565],[-70.51729,-34.66634],[-70.49755,-34.65228],[-70.48253,-34.6076]]]},"properties":{"COD_SHAC":"SHAC-06-22-312","SHAC":"Rio Clarillo Alto","REGION":"Libertador General Bernardo O'Higgins","NOM_ACUIF":"Cuencas Altas VI","COD_BNA_SH":"0978","COD_REG":"6"}},
{"type":"Feature","geometry":{"type":"Polygon","coordinates":[[[-70.36011,-34.39178],[-70.36755,-34.39073],[-70.37808,-34.3676],[-70.39484,-34.34779],[-70.4077,-34.33929],[-70.42409,-34.3418],[-70.44335,-34.36931],[-70.45946,-34.37346],[-70.46219,-34.39441],[-70.47465,-34.40246],[-70.49397,-34.42655],[-70.50006,-34.44975],[-70.52351,-34.47147],[-70.53124,-34.48935],[-70.51387,-34.49322],[-70.49372,-34.49183],[-70.4805,-34.50595],[-70.48976,-34.54905],[-70.487,-34.56643],[-70.4691,-34.57041],[-70.46748,-34.58991],[-70.43573,-34.58637],[-70.41741,-34.59049],[-70.4038,-34.60278],[-70.38784,-34.60383],[-70.3748,-34.61773],[-70.38445,-34.63211],[-70.3678,-34.64531],[-70.3532,-34.6491],[-70.34675,-34.63435],[-70.3361,-34.62701],[-70.34199,-34.6166],[-70.31643,-34.60155],[-70.31379,-34.57566],[-70.31967,-34.55565],[-70.32964,-34.55002],[-70.34219,-34.52773],[-70.36104,-34.51481],[-70.3587,-34.49721],[-70.3622,-34.4825],[-70.37626,-34.46317],[-70.37278,-34.44227],[-70.36214,-34.44087],[-70.36011,-34.39178]]]},"properties":{"COD_SHAC":"SHAC-06-31-321","SHAC":"Rio Los Cipreses","REGION":"Libertador General Bernardo O'Higgins","NOM_ACUIF":"Cuencas Altas VI","COD_BNA_SH":"0987","COD_REG":"6"}},
{"type":"Feature","geometry":{"type":"Polygon","coordinates":[[[-70.3678,-34.64531],[-70.38445,-34.63211],[-70.3748,-34.61773],[-70.38784,-34.60383],[-70.4038,-34.60278],[-70.41741,-34.59049],[-70.43573,-34.58637],[-70.46748,-34.58991],[-70.48253,-34.6076],[-70.49755,-34.65228],[-70.51729,-34.66634],[-70.53424,-34.69565],[-70.52267,-34.69675],[-70.51065,-34.71427],[-70.49741,-34.7256],[-70.50334,-34.73568],[-70.50533,-34.75666],[-70.49773,-34.7628],[-70.50222,-34.77469],[-70.48827,-34.78684],[-70.48691,-34.79831],[-70.41809,-34.78644],[-70.39927,-34.77451],[-70.42396,-34.75984],[-70.44098,-34.7586],[-70.43182,-34.74022],[-70.4231,-34.73736],[-70.41609,-34.70846],[-70.40679,-34.69246],[-70.38132,-34.69182],[-70.37573,-34.66932],[-70.37644,-34.65328],[-70.3678,-34.64531]]]},"properties":{"COD_SHAC":"SHAC-06-30-320","SHAC":"Rio del Portillo","REGION":"Libertador General Bernardo O'Higgins","NOM_ACUIF":"Cuencas Altas VI","COD_BNA_SH":"0986","COD_REG":"6"}},
{"type":"Feature","geometry":{"type":"Polygon","coordinates":[[[-70.3218,-34.77282],[-70.35062,-34.77167],[-70.35289,-34.76241],[-70.3695,-34.75602],[-70.39927,-34.77451],[-70.41809,-34.78644],[-70.48691,-34.79831],[-70.48827,-34.78684],[-70.50222,-34.77469],[-70.51653,-34.78135],[-70.53589,-34.7991],[-70.54226,-34.81443],[-70.56043,-34.82541],[-70.54198,-34.83324],[-70.51997,-34.85674],[-70.50612,-34.86229],[-70.47645,-34.85403],[-70.45804,-34.8704],[-70.45629,-34.88281],[-70.44009,-34.88226],[-70.41313,-34.89135],[-70.40165,-34.89979],[-70.38584,-34.88857],[-70.3668,-34.88554],[-70.35729,-34.86383],[-70.35417,-34.83061],[-70.34402,-34.82546],[-70.35337,-34.81417],[-70.32587,-34.79511],[-70.3218,-34.77282]]]},"properties":{"COD_SHAC":"SHAC-06-19-309","SHAC":"Rio Azufre","REGION":"Libertador General Bernardo O'Higgins","NOM_ACUIF":"Cuencas Altas VI","COD_BNA_SH":"0975","COD_REG":"6"}},
{"type":"Feature","geometry":{"type":"Polygon","coordinates":[[[-71.44196,-34.10338],[-71.45798,-34.10692],[-71.47557,-34.11655],[-71.4893,-34.10838],[-71.49801,-34.12069],[-71.51567,-34.12292],[-71.5108,-34.13054],[-71.48058,-34.13789],[-71.45701,-34.14272],[-71.44161,-34.11528],[-71.44196,-34.10338]]]},"properties":{"COD_SHAC":"SHAC-06-54-345","SHAC":"Orilla Embalse Rapel Norte","REGION":"Libertador General Bernardo O'Higgins","NOM_ACUIF":"Rio Rapel","COD_BNA_SH":"0424","COD_REG":"6"}},
{"type":"Feature","geometry":{"type":"Polygon","coordinates":[[[-71.43038,-34.18983],[-71.43945,-34.19026],[-71.46673,-34.16952],[-71.48077,-34.17644],[-71.47434,-34.19068],[-71.4732,-34.21062],[-71.44565,-34.2534],[-71.43625,-34.27807],[-71.40695,-34.29326],[-71.40804,-34.30751],[-71.37965,-34.32456],[-71.37358,-34.35303],[-71.35221,-34.3573],[-71.34047,-34.36635],[-71.30205,-34.37687],[-71.29017,-34.39123],[-71.26507,-34.39485],[-71.24428,-34.42128],[-71.24441,-34.43411],[-71.23182,-34.43584],[-71.21553,-34.43265],[-71.2053,-34.44295],[-71.1835,-34.44715],[-71.14343,-34.40419],[-71.16324,-34.36782],[-71.16148,-34.35568],[-71.18082,-34.3387],[-71.17782,-34.32926],[-71.1864,-34.3186],[-71.18966,-34.30296],[-71.22337,-34.29988],[-71.23572,-34.3079],[-71.25847,-34.29202],[-71.2736,-34.29835],[-71.30702,-34.26589],[-71.31826,-34.26812],[-71.33865,-34.24823],[-71.34374,-34.22238],[-71.36155,-34.21683],[-71.37414,-34.2214],[-71.38513,-34.19964],[-71.40213,-34.20635],[-71.43038,-34.18983]]]},"properties":{"COD_SHAC":"SHAC-06-57-348","SHAC":"Peumo-Pichidegua-Las Cabras","REGION":"Libertador General Bernardo O'Higgins","NOM_ACUIF":"Cachapoal","COD_BNA_SH":"0427","COD_REG":"6"}},
{"type":"Feature","geometry":{"type":"Polygon","coordinates":[[[-71.48058,-34.13789],[-71.5108,-34.13054],[-71.51567,-34.12292],[-71.51942,-34.14884],[-71.51567,-34.16059],[-71.52336,-34.17938],[-71.55913,-34.17217],[-71.60884,-34.16992],[-71.57371,-34.19369],[-71.55766,-34.19791],[-71.55496,-34.20564],[-71.52849,-34.21108],[-71.52478,-34.2196],[-71.49751,-34.22451],[-71.48763,-34.24008],[-71.47636,-34.24243],[-71.47328,-34.25723],[-71.45035,-34.28561],[-71.43625,-34.27807],[-71.44565,-34.2534],[-71.4732,-34.21062],[-71.47434,-34.19068],[-71.48077,-34.17644],[-71.48682,-34.16226],[-71.48058,-34.13789]]]},"properties":{"COD_SHAC":"SHAC-06-55-346","SHAC":"Orilla Embalse Rapel Sur","REGION":"Libertador General Bernardo O'Higgins","NOM_ACUIF":"Rio Rapel","COD_BNA_SH":"0425","COD_REG":"6"}},
{"type":"Feature","geometry":{"type":"Polygon","coordinates":[[[-71.48077,-34.17644],[-71.46673,-34.16952],[-71.43945,-34.19026],[-71.43038,-34.18983],[-71.4199,-34.18447],[-71.41703,-34.16645],[-71.42068,-34.14113],[-71.43534,-34.14432],[-71.45701,-34.14272],[-71.48058,-34.13789],[-71.48682,-34.16226],[-71.48077,-34.17644]]]},"properties":{"COD_SHAC":"SHAC-06-47-338","SHAC":"Embalse Rapel","REGION":"Libertador General Bernardo O'Higgins","NOM_ACUIF":"Alhué","COD_BNA_SH":"0416","COD_REG":"6"}},
{"type":"Feature","geometry":{"type":"Polygon","coordinates":[[[-71.98378,-34.53888],[-71.99818,-34.53834],[-72.01973,-34.54407],[-72.01519,-34.57924],[-72.01521,-34.6101],[-71.96811,-34.60319],[-71.95547,-34.60595],[-71.94963,-34.59646],[-71.93052,-34.60256],[-71.90938,-34.61969],[-71.88026,-34.61322],[-71.87024,-34.61796],[-71.84707,-34.61657],[-71.82431,-34.62451],[-71.81709,-34.61933],[-71.82149,-34.58684],[-71.83815,-34.55894],[-71.86893,-34.57829],[-71.8804,-34.57191],[-71.90089,-34.58343],[-71.90875,-34.57566],[-71.92344,-34.57405],[-71.93271,-34.56288],[-71.94698,-34.55642],[-71.96277,-34.55709],[-71.98378,-34.53888]]]},"properties":{"COD_SHAC":"SHAC-06-06-296","SHAC":"Estero Quillay","REGION":"Libertador General Bernardo O'Higgins","NOM_ACUIF":"Costeras VI","COD_BNA_SH":"0390","COD_REG":"6"}},
{"type":"Feature","geometry":{"type":"Polygon","coordinates":[[[-71.82431,-34.62451],[-71.84707,-34.61657],[-71.87024,-34.61796],[-71.88026,-34.61322],[-71.90938,-34.61969],[-71.91009,-34.63972],[-71.94048,-34.65054],[-71.96667,-34.66729],[-71.95891,-34.67712],[-71.92748,-34.72368],[-71.91074,-34.72154],[-71.89557,-34.74595],[-71.88393,-34.75123],[-71.86384,-34.75187],[-71.8385,-34.72575],[-71.8244,-34.72014],[-71.81913,-34.7096],[-71.81872,-34.69613],[-71.80541,-34.69559],[-71.79222,-34.67757],[-71.80763,-34.65667],[-71.81493,-34.63529],[-71.82431,-34.62451]]]},"properties":{"COD_SHAC":"SHAC-06-04-294","SHAC":"Estero Paredones","REGION":"Libertador General Bernardo O'Higgins","NOM_ACUIF":"Costeras VI","COD_BNA_SH":"0289","COD_REG":"6"}},
{"type":"Feature","geometry":{"type":"Polygon","coordinates":[[[-71.76196,-34.036],[-71.76865,-34.02612],[-71.81116,-34.00229],[-71.80515,-33.97118],[-71.80939,-33.95762],[-71.82374,-33.95498],[-71.83046,-33.94226],[-71.84779,-33.92488],[-71.83517,-33.90318],[-71.84522,-33.91061],[-71.85326,-33.94092],[-71.86946,-33.95161],[-71.84473,-33.95666],[-71.83746,-33.98658],[-71.83884,-34.00722],[-71.83142,-34.01846],[-71.82771,-34.04358],[-71.81019,-34.04732],[-71.80577,-34.06321],[-71.78473,-34.06418],[-71.76909,-34.03865],[-71.76196,-34.036]]]},"properties":{"COD_SHAC":"SHAC-06-50-341","SHAC":"Estero Navidad","REGION":"Libertador General Bernardo O'Higgins","NOM_ACUIF":"Rio Rapel","COD_BNA_SH":"0420","COD_REG":"6"}},
{"type":"Feature","geometry":{"type":"Polygon","coordinates":[[[-71.50984,-34.78751],[-71.49861,-34.77386],[-71.49068,-34.77441],[-71.47708,-34.74418],[-71.46449,-34.74221],[-71.43886,-34.75342],[-71.42897,-34.75107],[-71.42397,-34.73344],[-71.40381,-34.70346],[-71.41081,-34.68223],[-71.42885,-34.66166],[-71.43363,-34.64787],[-71.4533,-34.64689],[-71.45653,-34.6212],[-71.48263,-34.60974],[-71.48275,-34.59722],[-71.50399,-34.58263],[-71.50993,-34.5677],[-71.52266,-34.55704],[-71.52951,-34.55736],[-71.54778,-34.60241],[-71.54224,-34.62176],[-71.5439,-34.63688],[-71.56671,-34.6387],[-71.58132,-34.65327],[-71.59388,-34.65473],[-71.60151,-34.67716],[-71.63224,-34.67047],[-71.64911,-34.6782],[-71.6763,-34.6704],[-71.69257,-34.67701],[-71.70064,-34.69561],[-71.71434,-34.69498],[-71.7308,-34.67796],[-71.76128,-34.68976],[-71.78263,-34.68476],[-71.79222,-34.67757],[-71.80541,-34.69559],[-71.81872,-34.69613],[-71.81913,-34.7096],[-71.81017,-34.71459],[-71.80529,-34.73303],[-71.78167,-34.76304],[-71.7641,-34.7518],[-71.73563,-34.75594],[-71.72933,-34.76924],[-71.70804,-34.76048],[-71.69659,-34.76342],[-71.67935,-34.75142],[-71.65966,-34.757],[-71.64107,-34.76739],[-71.62538,-34.768],[-71.61513,-34.7757],[-71.59342,-34.77669],[-71.5886,-34.79162],[-71.56228,-34.79076],[-71.54971,-34.80038],[-71.52775,-34.79589],[-71.50984,-34.78751]]]},"properties":{"COD_SHAC":"SHAC-06-35-325","SHAC":"Estero Lolol","REGION":"Libertador General Bernardo O'Higgins","NOM_ACUIF":"Estero Nilahue","COD_BNA_SH":"0404","COD_REG":"6"}},
{"type":"Feature","geometry":{"type":"Polygon","coordinates":[[[-71.54778,-34.60241],[-71.56412,-34.59958],[-71.58674,-34.61017],[-71.61384,-34.6038],[-71.61544,-34.59049],[-71.6325,-34.58072],[-71.63427,-34.56867],[-71.65214,-34.57675],[-71.68144,-34.57738],[-71.69412,-34.59362],[-71.72329,-34.60169],[-71.73661,-34.61549],[-71.75119,-34.61675],[-71.77708,-34.63163],[-71.79499,-34.63482],[-71.81709,-34.61933],[-71.82431,-34.62451],[-71.81493,-34.63529],[-71.80763,-34.65667],[-71.79222,-34.67757],[-71.78263,-34.68476],[-71.76128,-34.68976],[-71.7308,-34.67796],[-71.71434,-34.69498],[-71.70064,-34.69561],[-71.69257,-34.67701],[-71.6763,-34.6704],[-71.64911,-34.6782],[-71.63224,-34.67047],[-71.60151,-34.67716],[-71.59388,-34.65473],[-71.58132,-34.65327],[-71.56671,-34.6387],[-71.5439,-34.63688],[-71.54224,-34.62176],[-71.54778,-34.60241]]]},"properties":{"COD_SHAC":"SHAC-06-36-326","SHAC":"Estero Pumanque","REGION":"Libertador General Bernardo O'Higgins","NOM_ACUIF":"Estero Nilahue","COD_BNA_SH":"0405","COD_REG":"6"}},
{"type":"Feature","geometry":{"type":"Polygon","coordinates":[[[-71.7712,-34.4723],[-71.80818,-34.47073],[-71.82835,-34.47934],[-71.8532,-34.48045],[-71.87041,-34.48631],[-71.8954,-34.48108],[-71.91503,-34.48507],[-71.9259,-34.49231],[-71.93771,-34.48968],[-71.95513,-34.50585],[-71.96051,-34.51643],[-71.98026,-34.5197],[-71.98378,-34.53888],[-71.96277,-34.55709],[-71.94698,-34.55642],[-71.93271,-34.56288],[-71.92344,-34.57405],[-71.90875,-34.57566],[-71.90089,-34.58343],[-71.8804,-34.57191],[-71.86893,-34.57829],[-71.83815,-34.55894],[-71.83961,-34.53902],[-71.83509,-34.53316],[-71.78741,-34.53417],[-71.7679,-34.54438],[-71.75429,-34.53928],[-71.74746,-34.52716],[-71.75927,-34.50069],[-71.75979,-34.48442],[-71.7712,-34.4723]]]},"properties":{"COD_SHAC":"SHAC-06-39-329","SHAC":"Nilahue bajo","REGION":"Libertador General Bernardo O'Higgins","NOM_ACUIF":"Estero Nilahue","COD_BNA_SH":"0408","COD_REG":"6"}},
{"type":"Feature","geometry":{"type":"Polygon","coordinates":[[[-71.68144,-34.57738],[-71.68193,-34.56381],[-71.68971,-34.5563],[-71.71818,-34.54269],[-71.73635,-34.52636],[-71.74746,-34.52716],[-71.75429,-34.53928],[-71.7679,-34.54438],[-71.78741,-34.53417],[-71.83509,-34.53316],[-71.83961,-34.53902],[-71.83815,-34.55894],[-71.82149,-34.58684],[-71.81709,-34.61933],[-71.79499,-34.63482],[-71.77708,-34.63163],[-71.75119,-34.61675],[-71.73661,-34.61549],[-71.72329,-34.60169],[-71.69412,-34.59362],[-71.68144,-34.57738]]]},"properties":{"COD_SHAC":"SHAC-06-40-330","SHAC":"Nilahue en Santa Teresa","REGION":"Libertador General Bernardo O'Higgins","NOM_ACUIF":"Estero Nilahue","COD_BNA_SH":"0409","COD_REG":"6"}},
{"type":"Feature","geometry":{"type":"Polygon","coordinates":[[[-71.90938,-34.61969],[-71.93052,-34.60256],[-71.94963,-34.59646],[-71.95547,-34.60595],[-71.96811,-34.60319],[-72.01521,-34.6101],[-72.0304,-34.60774],[-72.04488,-34.61797],[-72.04619,-34.63937],[-72.04461,-34.66291],[-72.01598,-34.67852],[-72.00578,-34.65936],[-71.98621,-34.6598],[-71.96667,-34.66729],[-71.94048,-34.65054],[-71.91009,-34.63972],[-71.90938,-34.61969]]]},"properties":{"COD_SHAC":"SHAC-06-11-301","SHAC":"Laguna Bucalemu","REGION":"Libertador General Bernardo O'Higgins","NOM_ACUIF":"Costeras VI","COD_BNA_SH":"0395","COD_REG":"6"}},
{"type":"Feature","geometry":{"type":"Polygon","coordinates":[[[-71.8872,-33.98937],[-71.88487,-34.00431],[-71.87226,-34.02303],[-71.86764,-34.06169],[-71.86618,-34.07968],[-71.83498,-34.08353],[-71.80577,-34.06321],[-71.81019,-34.04732],[-71.82771,-34.04358],[-71.83142,-34.01846],[-71.83884,-34.00722],[-71.83746,-33.98658],[-71.8526,-33.97644],[-71.88419,-33.97906],[-71.8872,-33.98937]]]},"properties":{"COD_SHAC":"SHAC-06-05-295","SHAC":"Estero Pupuya","REGION":"Libertador General Bernardo O'Higgins","NOM_ACUIF":"Costeras VI","COD_BNA_SH":"0401","COD_REG":"6"}},
{"type":"Feature","geometry":{"type":"Polygon","coordinates":[[[-71.86847,-34.35411],[-71.87871,-34.36309],[-71.90624,-34.34555],[-71.91822,-34.35403],[-71.9342,-34.34913],[-71.95148,-34.36297],[-71.9758,-34.37312],[-71.99037,-34.38994],[-71.9684,-34.39298],[-71.95456,-34.40769],[-71.92666,-34.42776],[-71.90319,-34.43728],[-71.88177,-34.43725],[-71.87049,-34.44935],[-71.81637,-34.45687],[-71.82151,-34.43916],[-71.82661,-34.43034],[-71.84259,-34.42124],[-71.85011,-34.38663],[-71.85886,-34.37952],[-71.85764,-34.36841],[-71.86847,-34.35411]]]},"properties":{"COD_SHAC":"SHAC-06-07-297","SHAC":"Estero San Antonio","REGION":"Libertador General Bernardo O'Higgins","NOM_ACUIF":"Costeras VI","COD_BNA_SH":"0391","COD_REG":"6"}},
{"type":"Feature","geometry":{"type":"Polygon","coordinates":[[[-71.99037,-34.38994],[-71.9758,-34.37312],[-71.99027,-34.37332],[-72.00475,-34.38302],[-72.01633,-34.38059],[-72.01292,-34.38838],[-72.01688,-34.40892],[-72.01019,-34.42509],[-71.99669,-34.40872],[-71.99037,-34.38994]]]},"properties":{"COD_SHAC":"SHAC-06-14-304","SHAC":"Pichilemu","REGION":"Libertador General Bernardo O'Higgins","NOM_ACUIF":"Costeras VI","COD_BNA_SH":"0398","COD_REG":"6"}},
{"type":"Feature","geometry":{"type":"Polygon","coordinates":[[[-71.81637,-34.45687],[-71.87049,-34.44935],[-71.88177,-34.43725],[-71.90319,-34.43728],[-71.92666,-34.42776],[-71.95456,-34.40769],[-71.9684,-34.39298],[-71.99037,-34.38994],[-71.99669,-34.40872],[-72.01019,-34.42509],[-72.00454,-34.42832],[-71.98816,-34.46309],[-71.96653,-34.47033],[-71.93771,-34.48968],[-71.9259,-34.49231],[-71.91503,-34.48507],[-71.8954,-34.48108],[-71.87041,-34.48631],[-71.8532,-34.48045],[-71.82835,-34.47934],[-71.80818,-34.47073],[-71.81637,-34.45687]]]},"properties":{"COD_SHAC":"SHAC-06-17-307","SHAC":"Quebrada Honda VI","REGION":"Libertador General Bernardo O'Higgins","NOM_ACUIF":"Costeras VI","COD_BNA_SH":"0402","COD_REG":"6"}},
{"type":"Feature","geometry":{"type":"Polygon","coordinates":[[[-71.77397,-34.34803],[-71.80547,-34.34672],[-71.81067,-34.36827],[-71.80237,-34.3779],[-71.79784,-34.39478],[-71.8119,-34.4325],[-71.82151,-34.43916],[-71.81637,-34.45687],[-71.80818,-34.47073],[-71.7712,-34.4723],[-71.76548,-34.43972],[-71.74983,-34.43396],[-71.74624,-34.42276],[-71.75154,-34.38558],[-71.75671,-34.37274],[-71.77082,-34.35792],[-71.77397,-34.34803]]]},"properties":{"COD_SHAC":"SHAC-06-62-353","SHAC":"San Miguel","REGION":"Libertador General Bernardo O'Higgins","NOM_ACUIF":"Costeras VI","COD_BNA_SH":"0432","COD_REG":"6"}},
{"type":"Feature","geometry":{"type":"Polygon","coordinates":[[[-71.49143,-34.52707],[-71.50096,-34.50632],[-71.49683,-34.4927],[-71.4998,-34.43743],[-71.49277,-34.41525],[-71.4982,-34.39188],[-71.52645,-34.3697],[-71.55155,-34.36663],[-71.55079,-34.34898],[-71.5621,-34.3334],[-71.58541,-34.33148],[-71.59998,-34.32515],[-71.61906,-34.32944],[-71.63842,-34.31046],[-71.65486,-34.3113],[-71.6684,-34.3046],[-71.68897,-34.31915],[-71.72418,-34.31473],[-71.71695,-34.35954],[-71.69293,-34.37096],[-71.66777,-34.37125],[-71.649,-34.38112],[-71.6502,-34.38927],[-71.61386,-34.41442],[-71.60226,-34.43727],[-71.58799,-34.44899],[-71.5843,-34.47098],[-71.58995,-34.48463],[-71.60437,-34.49259],[-71.58375,-34.49019],[-71.56198,-34.51853],[-71.54607,-34.52384],[-71.5464,-34.53945],[-71.52951,-34.55736],[-71.52266,-34.55704],[-71.51587,-34.53878],[-71.49143,-34.52707]]]},"properties":{"COD_SHAC":"SHAC-06-42-333","SHAC":"Cadenas Marchigue","REGION":"Libertador General Bernardo O'Higgins","NOM_ACUIF":"Tinguiririca","COD_BNA_SH":"0411","COD_REG":"6"}},
{"type":"Feature","geometry":{"type":"Polygon","coordinates":[[[-71.72418,-34.31473],[-71.74481,-34.30779],[-71.75217,-34.29038],[-71.77317,-34.30572],[-71.76311,-34.31563],[-71.78076,-34.33617],[-71.77397,-34.34803],[-71.77082,-34.35792],[-71.75671,-34.37274],[-71.75154,-34.38558],[-71.74624,-34.42276],[-71.74983,-34.43396],[-71.76548,-34.43972],[-71.7712,-34.4723],[-71.75979,-34.48442],[-71.75927,-34.50069],[-71.74746,-34.52716],[-71.73635,-34.52636],[-71.73733,-34.51284],[-71.73021,-34.49181],[-71.71431,-34.48981],[-71.67116,-34.49123],[-71.63578,-34.50059],[-71.60437,-34.49259],[-71.58995,-34.48463],[-71.5843,-34.47098],[-71.58799,-34.44899],[-71.60226,-34.43727],[-71.61386,-34.41442],[-71.6502,-34.38927],[-71.649,-34.38112],[-71.66777,-34.37125],[-71.69293,-34.37096],[-71.71695,-34.35954],[-71.72418,-34.31473]]]},"properties":{"COD_SHAC":"SHAC-06-43-334","SHAC":"Cadenas Yerbas Buenas","REGION":"Libertador General Bernardo O'Higgins","NOM_ACUIF":"Tinguiririca","COD_BNA_SH":"0412","COD_REG":"6"}},
{"type":"Feature","geometry":{"type":"Polygon","coordinates":[[[-71.52951,-34.55736],[-71.5464,-34.53945],[-71.54607,-34.52384],[-71.56198,-34.51853],[-71.58375,-34.49019],[-71.60437,-34.49259],[-71.63578,-34.50059],[-71.67116,-34.49123],[-71.71431,-34.48981],[-71.73021,-34.49181],[-71.73733,-34.51284],[-71.73635,-34.52636],[-71.71818,-34.54269],[-71.68971,-34.5563],[-71.68193,-34.56381],[-71.68144,-34.57738],[-71.65214,-34.57675],[-71.63427,-34.56867],[-71.6325,-34.58072],[-71.61544,-34.59049],[-71.61384,-34.6038],[-71.58674,-34.61017],[-71.56412,-34.59958],[-71.54778,-34.60241],[-71.52951,-34.55736]]]},"properties":{"COD_SHAC":"SHAC-06-46-337","SHAC":"El Monte - Tinguiririca","REGION":"Libertador General Bernardo O'Higgins","NOM_ACUIF":"Tinguiririca","COD_BNA_SH":"0904","COD_REG":"6"}},
{"type":"Feature","geometry":{"type":"Polygon","coordinates":[[[-71.65072,-34.13471],[-71.67057,-34.13507],[-71.70212,-34.15884],[-71.68865,-34.18218],[-71.69207,-34.19474],[-71.68143,-34.20435],[-71.68102,-34.21636],[-71.73286,-34.24729],[-71.74008,-34.26447],[-71.75086,-34.27103],[-71.75217,-34.29038],[-71.74481,-34.30779],[-71.72418,-34.31473],[-71.68897,-34.31915],[-71.6684,-34.3046],[-71.65486,-34.3113],[-71.63842,-34.31046],[-71.61906,-34.32944],[-71.59998,-34.32515],[-71.58541,-34.33148],[-71.5621,-34.3334],[-71.55079,-34.34898],[-71.55155,-34.36663],[-71.52645,-34.3697],[-71.4982,-34.39188],[-71.49277,-34.41525],[-71.4998,-34.43743],[-71.49683,-34.4927],[-71.50096,-34.50632],[-71.49143,-34.52707],[-71.4663,-34.5408],[-71.4463,-34.55637],[-71.43653,-34.55374],[-71.4105,-34.57489],[-71.34486,-34.57025],[-71.33037,-34.57574],[-71.31937,-34.59004],[-71.30191,-34.58498],[-71.26594,-34.58069],[-71.27276,-34.56576],[-71.29272,-34.55357],[-71.26823,-34.52465],[-71.25901,-34.52046],[-71.26109,-34.50552],[-71.25258,-34.48455],[-71.23272,-34.46582],[-71.23671,-34.45423],[-71.23182,-34.43584],[-71.24441,-34.43411],[-71.24428,-34.42128],[-71.26507,-34.39485],[-71.29017,-34.39123],[-71.30205,-34.37687],[-71.34047,-34.36635],[-71.35221,-34.3573],[-71.37358,-34.35303],[-71.37965,-34.32456],[-71.40804,-34.30751],[-71.40695,-34.29326],[-71.43625,-34.27807],[-71.45035,-34.28561],[-71.47328,-34.25723],[-71.47636,-34.24243],[-71.48763,-34.24008],[-71.49751,-34.22451],[-71.52478,-34.2196],[-71.52849,-34.21108],[-71.55496,-34.20564],[-71.55766,-34.19791],[-71.57371,-34.19369],[-71.60884,-34.16992],[-71.62722,-34.16613],[-71.6339,-34.14517],[-71.65072,-34.13471]]]},"properties":{"COD_SHAC":"SHAC-06-63-354","SHAC":"Tinguiririca Inferior","REGION":"Libertador General Bernardo O'Higgins","NOM_ACUIF":"Tinguiririca","COD_BNA_SH":"0433","COD_REG":"6"}},
{"type":"Feature","geometry":{"type":"Polygon","coordinates":[[[-71.86764,-34.06169],[-71.90371,-34.06214],[-71.91114,-34.07553],[-71.93385,-34.08742],[-71.95607,-34.10449],[-71.96288,-34.12058],[-71.94215,-34.11769],[-71.92978,-34.12259],[-71.92852,-34.1395],[-71.91003,-34.17028],[-71.89399,-34.17586],[-71.87481,-34.17571],[-71.86898,-34.16725],[-71.82703,-34.13696],[-71.82135,-34.12146],[-71.80753,-34.11656],[-71.7891,-34.09752],[-71.79362,-34.08628],[-71.78473,-34.06418],[-71.80577,-34.06321],[-71.83498,-34.08353],[-71.86618,-34.07968],[-71.86764,-34.06169]]]},"properties":{"COD_SHAC":"SHAC-06-03-293","SHAC":"Estero Hidango","REGION":"Libertador General Bernardo O'Higgins","NOM_ACUIF":"Costeras VI","COD_BNA_SH":"0388","COD_REG":"6"}},
{"type":"Feature","geometry":{"type":"Polygon","coordinates":[[[-71.70212,-34.15884],[-71.71471,-34.17297],[-71.72284,-34.17315],[-71.72761,-34.19259],[-71.73898,-34.20179],[-71.76472,-34.17213],[-71.7545,-34.15494],[-71.75656,-34.13949],[-71.75141,-34.13089],[-71.77113,-34.11649],[-71.7891,-34.09752],[-71.80753,-34.11656],[-71.82135,-34.12146],[-71.82703,-34.13696],[-71.86898,-34.16725],[-71.87481,-34.17571],[-71.89399,-34.17586],[-71.91003,-34.17028],[-71.92852,-34.1395],[-71.92978,-34.12259],[-71.94215,-34.11769],[-71.96288,-34.12058],[-71.95524,-34.13363],[-71.95906,-34.14826],[-71.95384,-34.15727],[-71.96097,-34.17119],[-71.95664,-34.18683],[-71.92713,-34.20937],[-71.91531,-34.21149],[-71.8834,-34.23901],[-71.87787,-34.25946],[-71.89042,-34.27412],[-71.85005,-34.30873],[-71.87176,-34.324],[-71.876,-34.33505],[-71.86847,-34.35411],[-71.85764,-34.36841],[-71.85886,-34.37952],[-71.85011,-34.38663],[-71.84259,-34.42124],[-71.82661,-34.43034],[-71.82151,-34.43916],[-71.8119,-34.4325],[-71.79784,-34.39478],[-71.80237,-34.3779],[-71.81067,-34.36827],[-71.80547,-34.34672],[-71.77397,-34.34803],[-71.78076,-34.33617],[-71.76311,-34.31563],[-71.77317,-34.30572],[-71.75217,-34.29038],[-71.75086,-34.27103],[-71.74008,-34.26447],[-71.73286,-34.24729],[-71.68102,-34.21636],[-71.68143,-34.20435],[-71.69207,-34.19474],[-71.68865,-34.18218],[-71.70212,-34.15884]]]},"properties":{"COD_SHAC":"SHAC-06-09-299","SHAC":"Estero Topocalma","REGION":"Libertador General Bernardo O'Higgins","NOM_ACUIF":"Costeras VI","COD_BNA_SH":"0393","COD_REG":"6"}},
{"type":"Feature","geometry":{"type":"Polygon","coordinates":[[[-72.14728,-35.78032],[-72.16456,-35.7785],[-72.16938,-35.7871],[-72.18443,-35.78606],[-72.19525,-35.77187],[-72.20703,-35.76877],[-72.23027,-35.77956],[-72.23853,-35.77778],[-72.25325,-35.79233],[-72.26512,-35.7695],[-72.28509,-35.76344],[-72.30113,-35.76437],[-72.30496,-35.77236],[-72.2925,-35.80137],[-72.27821,-35.81491],[-72.2416,-35.83725],[-72.22964,-35.86597],[-72.23625,-35.86921],[-72.22336,-35.89183],[-72.17741,-35.90979],[-72.16399,-35.91137],[-72.12681,-35.92535],[-72.09505,-35.92032],[-72.0625,-35.92014],[-72.05994,-35.92615],[-72.0371,-35.90378],[-72.03828,-35.87298],[-72.03222,-35.86191],[-72.04906,-35.84566],[-72.07461,-35.83526],[-72.10656,-35.81757],[-72.09809,-35.80985],[-72.12238,-35.78876],[-72.14728,-35.78032]]]},"properties":{"COD_SHAC":"SHAC-07-08-365","SHAC":"Esteros Belco y Arenal","REGION":"Maule","NOM_ACUIF":"Rio Maule","COD_BNA_SH":"0497","COD_REG":"7"}},
{"type":"Feature","geometry":{"type":"Polygon","coordinates":[[[-71.38289,-35.08324],[-71.40178,-35.08173],[-71.41019,-35.09851],[-71.41469,-35.11876],[-71.44001,-35.1527],[-71.45724,-35.16564],[-71.45082,-35.17841],[-71.46727,-35.18376],[-71.48785,-35.19974],[-71.51721,-35.2323],[-71.53741,-35.24278],[-71.54392,-35.23311],[-71.56173,-35.24612],[-71.57691,-35.2946],[-71.60648,-35.28784],[-71.6295,-35.3006],[-71.63641,-35.31301],[-71.64668,-35.31244],[-71.65564,-35.3237],[-71.66322,-35.34841],[-71.66842,-35.37806],[-71.68896,-35.39602],[-71.69385,-35.4091],[-71.71689,-35.43462],[-71.74863,-35.44702],[-71.7675,-35.43681],[-71.77314,-35.41549],[-71.78593,-35.41381],[-71.7983,-35.43194],[-71.85744,-35.4262],[-71.87861,-35.4451],[-71.88114,-35.46377],[-71.84076,-35.46892],[-71.79842,-35.48967],[-71.77593,-35.49098],[-71.7533,-35.49665],[-71.74734,-35.5153],[-71.73445,-35.5209],[-71.70494,-35.5243],[-71.70451,-35.53712],[-71.71761,-35.55409],[-71.7277,-35.55308],[-71.75541,-35.56899],[-71.74893,-35.57425],[-71.71511,-35.56445],[-71.69327,-35.55312],[-71.66473,-35.55876],[-71.65157,-35.56657],[-71.6259,-35.57086],[-71.6121,-35.57808],[-71.57489,-35.58661],[-71.52808,-35.60783],[-71.50612,-35.60919],[-71.46465,-35.60654],[-71.4438,-35.61329],[-71.42298,-35.61052],[-71.40124,-35.6144],[-71.37019,-35.64069],[-71.34436,-35.67239],[-71.32668,-35.65586],[-71.28779,-35.66199],[-71.25516,-35.64297],[-71.22696,-35.63784],[-71.21387,-35.64924],[-71.19566,-35.65614],[-71.18247,-35.65466],[-71.15488,-35.67078],[-71.12842,-35.66627],[-71.12255,-35.6511],[-71.09732,-35.63948],[-71.07876,-35.64744],[-71.05072,-35.64646],[-71.04046,-35.64024],[-71.02111,-35.61073],[-71.00528,-35.61651],[-70.98775,-35.6044],[-70.97575,-35.60138],[-70.96883,-35.57594],[-70.98865,-35.5587],[-70.98225,-35.53853],[-70.94824,-35.52683],[-70.89522,-35.52461],[-70.8588,-35.5281],[-70.8375,-35.51373],[-70.82074,-35.50865],[-70.81807,-35.49866],[-70.82492,-35.47424],[-70.8447,-35.46362],[-70.87722,-35.43088],[-70.89293,-35.4256],[-70.90412,-35.41281],[-70.92,-35.40425],[-70.92127,-35.38097],[-70.94154,-35.38431],[-70.96416,-35.37908],[-70.99871,-35.36182],[-71.01627,-35.33381],[-71.03352,-35.33171],[-71.0336,-35.29486],[-71.05689,-35.28667],[-71.06492,-35.27887],[-71.07131,-35.25796],[-71.08455,-35.24019],[-71.114,-35.2313],[-71.12987,-35.23639],[-71.15182,-35.20085],[-71.16828,-35.185],[-71.18966,-35.17963],[-71.24161,-35.15697],[-71.25821,-35.14594],[-71.3234,-35.1246],[-71.35197,-35.12308],[-71.36308,-35.12648],[-71.36629,-35.11084],[-71.37892,-35.09984],[-71.38289,-35.08324]]]},"properties":{"COD_SHAC":"SHAC-07-12-369","SHAC":"Maule Medio Norte","REGION":"Maule","NOM_ACUIF":"Rio Maule","COD_BNA_SH":"0498","COD_REG":"7"}},
{"type":"Feature","geometry":{"type":"Polygon","coordinates":[[[-72.30113,-35.76437],[-72.30143,-35.75811],[-72.28273,-35.73869],[-72.27833,-35.7159],[-72.32533,-35.71669],[-72.3352,-35.69652],[-72.3565,-35.71838],[-72.3724,-35.71195],[-72.39163,-35.7187],[-72.40272,-35.73396],[-72.42103,-35.73888],[-72.4149,-35.75339],[-72.38928,-35.77596],[-72.39728,-35.78892],[-72.37649,-35.78704],[-72.36233,-35.79386],[-72.35005,-35.7847],[-72.32841,-35.78694],[-72.31987,-35.77097],[-72.30496,-35.77236],[-72.30113,-35.76437]]]},"properties":{"COD_SHAC":"SHAC-07-07-364","SHAC":"Cauquenes Alto","REGION":"Maule","NOM_ACUIF":"Rio Maule","COD_BNA_SH":"1109","COD_REG":"7"}},
{"type":"Feature","geometry":{"type":"Polygon","coordinates":[[[-71.56173,-35.24612],[-71.55647,-35.22735],[-71.56627,-35.21258],[-71.58202,-35.20564],[-71.59399,-35.22069],[-71.62884,-35.22809],[-71.6298,-35.21982],[-71.66483,-35.2088],[-71.67286,-35.19818],[-71.67287,-35.17463],[-71.68067,-35.16081],[-71.70327,-35.16269],[-71.71602,-35.15031],[-71.73773,-35.1457],[-71.76953,-35.14937],[-71.77399,-35.16923],[-71.77426,-35.16949],[-71.78589,-35.18445],[-71.80682,-35.19578],[-71.82479,-35.20089],[-71.82495,-35.20094],[-71.83407,-35.20843],[-71.83411,-35.20844],[-71.83853,-35.2131],[-71.83857,-35.2131],[-71.85041,-35.21477],[-71.85043,-35.21477],[-71.86093,-35.20496],[-71.86984,-35.21326],[-71.86991,-35.21334],[-71.87824,-35.21499],[-71.87272,-35.22945],[-71.88366,-35.24294],[-71.89539,-35.24712],[-71.89761,-35.25777],[-71.87799,-35.26216],[-71.8685,-35.29294],[-71.86007,-35.29382],[-71.85199,-35.31023],[-71.85022,-35.32521],[-71.86321,-35.33855],[-71.86364,-35.35604],[-71.87214,-35.3698],[-71.87181,-35.38134],[-71.88272,-35.39542],[-71.89474,-35.40169],[-71.9115,-35.42385],[-71.90815,-35.43759],[-71.89573,-35.45138],[-71.89111,-35.46718],[-71.88114,-35.46377],[-71.87861,-35.4451],[-71.85744,-35.4262],[-71.7983,-35.43194],[-71.78593,-35.41381],[-71.77314,-35.41549],[-71.7675,-35.43681],[-71.74863,-35.44702],[-71.71689,-35.43462],[-71.69385,-35.4091],[-71.68896,-35.39602],[-71.66842,-35.37806],[-71.66322,-35.34841],[-71.65564,-35.3237],[-71.64668,-35.31244],[-71.63641,-35.31301],[-71.6295,-35.3006],[-71.60648,-35.28784],[-71.57691,-35.2946],[-71.56173,-35.24612]]]},"properties":{"COD_SHAC":"SHAC-07-09-366","SHAC":"Los Puercos","REGION":"Maule","NOM_ACUIF":"Rio Maule","COD_BNA_SH":"1110","COD_REG":"7"}},
{"type":"Feature","geometry":{"type":"Polygon","coordinates":[[[-71.91754,-35.68872],[-71.91821,-35.67628],[-71.90861,-35.66717],[-71.9179,-35.64465],[-71.93164,-35.64376],[-71.95408,-35.62921],[-71.96112,-35.60754],[-71.95802,-35.58722],[-71.96939,-35.56754],[-71.97042,-35.54693],[-71.99514,-35.53141],[-72.01153,-35.52488],[-72.01917,-35.50743],[-72.03946,-35.51986],[-72.08129,-35.50929],[-72.10065,-35.51135],[-72.11819,-35.52056],[-72.14726,-35.51213],[-72.15729,-35.50528],[-72.15286,-35.48557],[-72.17006,-35.47752],[-72.16331,-35.47056],[-72.1677,-35.44485],[-72.21004,-35.43301],[-72.24144,-35.42969],[-72.26518,-35.44237],[-72.28317,-35.43898],[-72.28249,-35.42972],[-72.29544,-35.42368],[-72.31371,-35.427],[-72.32957,-35.44072],[-72.33014,-35.45443],[-72.32146,-35.46181],[-72.30118,-35.46246],[-72.29655,-35.47837],[-72.30136,-35.48948],[-72.29304,-35.5057],[-72.27736,-35.50689],[-72.26514,-35.51867],[-72.24704,-35.52208],[-72.24649,-35.54793],[-72.23898,-35.55181],[-72.21261,-35.58386],[-72.19947,-35.59332],[-72.18222,-35.57472],[-72.17071,-35.58486],[-72.17762,-35.60565],[-72.18735,-35.61739],[-72.16524,-35.63084],[-72.15124,-35.63499],[-72.13642,-35.66921],[-72.14352,-35.6847],[-72.15987,-35.686],[-72.16753,-35.70536],[-72.20199,-35.71558],[-72.19146,-35.72386],[-72.17724,-35.72305],[-72.16018,-35.73085],[-72.13661,-35.74822],[-72.12287,-35.76271],[-72.14728,-35.78032],[-72.12238,-35.78876],[-72.09809,-35.80985],[-72.10656,-35.81757],[-72.07461,-35.83526],[-72.0525,-35.82304],[-72.0277,-35.81935],[-71.97624,-35.822],[-71.96779,-35.80433],[-71.95467,-35.79111],[-71.95045,-35.76636],[-71.93244,-35.71238],[-71.91754,-35.68872]]]},"properties":{"COD_SHAC":"SHAC-07-14-371","SHAC":"Purapel","REGION":"Maule","NOM_ACUIF":"Rio Maule","COD_BNA_SH":"0872","COD_REG":"7"}},
{"type":"Feature","geometry":{"type":"Polygon","coordinates":[[[-72.73068,-37.27171],[-72.74935,-37.26968],[-72.7642,-37.26177],[-72.78845,-37.26024],[-72.79833,-37.24552],[-72.82278,-37.23098],[-72.83431,-37.23662],[-72.85459,-37.22733],[-72.87475,-37.23187],[-72.88214,-37.22707],[-72.90118,-37.22956],[-72.91269,-37.23647],[-72.93712,-37.2387],[-72.93025,-37.25459],[-72.93065,-37.27126],[-72.92356,-37.27858],[-72.92384,-37.29284],[-72.90233,-37.29905],[-72.88546,-37.32927],[-72.82804,-37.33372],[-72.81128,-37.34421],[-72.80693,-37.35367],[-72.76386,-37.36178],[-72.75389,-37.37283],[-72.72322,-37.38837],[-72.70894,-37.40423],[-72.70798,-37.41713],[-72.71916,-37.43294],[-72.69722,-37.46935],[-72.68775,-37.46765],[-72.68392,-37.48991],[-72.67451,-37.49831],[-72.66342,-37.49292],[-72.65537,-37.50909],[-72.63354,-37.52353],[-72.63558,-37.5338],[-72.62707,-37.5557],[-72.60638,-37.58142],[-72.57668,-37.59363],[-72.53971,-37.60237],[-72.52749,-37.61208],[-72.49929,-37.6171],[-72.49018,-37.62611],[-72.46045,-37.63548],[-72.45265,-37.64283],[-72.44822,-37.6703],[-72.4329,-37.70441],[-72.42834,-37.72477],[-72.40956,-37.74166],[-72.40057,-37.76327],[-72.37144,-37.79518],[-72.336,-37.81868],[-72.30177,-37.82871],[-72.27803,-37.84556],[-72.27677,-37.85384],[-72.23227,-37.8787],[-72.21972,-37.8754],[-72.17999,-37.91084],[-72.16096,-37.91886],[-72.13644,-37.93918],[-72.12353,-37.94063],[-72.1036,-37.96779],[-72.08222,-37.97708],[-72.05542,-38.00174],[-72.04613,-38.00129],[-72.0248,-37.98681],[-71.98562,-37.98284],[-71.97103,-37.9773],[-71.95146,-37.97992],[-71.92265,-37.99776],[-71.90591,-37.99496],[-71.88051,-38.00065],[-71.84599,-38.00464],[-71.82826,-38.00254],[-71.79327,-38.01972],[-71.7512,-38.00047],[-71.74176,-38.00696],[-71.72019,-37.99649],[-71.71295,-37.98618],[-71.7127,-37.97039],[-71.68751,-37.9577],[-71.67244,-37.95478],[-71.69026,-37.93648],[-71.74704,-37.9309],[-71.7447,-37.91448],[-71.75957,-37.90732],[-71.76069,-37.89272],[-71.77743,-37.8836],[-71.79053,-37.8693],[-71.8184,-37.86169],[-71.84941,-37.84568],[-71.88072,-37.84592],[-71.91989,-37.83133],[-71.9349,-37.81666],[-71.94284,-37.79748],[-71.93899,-37.77836],[-71.95943,-37.76904],[-71.97392,-37.75369],[-71.98574,-37.72618],[-71.98586,-37.71469],[-71.99893,-37.707],[-71.99845,-37.68363],[-71.99144,-37.66282],[-71.98005,-37.65811],[-71.95363,-37.66054],[-71.9457,-37.64802],[-71.92846,-37.6483],[-71.91415,-37.64119],[-71.89109,-37.61878],[-71.87547,-37.61466],[-71.83145,-37.61133],[-71.82005,-37.61355],[-71.79984,-37.60253],[-71.75957,-37.60204],[-71.74853,-37.59376],[-71.70963,-37.59661],[-71.68796,-37.5911],[-71.6722,-37.59805],[-71.66609,-37.59159],[-71.64396,-37.58424],[-71.61877,-37.56957],[-71.60357,-37.57482],[-71.5806,-37.57132],[-71.56371,-37.58393],[-71.54839,-37.58335],[-71.54486,-37.5947],[-71.5328,-37.60159],[-71.53933,-37.61684],[-71.5162,-37.63823],[-71.51592,-37.65259],[-71.48776,-37.63914],[-71.47933,-37.64783],[-71.46228,-37.64297],[-71.45475,-37.63455],[-71.41397,-37.62724],[-71.40556,-37.63347],[-71.38468,-37.63355],[-71.39097,-37.57871],[-71.38187,-37.56511],[-71.35786,-37.56686],[-71.35134,-37.55347],[-71.3611,-37.53787],[-71.36937,-37.53512],[-71.39427,-37.51324],[-71.3931,-37.50321],[-71.40673,-37.48159],[-71.40542,-37.47164],[-71.42133,-37.46123],[-71.44238,-37.46375],[-71.45639,-37.4708],[-71.48108,-37.47477],[-71.48835,-37.48658],[-71.50242,-37.49036],[-71.527,-37.50707],[-71.53459,-37.49974],[-71.55332,-37.50335],[-71.56712,-37.5007],[-71.5735,-37.48285],[-71.58881,-37.47994],[-71.61533,-37.48667],[-71.63766,-37.45681],[-71.63278,-37.44892],[-71.64263,-37.43277],[-71.65599,-37.4349],[-71.66953,-37.42145],[-71.68854,-37.43621],[-71.70159,-37.41703],[-71.7207,-37.40448],[-71.73118,-37.38883],[-71.74625,-37.39245],[-71.76027,-37.3821],[-71.788,-37.37185],[-71.84104,-37.36657],[-71.86586,-37.36665],[-71.89626,-37.35774],[-71.91164,-37.35943],[-71.93326,-37.35177],[-71.95336,-37.33954],[-71.9721,-37.33799],[-72.01439,-37.32448],[-72.05569,-37.31599],[-72.09124,-37.31182],[-72.10814,-37.30299],[-72.15412,-37.2938],[-72.17497,-37.29473],[-72.2081,-37.30181],[-72.2384,-37.31788],[-72.25196,-37.31426],[-72.30912,-37.31322],[-72.32409,-37.31104],[-72.36764,-37.29805],[-72.40017,-37.28489],[-72.4329,-37.28265],[-72.47968,-37.30116],[-72.4987,-37.30189],[-72.51939,-37.28981],[-72.52149,-37.27494],[-72.53989,-37.26769],[-72.57266,-37.27109],[-72.58184,-37.28132],[-72.61202,-37.28238],[-72.62747,-37.29422],[-72.63653,-37.28071],[-72.65727,-37.27669],[-72.68075,-37.26175],[-72.69539,-37.26184],[-72.70245,-37.272],[-72.73068,-37.27171]]]},"properties":{"COD_SHAC":"SHAC-08-11-389","SHAC":"Biobio Medio","REGION":"Biobio","NOM_ACUIF":"Rio Biobio","COD_BNA_SH":"1089","COD_REG":"8"}},
{"type":"Feature","geometry":{"type":"Polygon","coordinates":[[[-73.03077,-36.81659],[-73.03642,-36.82667],[-73.06053,-36.83853],[-73.08856,-36.81151],[-73.11689,-36.805],[-73.1534,-36.80783],[-73.16028,-36.82106],[-73.15444,-36.83057],[-73.15224,-36.86811],[-73.13866,-36.86882],[-73.09769,-36.88591],[-73.07594,-36.91633],[-73.08575,-36.92761],[-73.08286,-36.94824],[-73.06938,-36.96462],[-73.05929,-36.99889],[-73.06754,-37.01417],[-73.06755,-37.03976],[-73.07618,-37.05089],[-73.06912,-37.06081],[-73.0752,-37.07479],[-73.06055,-37.07755],[-73.05582,-37.09184],[-73.0438,-37.10474],[-73.0364,-37.11638],[-73.04102,-37.14197],[-73.02235,-37.14236],[-73.01027,-37.14839],[-73.00371,-37.16462],[-73.00916,-37.18304],[-72.99178,-37.19441],[-72.98926,-37.22424],[-72.99896,-37.23573],[-72.99864,-37.25848],[-72.98589,-37.26842],[-72.96488,-37.27363],[-72.94541,-37.25836],[-72.94822,-37.2461],[-72.93712,-37.2387],[-72.91269,-37.23647],[-72.90118,-37.22956],[-72.88214,-37.22707],[-72.87475,-37.23187],[-72.85459,-37.22733],[-72.83431,-37.23662],[-72.82278,-37.23098],[-72.79833,-37.24552],[-72.78845,-37.26024],[-72.7642,-37.26177],[-72.74935,-37.26968],[-72.73068,-37.27171],[-72.71561,-37.23076],[-72.69921,-37.22172],[-72.7085,-37.2086],[-72.6794,-37.19046],[-72.67638,-37.16736],[-72.66198,-37.15816],[-72.65221,-37.13875],[-72.6575,-37.10807],[-72.64298,-37.09527],[-72.64947,-37.05545],[-72.65765,-37.05374],[-72.66157,-37.03523],[-72.65048,-37.02662],[-72.65234,-37.01588],[-72.67074,-36.99573],[-72.66918,-36.98178],[-72.65419,-36.96688],[-72.64704,-36.95247],[-72.67109,-36.94959],[-72.67565,-36.93976],[-72.72239,-36.94368],[-72.75287,-36.93533],[-72.77895,-36.93426],[-72.78959,-36.92456],[-72.83477,-36.93297],[-72.8355,-36.94172],[-72.85462,-36.9414],[-72.85922,-36.95462],[-72.89658,-36.9172],[-72.89843,-36.91002],[-72.92746,-36.89108],[-72.94161,-36.8975],[-72.96046,-36.92651],[-72.97726,-36.93549],[-72.97954,-36.92029],[-73.00112,-36.91391],[-73.01606,-36.89747],[-73.02714,-36.85132],[-73.02469,-36.84012],[-73.03077,-36.81659]]]},"properties":{"COD_SHAC":"SHAC-08-10-388","SHAC":"Biobio Inferior","REGION":"Biobio","NOM_ACUIF":"Rio Biobio","COD_BNA_SH":"0911","COD_REG":"8"}},
{"type":"Feature","geometry":{"type":"Polygon","coordinates":[[[-71.80619,-38.24802],[-71.81734,-38.24132],[-71.83514,-38.24058],[-71.86822,-38.24569],[-71.9012,-38.24202],[-71.9271,-38.22459],[-71.94347,-38.22304],[-71.96889,-38.20757],[-71.97394,-38.1965],[-71.99424,-38.1873],[-72.02727,-38.17926],[-72.07474,-38.17176],[-72.10091,-38.16129],[-72.10833,-38.14644],[-72.12634,-38.14058],[-72.14165,-38.14408],[-72.16637,-38.13206],[-72.18245,-38.1285],[-72.20403,-38.13201],[-72.23351,-38.12764],[-72.27539,-38.12843],[-72.3409,-38.12437],[-72.34878,-38.12061],[-72.37207,-38.12962],[-72.37831,-38.14429],[-72.41183,-38.15174],[-72.42681,-38.14343],[-72.44371,-38.14878],[-72.46375,-38.14922],[-72.5078,-38.1648],[-72.50487,-38.18767],[-72.52382,-38.20607],[-72.51444,-38.21292],[-72.52557,-38.23715],[-72.55756,-38.2243],[-72.58781,-38.22698],[-72.64767,-38.21275],[-72.66673,-38.21054],[-72.68675,-38.20018],[-72.71516,-38.19362],[-72.74075,-38.20353],[-72.77883,-38.2019],[-72.79626,-38.20419],[-72.81465,-38.19544],[-72.80968,-38.18419],[-72.81846,-38.18377],[-72.83917,-38.19538],[-72.8277,-38.2106],[-72.83815,-38.22578],[-72.83913,-38.26416],[-72.80614,-38.27703],[-72.82672,-38.28364],[-72.83677,-38.30902],[-72.85603,-38.31746],[-72.86075,-38.33122],[-72.88101,-38.33702],[-72.89742,-38.35463],[-72.88138,-38.37898],[-72.88542,-38.38974],[-72.90077,-38.40421],[-72.91848,-38.40652],[-72.91088,-38.42389],[-72.91234,-38.44499],[-72.89029,-38.44265],[-72.881,-38.43519],[-72.85391,-38.4437],[-72.83972,-38.43602],[-72.78286,-38.43015],[-72.75597,-38.43074],[-72.72065,-38.43952],[-72.69803,-38.42863],[-72.67907,-38.42786],[-72.66731,-38.43574],[-72.64067,-38.4625],[-72.63136,-38.47837],[-72.63692,-38.49515],[-72.6487,-38.50915],[-72.64141,-38.55023],[-72.63066,-38.55439],[-72.6144,-38.57268],[-72.59129,-38.58076],[-72.5878,-38.61416],[-72.5739,-38.6029],[-72.54779,-38.59406],[-72.54018,-38.57735],[-72.49707,-38.57282],[-72.48442,-38.56927],[-72.46996,-38.55418],[-72.46046,-38.52029],[-72.44726,-38.49638],[-72.42034,-38.48001],[-72.39386,-38.47274],[-72.38278,-38.47396],[-72.35976,-38.46283],[-72.34932,-38.4533],[-72.29226,-38.44277],[-72.27164,-38.41887],[-72.24533,-38.39422],[-72.2167,-38.38358],[-72.15139,-38.37999],[-72.12432,-38.38394],[-72.06096,-38.39973],[-72.03813,-38.39121],[-72.00988,-38.3671],[-71.95921,-38.33801],[-71.9314,-38.31208],[-71.90766,-38.29451],[-71.904,-38.27871],[-71.88446,-38.27784],[-71.84855,-38.25939],[-71.8189,-38.25606],[-71.80619,-38.24802]]]},"properties":{"COD_SHAC":"SHAC-09-07-402","SHAC":"Rios Colpi Quillen","REGION":"La Araucania","NOM_ACUIF":"Rio Imperial","COD_BNA_SH":"1100","COD_REG":"9"}},
{"type":"Feature","geometry":{"type":"Polygon","coordinates":[[[-73.4774,-42.16322],[-73.48858,-42.14868],[-73.47183,-42.14479],[-73.46004,-42.12594],[-73.44197,-42.11912],[-73.43911,-42.10949],[-73.42208,-42.09841],[-73.41466,-42.07162],[-73.45321,-42.03873],[-73.47929,-42.02197],[-73.50447,-41.98998],[-73.51971,-41.96272],[-73.55344,-41.9659],[-73.56358,-41.94669],[-73.55223,-41.94618],[-73.54024,-41.92554],[-73.51429,-41.92731],[-73.50569,-41.90927],[-73.5043,-41.89417],[-73.48391,-41.89984],[-73.47478,-41.89207],[-73.53338,-41.87763],[-73.51152,-41.86716],[-73.49881,-41.85086],[-73.48035,-41.84515],[-73.47945,-41.8311],[-73.5105,-41.83153],[-73.52592,-41.80503],[-73.54031,-41.79618],[-73.56212,-41.79889],[-73.58755,-41.79358],[-73.61581,-41.82312],[-73.64106,-41.81987],[-73.64343,-41.79983],[-73.66255,-41.7966],[-73.70085,-41.81938],[-73.72422,-41.84231],[-73.77415,-41.86793],[-73.79082,-41.86934],[-73.8067,-41.85933],[-73.83236,-41.86111],[-73.82927,-41.87224],[-73.84493,-41.88219],[-73.85734,-41.88224],[-73.9099,-41.87263],[-73.92452,-41.86536],[-73.9461,-41.86795],[-73.95504,-41.85468],[-73.9828,-41.85999],[-73.9956,-41.8533],[-74.00051,-41.83864],[-73.96095,-41.83255],[-73.94031,-41.82187],[-73.93156,-41.82473],[-73.91822,-41.84602],[-73.9016,-41.83887],[-73.88916,-41.85994],[-73.87063,-41.84572],[-73.85695,-41.82845],[-73.91011,-41.79571],[-73.89175,-41.78395],[-73.89809,-41.77833],[-73.93672,-41.7948],[-73.95032,-41.79614],[-73.96986,-41.7886],[-73.99067,-41.78816],[-73.99877,-41.77277],[-74.02293,-41.78432],[-74.02724,-41.80337],[-74.04945,-41.81141],[-74.05763,-41.82564],[-74.0574,-41.83805],[-74.0209,-41.85735],[-73.99517,-41.88856],[-73.99351,-41.90313],[-74.00825,-41.92553],[-74.04299,-41.93071],[-74.05029,-41.93976],[-74.03496,-41.95341],[-74.05473,-41.96861],[-74.02563,-41.96456],[-73.99844,-41.97552],[-73.9818,-41.97495],[-73.97494,-41.98337],[-73.95823,-41.98405],[-73.95183,-42.00666],[-73.92967,-42.01391],[-73.92355,-42.03116],[-73.89603,-42.02183],[-73.88386,-42.02952],[-73.87978,-42.04481],[-73.83935,-42.05496],[-73.81578,-42.06778],[-73.79864,-42.09599],[-73.79806,-42.11935],[-73.76696,-42.13008],[-73.75678,-42.128],[-73.72757,-42.13487],[-73.70663,-42.14669],[-73.68626,-42.14943],[-73.64948,-42.16003],[-73.63217,-42.16967],[-73.6195,-42.16969],[-73.57555,-42.19282],[-73.57344,-42.20877],[-73.56122,-42.23155],[-73.54724,-42.23754],[-73.53227,-42.23256],[-73.50313,-42.19421],[-73.46617,-42.19035],[-73.4774,-42.16322]]]},"properties":{"COD_SHAC":"SHAC-10-01","SHAC":"Ancud","REGION":"Los Lagos","NOM_ACUIF":"Chiloe","COD_BNA_SH":"0887","COD_REG":"10"}},
{"type":"Feature","geometry":{"type":"Polygon","coordinates":[[[-73.55115,-40.44905],[-73.53938,-40.42445],[-73.55566,-40.39399],[-73.58752,-40.3824],[-73.59545,-40.37358],[-73.61453,-40.37566],[-73.63245,-40.36729],[-73.63921,-40.35665],[-73.63225,-40.34735],[-73.64872,-40.32864],[-73.6618,-40.3277],[-73.68151,-40.3072],[-73.6993,-40.29741],[-73.69951,-40.272],[-73.71754,-40.26958],[-73.73135,-40.26139],[-73.73755,-40.27722],[-73.74916,-40.28705],[-73.75253,-40.31697],[-73.74128,-40.34213],[-73.75849,-40.35462],[-73.75894,-40.38686],[-73.74572,-40.41052],[-73.75887,-40.41856],[-73.74953,-40.42847],[-73.74718,-40.44212],[-73.76178,-40.45424],[-73.77671,-40.45823],[-73.75808,-40.47888],[-73.75374,-40.49889],[-73.73468,-40.50183],[-73.73147,-40.51268],[-73.71442,-40.53568],[-73.71602,-40.55529],[-73.73087,-40.5605],[-73.74329,-40.57839],[-73.73568,-40.58281],[-73.74247,-40.60272],[-73.75701,-40.60292],[-73.75769,-40.62067],[-73.7834,-40.6315],[-73.80473,-40.63597],[-73.80997,-40.66198],[-73.83161,-40.66345],[-73.83101,-40.67954],[-73.81773,-40.68222],[-73.80006,-40.7108],[-73.80666,-40.72244],[-73.82564,-40.72764],[-73.8398,-40.74286],[-73.83813,-40.75276],[-73.86082,-40.77661],[-73.85524,-40.79379],[-73.86846,-40.8082],[-73.86044,-40.81239],[-73.87131,-40.82637],[-73.8731,-40.849],[-73.88672,-40.86042],[-73.87571,-40.88543],[-73.85404,-40.88939],[-73.85454,-40.90192],[-73.84647,-40.91096],[-73.85856,-40.92718],[-73.85727,-40.93505],[-73.8852,-40.93642],[-73.89578,-40.94872],[-73.93444,-40.9628],[-73.94524,-40.98538],[-73.93793,-40.98962],[-73.93113,-41.01124],[-73.93833,-41.02495],[-73.92803,-41.04122],[-73.93727,-41.05052],[-73.9188,-41.08403],[-73.92586,-41.09768],[-73.92663,-41.11683],[-73.90712,-41.12409],[-73.92059,-41.14106],[-73.90686,-41.15226],[-73.90253,-41.17354],[-73.88549,-41.18691],[-73.86868,-41.17425],[-73.81939,-41.16008],[-73.80164,-41.14128],[-73.81435,-41.1195],[-73.83501,-41.10838],[-73.80284,-41.09278],[-73.80192,-41.07662],[-73.77292,-41.03561],[-73.75538,-41.02845],[-73.76049,-41.00765],[-73.72726,-40.99802],[-73.71697,-40.98753],[-73.72858,-40.97643],[-73.70118,-40.96178],[-73.72333,-40.93872],[-73.73138,-40.92503],[-73.72436,-40.91564],[-73.70405,-40.90924],[-73.69075,-40.9105],[-73.67699,-40.89722],[-73.65747,-40.90278],[-73.64953,-40.88638],[-73.62855,-40.88893],[-73.62812,-40.88002],[-73.60635,-40.85729],[-73.61361,-40.84688],[-73.60254,-40.83806],[-73.57516,-40.84384],[-73.542,-40.83252],[-73.52773,-40.80318],[-73.49977,-40.8069],[-73.48949,-40.79507],[-73.46603,-40.80313],[-73.4624,-40.79046],[-73.44254,-40.78837],[-73.44701,-40.7719],[-73.41272,-40.73119],[-73.4455,-40.67267],[-73.43717,-40.66014],[-73.42062,-40.64977],[-73.4172,-40.62918],[-73.42598,-40.61196],[-73.44953,-40.5958],[-73.45053,-40.57922],[-73.48494,-40.56709],[-73.50071,-40.54694],[-73.52082,-40.53045],[-73.53621,-40.52719],[-73.54499,-40.5038],[-73.53534,-40.48387],[-73.54532,-40.47091],[-73.53607,-40.46023],[-73.55115,-40.44905]]]},"properties":{"COD_SHAC":"SHAC-10-08","SHAC":"Bahia Mansa","REGION":"Los Lagos","NOM_ACUIF":"Costeras Norte X","COD_BNA_SH":"0875","COD_REG":"10"}},
{"type":"Feature","geometry":{"type":"Polygon","coordinates":[[[-73.78554,-42.59595],[-73.77611,-42.58348],[-73.75702,-42.57874],[-73.75119,-42.5589],[-73.75491,-42.54681],[-73.76606,-42.54268],[-73.78858,-42.54589],[-73.80421,-42.53859],[-73.79407,-42.51605],[-73.78149,-42.50179],[-73.77034,-42.49866],[-73.74799,-42.46355],[-73.75185,-42.43556],[-73.72987,-42.43293],[-73.73957,-42.50177],[-73.77487,-42.52379],[-73.74391,-42.53672],[-73.72509,-42.566],[-73.70786,-42.56586],[-73.68848,-42.55344],[-73.63964,-42.54648],[-73.63671,-42.52844],[-73.61217,-42.53682],[-73.57795,-42.53052],[-73.6091,-42.51011],[-73.65258,-42.49763],[-73.66816,-42.48358],[-73.6836,-42.47925],[-73.68169,-42.46447],[-73.66153,-42.45979],[-73.64125,-42.43584],[-73.67152,-42.40349],[-73.67041,-42.39251],[-73.65795,-42.38152],[-73.64249,-42.37839],[-73.62929,-42.3662],[-73.58143,-42.36224],[-73.55706,-42.33831],[-73.4706,-42.34373],[-73.45441,-42.33015],[-73.42626,-42.33001],[-73.41538,-42.32268],[-73.35622,-42.33788],[-73.35317,-42.3228],[-73.36058,-42.29609],[-73.35028,-42.26995],[-73.33864,-42.26323],[-73.36468,-42.24379],[-73.36305,-42.22036],[-73.37448,-42.2093],[-73.39613,-42.21093],[-73.41377,-42.20013],[-73.42254,-42.17779],[-73.45655,-42.16271],[-73.4774,-42.16322],[-73.46617,-42.19035],[-73.50313,-42.19421],[-73.53227,-42.23256],[-73.54724,-42.23754],[-73.56122,-42.23155],[-73.59105,-42.23622],[-73.60377,-42.24609],[-73.60299,-42.2669],[-73.61415,-42.27782],[-73.61597,-42.29827],[-73.63098,-42.32321],[-73.653,-42.34272],[-73.67968,-42.34481],[-73.73182,-42.37664],[-73.7537,-42.38038],[-73.76963,-42.38839],[-73.77428,-42.39882],[-73.79644,-42.40209],[-73.81433,-42.41409],[-73.81876,-42.42943],[-73.81653,-42.44906],[-73.83544,-42.44451],[-73.83971,-42.4339],[-73.86251,-42.42774],[-73.8759,-42.45437],[-73.90039,-42.45247],[-73.90474,-42.44637],[-73.94454,-42.4478],[-73.96513,-42.45498],[-73.96836,-42.47117],[-73.94817,-42.48048],[-73.9259,-42.47806],[-73.89154,-42.48756],[-73.8544,-42.50331],[-73.84564,-42.51722],[-73.84963,-42.52777],[-73.83304,-42.54488],[-73.83495,-42.55449],[-73.78019,-42.56374],[-73.8116,-42.58266],[-73.78554,-42.59595]]]},"properties":{"COD_SHAC":"SHAC-10-02","SHAC":"Castro","REGION":"Los Lagos","NOM_ACUIF":"Chiloe","COD_BNA_SH":"0888","COD_REG":"10"}},
{"type":"Feature","geometry":{"type":"Polygon","coordinates":[[[-73.56122,-42.23155],[-73.57344,-42.20877],[-73.57555,-42.19282],[-73.6195,-42.16969],[-73.63217,-42.16967],[-73.64948,-42.16003],[-73.68626,-42.14943],[-73.70663,-42.14669],[-73.72757,-42.13487],[-73.75678,-42.128],[-73.76696,-42.13008],[-73.79806,-42.11935],[-73.79864,-42.09599],[-73.81578,-42.06778],[-73.83935,-42.05496],[-73.87978,-42.04481],[-73.88386,-42.02952],[-73.89603,-42.02183],[-73.92355,-42.03116],[-73.92967,-42.01391],[-73.95183,-42.00666],[-73.95823,-41.98405],[-73.97494,-41.98337],[-73.9818,-41.97495],[-73.99844,-41.97552],[-74.02563,-41.96456],[-74.05473,-41.96861],[-74.04536,-42.00761],[-74.03687,-42.01288],[-74.02957,-42.03746],[-74.02847,-42.07004],[-74.03382,-42.07351],[-74.00241,-42.08414],[-73.96824,-42.10624],[-73.94472,-42.11267],[-73.95424,-42.12343],[-73.97072,-42.12956],[-73.94629,-42.17326],[-73.95229,-42.19474],[-73.91921,-42.20284],[-73.88144,-42.21678],[-73.87723,-42.25156],[-73.88331,-42.27],[-73.90434,-42.27452],[-73.91267,-42.27023],[-73.93798,-42.28011],[-73.95241,-42.27495],[-73.96531,-42.286],[-73.98896,-42.28486],[-74.00841,-42.29854],[-74.00494,-42.30542],[-74.02272,-42.31601],[-74.01806,-42.33712],[-74.00668,-42.34339],[-73.9925,-42.38624],[-73.99848,-42.42814],[-74.01253,-42.43997],[-73.99954,-42.45143],[-73.96513,-42.45498],[-73.94454,-42.4478],[-73.90474,-42.44637],[-73.90039,-42.45247],[-73.8759,-42.45437],[-73.86251,-42.42774],[-73.83971,-42.4339],[-73.83544,-42.44451],[-73.81653,-42.44906],[-73.81876,-42.42943],[-73.81433,-42.41409],[-73.79644,-42.40209],[-73.77428,-42.39882],[-73.76963,-42.38839],[-73.7537,-42.38038],[-73.73182,-42.37664],[-73.67968,-42.34481],[-73.653,-42.34272],[-73.63098,-42.32321],[-73.61597,-42.29827],[-73.61415,-42.27782],[-73.60299,-42.2669],[-73.60377,-42.24609],[-73.59105,-42.23622],[-73.56122,-42.23155]]]},"properties":{"COD_SHAC":"SHAC-10-03","SHAC":"Chepu","REGION":"Los Lagos","NOM_ACUIF":"Chiloe","COD_BNA_SH":"0889","COD_REG":"10"}},
{"type":"Feature","geometry":{"type":"Polygon","coordinates":[[[-72.16818,-42.25852],[-72.16895,-42.25105],[-72.15348,-42.24267],[-72.16607,-42.21464],[-72.15691,-42.19387],[-72.18446,-42.17638],[-72.18804,-42.16064],[-72.20942,-42.15538],[-72.22458,-42.13456],[-72.22839,-42.10246],[-72.27498,-42.0846],[-72.25875,-42.07091],[-72.26267,-42.06003],[-72.30218,-42.05879],[-72.32308,-42.05509],[-72.34879,-42.04787],[-72.36382,-42.02948],[-72.35153,-42.01598],[-72.34525,-41.99947],[-72.35768,-41.99098],[-72.37841,-41.99003],[-72.38973,-41.98095],[-72.43468,-41.99601],[-72.43632,-42.01724],[-72.45224,-42.06656],[-72.46506,-42.07734],[-72.4574,-42.09223],[-72.46898,-42.12535],[-72.46482,-42.14349],[-72.45133,-42.16236],[-72.39219,-42.16138],[-72.36976,-42.16456],[-72.3742,-42.17641],[-72.39785,-42.17047],[-72.4091,-42.17545],[-72.44382,-42.16448],[-72.4583,-42.19103],[-72.45918,-42.21178],[-72.44346,-42.23613],[-72.45006,-42.25148],[-72.44029,-42.25891],[-72.40505,-42.24755],[-72.391,-42.25877],[-72.44637,-42.26907],[-72.45652,-42.27637],[-72.47,-42.30386],[-72.4572,-42.34381],[-72.44075,-42.35447],[-72.42793,-42.37302],[-72.41559,-42.37657],[-72.42393,-42.40995],[-72.41882,-42.44361],[-72.41201,-42.46236],[-72.39002,-42.47765],[-72.37127,-42.46344],[-72.38173,-42.44469],[-72.38201,-42.43383],[-72.37053,-42.42273],[-72.35367,-42.41964],[-72.33722,-42.41029],[-72.3323,-42.39991],[-72.30385,-42.39805],[-72.30225,-42.3776],[-72.28802,-42.37027],[-72.2908,-42.35736],[-72.27615,-42.35357],[-72.27936,-42.32036],[-72.2568,-42.29314],[-72.24887,-42.28855],[-72.25599,-42.26743],[-72.22204,-42.24952],[-72.19661,-42.25326],[-72.182,-42.26056],[-72.16818,-42.25852]]]},"properties":{"COD_SHAC":"SHAC-10-26","SHAC":"Comau","REGION":"Los Lagos","NOM_ACUIF":"Costeras Oriente X","COD_BNA_SH":"0931","COD_REG":"10"}},
{"type":"Feature","geometry":{"type":"Polygon","coordinates":[[[-72.32308,-42.05509],[-72.31695,-42.035],[-72.28718,-42.00592],[-72.27259,-42.00355],[-72.25883,-41.99224],[-72.2065,-42.01008],[-72.19274,-42.00603],[-72.18562,-41.99453],[-72.16827,-41.9887],[-72.17413,-41.97167],[-72.15096,-41.94345],[-72.18358,-41.93079],[-72.20153,-41.93353],[-72.21902,-41.91702],[-72.19477,-41.91259],[-72.18191,-41.90016],[-72.1852,-41.89144],[-72.2052,-41.88707],[-72.22623,-41.87597],[-72.24242,-41.88648],[-72.26818,-41.88314],[-72.27987,-41.8636],[-72.29901,-41.85601],[-72.28948,-41.83745],[-72.3011,-41.81915],[-72.31566,-41.81868],[-72.33705,-41.80867],[-72.35259,-41.80989],[-72.36874,-41.80317],[-72.37331,-41.79318],[-72.36156,-41.78518],[-72.3392,-41.78388],[-72.31196,-41.77295],[-72.30371,-41.76342],[-72.3154,-41.74082],[-72.33247,-41.72451],[-72.34299,-41.6939],[-72.33842,-41.6721],[-72.34359,-41.66029],[-72.35779,-41.67294],[-72.39063,-41.68753],[-72.39618,-41.70084],[-72.41007,-41.7024],[-72.46516,-41.72504],[-72.48816,-41.72053],[-72.49416,-41.72686],[-72.51333,-41.72653],[-72.55065,-41.74272],[-72.59335,-41.74463],[-72.60269,-41.73573],[-72.63472,-41.73305],[-72.65733,-41.74285],[-72.66665,-41.75872],[-72.68142,-41.76821],[-72.69983,-41.7869],[-72.72105,-41.7909],[-72.74503,-41.81374],[-72.77767,-41.82795],[-72.78615,-41.8447],[-72.8109,-41.87055],[-72.83325,-41.89812],[-72.84709,-41.90001],[-72.87695,-41.9141],[-72.85641,-41.92898],[-72.83924,-41.92426],[-72.80139,-41.94727],[-72.8134,-41.95495],[-72.81023,-41.97062],[-72.78853,-41.98178],[-72.77022,-41.98],[-72.74772,-41.98968],[-72.74585,-41.99859],[-72.71611,-42.00776],[-72.70785,-42.02012],[-72.69481,-42.02516],[-72.68585,-42.01428],[-72.65472,-42.00637],[-72.62977,-42.01473],[-72.64222,-42.02716],[-72.64316,-42.03664],[-72.60978,-42.04226],[-72.59935,-42.03724],[-72.56938,-42.04746],[-72.54903,-42.03735],[-72.53559,-42.04285],[-72.5158,-42.01525],[-72.50849,-41.98754],[-72.4942,-41.96909],[-72.47359,-41.97205],[-72.44738,-41.96818],[-72.42579,-41.97558],[-72.43468,-41.99601],[-72.38973,-41.98095],[-72.37841,-41.99003],[-72.35768,-41.99098],[-72.34525,-41.99947],[-72.35153,-42.01598],[-72.36382,-42.02948],[-72.34879,-42.04787],[-72.32308,-42.05509]]]},"properties":{"COD_SHAC":"SHAC-10-32","SHAC":"Hornopiren","REGION":"Los Lagos","NOM_ACUIF":"Costeras Oriente X","COD_BNA_SH":"0932","COD_REG":"10"}},
{"type":"Feature","geometry":{"type":"Polygon","coordinates":[[[-72.40319,-42.48624],[-72.44731,-42.46921],[-72.44579,-42.45607],[-72.45614,-42.44817],[-72.44702,-42.41721],[-72.45456,-42.39518],[-72.47469,-42.37773],[-72.49171,-42.36932],[-72.50956,-42.34067],[-72.50972,-42.32432],[-72.51865,-42.3097],[-72.52501,-42.27389],[-72.51354,-42.25935],[-72.51388,-42.24595],[-72.52896,-42.23699],[-72.54218,-42.21195],[-72.56047,-42.20013],[-72.57778,-42.1953],[-72.60028,-42.19543],[-72.60628,-42.20358],[-72.62709,-42.21243],[-72.64124,-42.21348],[-72.67019,-42.22436],[-72.69941,-42.22207],[-72.73907,-42.22751],[-72.77003,-42.24306],[-72.79739,-42.27523],[-72.82301,-42.29297],[-72.83953,-42.2943],[-72.83315,-42.31411],[-72.8246,-42.32165],[-72.80679,-42.32368],[-72.79727,-42.31444],[-72.77462,-42.349],[-72.76563,-42.376],[-72.75806,-42.38564],[-72.72714,-42.40211],[-72.70517,-42.40408],[-72.69818,-42.40982],[-72.70569,-42.4232],[-72.70211,-42.43628],[-72.68483,-42.45923],[-72.64429,-42.49654],[-72.62137,-42.52023],[-72.59783,-42.5298],[-72.56383,-42.53656],[-72.54939,-42.54582],[-72.51955,-42.54604],[-72.53457,-42.55719],[-72.52632,-42.56594],[-72.50467,-42.5705],[-72.49989,-42.55059],[-72.48861,-42.55145],[-72.45346,-42.55697],[-72.40892,-42.55687],[-72.40615,-42.53547],[-72.41837,-42.50816],[-72.40319,-42.48624]]]},"properties":{"COD_SHAC":"SHAC-10-33","SHAC":"Huequi","REGION":"Los Lagos","NOM_ACUIF":"Costeras Oriente X","COD_BNA_SH":"0933","COD_REG":"10"}},
{"type":"Feature","geometry":{"type":"Polygon","coordinates":[[[-73.96836,-42.47117],[-73.98426,-42.4748],[-74.0076,-42.46914],[-74.0109,-42.50813],[-74.01901,-42.52502],[-74.03783,-42.53239],[-74.02873,-42.55208],[-74.04406,-42.55446],[-74.04559,-42.56387],[-74.06066,-42.56687],[-74.07356,-42.57726],[-74.14013,-42.57208],[-74.11934,-42.63859],[-74.12529,-42.69497],[-74.13069,-42.7037],[-74.15733,-42.71549],[-74.14549,-42.72757],[-74.1452,-42.75867],[-74.15118,-42.76709],[-74.16903,-42.76625],[-74.16534,-42.78787],[-74.15357,-42.79446],[-74.15343,-42.81063],[-74.16385,-42.83437],[-74.15186,-42.8435],[-74.16523,-42.89281],[-74.18095,-42.9063],[-74.21526,-42.90984],[-74.22824,-42.91692],[-74.23099,-42.9273],[-74.20729,-42.93501],[-74.1857,-42.92623],[-74.17352,-42.92838],[-74.16151,-42.91748],[-74.14798,-42.92615],[-74.08523,-42.92749],[-74.06327,-42.9108],[-74.02387,-42.9132],[-74.01601,-42.90136],[-73.99544,-42.88354],[-73.98466,-42.88352],[-73.95609,-42.89891],[-73.89902,-42.886],[-73.8615,-42.89242],[-73.83064,-42.90584],[-73.79937,-42.91573],[-73.78391,-42.91384],[-73.74701,-42.91621],[-73.73892,-42.90935],[-73.71605,-42.91275],[-73.69817,-42.89558],[-73.66148,-42.88234],[-73.685,-42.87256],[-73.72052,-42.86721],[-73.69713,-42.85389],[-73.64441,-42.86179],[-73.6394,-42.8812],[-73.61847,-42.89097],[-73.59932,-42.89218],[-73.58074,-42.88503],[-73.59323,-42.86238],[-73.61218,-42.84945],[-73.60847,-42.84274],[-73.58264,-42.87076],[-73.57327,-42.88634],[-73.55964,-42.88998],[-73.54166,-42.8821],[-73.52742,-42.88739],[-73.52041,-42.8776],[-73.50408,-42.88405],[-73.46153,-42.88272],[-73.47369,-42.85942],[-73.4767,-42.82222],[-73.47193,-42.81392],[-73.48734,-42.79233],[-73.521,-42.77536],[-73.54386,-42.75639],[-73.55299,-42.75347],[-73.58751,-42.75672],[-73.60839,-42.74988],[-73.62683,-42.73238],[-73.6318,-42.72126],[-73.62974,-42.70384],[-73.64687,-42.69992],[-73.66414,-42.70451],[-73.68256,-42.68905],[-73.65584,-42.67411],[-73.66896,-42.66785],[-73.6987,-42.66709],[-73.75249,-42.64131],[-73.775,-42.61365],[-73.78811,-42.61092],[-73.78554,-42.59595],[-73.8116,-42.58266],[-73.78019,-42.56374],[-73.83495,-42.55449],[-73.83304,-42.54488],[-73.84963,-42.52777],[-73.84564,-42.51722],[-73.8544,-42.50331],[-73.89154,-42.48756],[-73.9259,-42.47806],[-73.94817,-42.48048],[-73.96836,-42.47117]]]},"properties":{"COD_SHAC":"SHAC-10-04","SHAC":"Huillinco","REGION":"Los Lagos","NOM_ACUIF":"Chiloe","COD_BNA_SH":"0890","COD_REG":"10"}},
{"type":"Feature","geometry":{"type":"Polygon","coordinates":[[[-72.60892,-41.33063],[-72.64355,-41.33627],[-72.67387,-41.31919],[-72.6845,-41.32271],[-72.72779,-41.32556],[-72.7796,-41.32506],[-72.82764,-41.3279],[-72.84226,-41.34833],[-72.83376,-41.36004],[-72.84531,-41.38198],[-72.86004,-41.39819],[-72.84008,-41.4151],[-72.84031,-41.44695],[-72.88101,-41.48449],[-72.87962,-41.49863],[-72.86357,-41.48878],[-72.85568,-41.4996],[-72.8344,-41.4863],[-72.81887,-41.49938],[-72.78378,-41.51249],[-72.76447,-41.53029],[-72.76294,-41.54258],[-72.74618,-41.54083],[-72.72406,-41.5756],[-72.7082,-41.58957],[-72.68903,-41.61592],[-72.66665,-41.61843],[-72.66882,-41.64833],[-72.6577,-41.67206],[-72.64078,-41.68868],[-72.64818,-41.69583],[-72.63104,-41.70621],[-72.57043,-41.71467],[-72.54525,-41.7097],[-72.51737,-41.68964],[-72.47782,-41.68938],[-72.47201,-41.68277],[-72.4407,-41.67751],[-72.38692,-41.66112],[-72.38786,-41.65033],[-72.36555,-41.63189],[-72.35577,-41.60473],[-72.34675,-41.55397],[-72.33922,-41.53509],[-72.33811,-41.51229],[-72.32472,-41.49979],[-72.3293,-41.46502],[-72.32115,-41.44632],[-72.30597,-41.43007],[-72.30017,-41.41455],[-72.31123,-41.40788],[-72.32699,-41.41613],[-72.33209,-41.39699],[-72.3191,-41.3794],[-72.33383,-41.3764],[-72.37827,-41.38911],[-72.4229,-41.38217],[-72.43168,-41.36866],[-72.43273,-41.355],[-72.44257,-41.35089],[-72.45489,-41.36148],[-72.4714,-41.35912],[-72.47502,-41.37112],[-72.49205,-41.37861],[-72.52806,-41.3679],[-72.54792,-41.36803],[-72.54949,-41.3587],[-72.56522,-41.35394],[-72.58448,-41.33912],[-72.60892,-41.33063]]]},"properties":{"COD_SHAC":"SHAC-10-17","SHAC":"Lago Chapo","REGION":"Los Lagos","NOM_ACUIF":"Lago Chapo","COD_BNA_SH":"0876","COD_REG":"10"}},
{"type":"Feature","geometry":{"type":"Polygon","coordinates":[[[-72.50062,-41.10397],[-72.49931,-41.08051],[-72.4924,-41.0658],[-72.51874,-41.05397],[-72.52908,-41.03526],[-72.57104,-41.01159],[-72.60569,-41.00501],[-72.64409,-40.98093],[-72.65662,-40.97045],[-72.69109,-40.97307],[-72.71496,-40.96808],[-72.74372,-40.96636],[-72.76886,-40.97062],[-72.78344,-40.96664],[-72.78758,-40.95335],[-72.80719,-40.93855],[-72.82929,-40.93446],[-72.8629,-40.94191],[-72.88347,-40.95509],[-72.92029,-40.96227],[-72.93751,-40.9887],[-72.95537,-41.03477],[-72.96853,-41.0589],[-72.97772,-41.0578],[-72.99976,-41.07712],[-73.01166,-41.096],[-73.04248,-41.11491],[-73.05214,-41.11669],[-73.04515,-41.13588],[-73.04643,-41.1478],[-73.02161,-41.17165],[-73.05251,-41.18447],[-73.04873,-41.19606],[-73.05981,-41.20282],[-73.05112,-41.21795],[-73.06385,-41.23526],[-73.05958,-41.24573],[-73.03833,-41.25583],[-73.02707,-41.30665],[-73.00719,-41.31173],[-72.9977,-41.33083],[-72.97518,-41.34269],[-72.94488,-41.34627],[-72.92308,-41.34348],[-72.89281,-41.34765],[-72.82764,-41.3279],[-72.7796,-41.32506],[-72.72779,-41.32556],[-72.6845,-41.32271],[-72.67387,-41.31919],[-72.64355,-41.33627],[-72.60892,-41.33063],[-72.58342,-41.30905],[-72.57317,-41.30838],[-72.55517,-41.28171],[-72.54516,-41.24848],[-72.52016,-41.22089],[-72.50764,-41.18744],[-72.50533,-41.16488],[-72.53204,-41.13595],[-72.51761,-41.12323],[-72.51455,-41.10911],[-72.50062,-41.10397]]]},"properties":{"COD_SHAC":"SHAC-10-21","SHAC":"Lago Llanquihue","REGION":"Los Lagos","NOM_ACUIF":"Rio Maullin","COD_BNA_SH":"0877","COD_REG":"10"}},
{"type":"Feature","geometry":{"type":"Polygon","coordinates":[[[-71.96831,-40.74426],[-72.01604,-40.74186],[-72.03588,-40.73508],[-72.06979,-40.75075],[-72.07738,-40.74527],[-72.09916,-40.77078],[-72.11812,-40.76903],[-72.11533,-40.7944],[-72.1008,-40.79887],[-72.09688,-40.83261],[-72.10524,-40.84116],[-72.09343,-40.84867],[-72.09759,-40.85737],[-72.07758,-40.86604],[-72.07325,-40.88386],[-72.04851,-40.89482],[-72.03779,-40.92048],[-72.04691,-40.9259],[-72.04437,-40.94512],[-72.07394,-40.94361],[-72.08214,-40.95212],[-72.10823,-40.9564],[-72.1249,-40.9551],[-72.16825,-40.93757],[-72.18723,-40.92368],[-72.20097,-40.9394],[-72.21962,-40.94183],[-72.21928,-40.95162],[-72.23631,-40.95526],[-72.25424,-40.96937],[-72.27377,-40.97353],[-72.28775,-40.98428],[-72.32892,-40.99572],[-72.3365,-41.00164],[-72.36638,-41.00017],[-72.37729,-41.02758],[-72.38715,-41.04082],[-72.40981,-41.04872],[-72.42459,-41.06454],[-72.44692,-41.06421],[-72.47532,-41.07173],[-72.48045,-41.08316],[-72.50062,-41.10397],[-72.51455,-41.10911],[-72.51761,-41.12323],[-72.53204,-41.13595],[-72.50533,-41.16488],[-72.50764,-41.18744],[-72.52016,-41.22089],[-72.54516,-41.24848],[-72.55517,-41.28171],[-72.57317,-41.30838],[-72.58342,-41.30905],[-72.60892,-41.33063],[-72.58448,-41.33912],[-72.56522,-41.35394],[-72.54949,-41.3587],[-72.54792,-41.36803],[-72.52806,-41.3679],[-72.49205,-41.37861],[-72.47502,-41.37112],[-72.4714,-41.35912],[-72.45489,-41.36148],[-72.44257,-41.35089],[-72.43273,-41.355],[-72.43168,-41.36866],[-72.4229,-41.38217],[-72.37827,-41.38911],[-72.33383,-41.3764],[-72.3191,-41.3794],[-72.30945,-41.37882],[-72.27582,-41.39202],[-72.26054,-41.39935],[-72.23612,-41.39937],[-72.23374,-41.41301],[-72.20768,-41.41237],[-72.20077,-41.40566],[-72.16905,-41.39643],[-72.16839,-41.37689],[-72.16021,-41.36289],[-72.15034,-41.36025],[-72.14557,-41.34546],[-72.1047,-41.33199],[-72.1066,-41.31818],[-72.08778,-41.31615],[-72.06976,-41.33116],[-72.05686,-41.35604],[-72.04509,-41.35281],[-72.01921,-41.37082],[-72.00546,-41.36319],[-71.99383,-41.37869],[-71.97167,-41.38574],[-71.94494,-41.38057],[-71.9369,-41.36914],[-71.90957,-41.3623],[-71.9014,-41.33117],[-71.88151,-41.32257],[-71.87597,-41.29686],[-71.89093,-41.292],[-71.8973,-41.27172],[-71.88536,-41.26049],[-71.86529,-41.25601],[-71.84881,-41.26128],[-71.85635,-41.21285],[-71.87124,-41.20679],[-71.88757,-41.16572],[-71.86534,-41.15406],[-71.84217,-41.15102],[-71.83647,-41.12065],[-71.85179,-41.09917],[-71.84464,-41.08063],[-71.82848,-41.07425],[-71.81818,-41.0626],[-71.83588,-41.04989],[-71.83365,-41.04294],[-71.84713,-41.03138],[-71.85831,-41.0339],[-71.87598,-40.99833],[-71.90879,-40.9718],[-71.90007,-40.96014],[-71.88609,-40.96646],[-71.8721,-40.95871],[-71.86062,-40.96064],[-71.85449,-40.94424],[-71.863,-40.93282],[-71.85652,-40.92246],[-71.86427,-40.91252],[-71.86978,-40.89244],[-71.91107,-40.85164],[-71.91436,-40.83902],[-71.93245,-40.82469],[-71.92592,-40.803],[-71.92625,-40.77971],[-71.9587,-40.75948],[-71.96831,-40.74426]]]},"properties":{"COD_SHAC":"SHAC-10-25","SHAC":"Petrohue","REGION":"Los Lagos","NOM_ACUIF":"Rio Petrohue","COD_BNA_SH":"0882","COD_REG":"10"}},
{"type":"Feature","geometry":{"type":"Polygon","coordinates":[[[-73.96513,-42.45498],[-73.99954,-42.45143],[-74.01253,-42.43997],[-73.99848,-42.42814],[-73.9925,-42.38624],[-74.00668,-42.34339],[-74.01806,-42.33712],[-74.02272,-42.31601],[-74.00494,-42.30542],[-74.00841,-42.29854],[-73.98896,-42.28486],[-73.96531,-42.286],[-73.95241,-42.27495],[-73.93798,-42.28011],[-73.91267,-42.27023],[-73.90434,-42.27452],[-73.88331,-42.27],[-73.87723,-42.25156],[-73.88144,-42.21678],[-73.91921,-42.20284],[-73.95229,-42.19474],[-73.94629,-42.17326],[-73.97072,-42.12956],[-73.95424,-42.12343],[-73.94472,-42.11267],[-73.96824,-42.10624],[-74.00241,-42.08414],[-74.03382,-42.07351],[-74.04382,-42.09497],[-74.05659,-42.10396],[-74.04512,-42.11955],[-74.05606,-42.14763],[-74.08166,-42.1572],[-74.09763,-42.17014],[-74.10871,-42.18751],[-74.13563,-42.20366],[-74.14439,-42.21797],[-74.14951,-42.23855],[-74.17201,-42.26728],[-74.1494,-42.29171],[-74.13969,-42.31794],[-74.14062,-42.33111],[-74.14974,-42.34751],[-74.14834,-42.36261],[-74.15842,-42.38873],[-74.16758,-42.39445],[-74.18403,-42.42101],[-74.18851,-42.4456],[-74.17706,-42.468],[-74.17743,-42.4807],[-74.19266,-42.50077],[-74.1752,-42.53297],[-74.16315,-42.53294],[-74.15135,-42.54239],[-74.14013,-42.57208],[-74.07356,-42.57726],[-74.06066,-42.56687],[-74.04559,-42.56387],[-74.04406,-42.55446],[-74.02873,-42.55208],[-74.03783,-42.53239],[-74.01901,-42.52502],[-74.0109,-42.50813],[-74.0076,-42.46914],[-73.98426,-42.4748],[-73.96836,-42.47117],[-73.96513,-42.45498]]]},"properties":{"COD_SHAC":"SHAC-10-05","SHAC":"Piuchen","REGION":"Los Lagos","NOM_ACUIF":"Chiloe","COD_BNA_SH":"0925","COD_REG":"10"}},
{"type":"Feature","geometry":{"type":"Polygon","coordinates":[[[-72.18804,-42.16064],[-72.17744,-42.15321],[-72.17237,-42.13893],[-72.12196,-42.15471],[-72.10484,-42.14512],[-72.08492,-42.14351],[-72.06743,-42.11812],[-72.05227,-42.11402],[-72.04225,-42.12563],[-72.02773,-42.12197],[-72.01174,-42.13698],[-71.98685,-42.13882],[-71.96989,-42.14467],[-71.95616,-42.14298],[-71.95371,-42.16482],[-71.94053,-42.1718],[-71.92639,-42.18971],[-71.89532,-42.17936],[-71.87983,-42.16623],[-71.87521,-42.15476],[-71.85851,-42.15947],[-71.84875,-42.15407],[-71.83455,-42.1626],[-71.81622,-42.15613],[-71.80209,-42.14516],[-71.79122,-42.14913],[-71.77642,-42.14249],[-71.7767,-42.13024],[-71.74698,-42.12929],[-71.73035,-42.12191],[-71.72583,-42.10157],[-71.73999,-42.08246],[-71.73856,-42.07237],[-71.72469,-42.05946],[-71.72619,-42.04829],[-71.75196,-42.03805],[-71.76231,-42.01036],[-71.77252,-42.00838],[-71.77925,-41.9834],[-71.79445,-41.96164],[-71.79419,-41.94511],[-71.78312,-41.94455],[-71.77227,-41.92957],[-71.77362,-41.91026],[-71.78812,-41.89212],[-71.79189,-41.87398],[-71.79079,-41.85109],[-71.79746,-41.84291],[-71.79197,-41.83169],[-71.77242,-41.82992],[-71.76395,-41.81702],[-71.77311,-41.79504],[-71.76467,-41.78124],[-71.78315,-41.75224],[-71.78418,-41.73495],[-71.8097,-41.72137],[-71.79671,-41.70472],[-71.79735,-41.69176],[-71.81795,-41.6891],[-71.8159,-41.67369],[-71.83071,-41.67604],[-71.83616,-41.66667],[-71.83585,-41.64713],[-71.85589,-41.64532],[-71.8763,-41.60125],[-71.87354,-41.58716],[-71.84868,-41.56694],[-71.81763,-41.5756],[-71.84799,-41.53586],[-71.85225,-41.51493],[-71.83857,-41.49993],[-71.8291,-41.48199],[-71.83709,-41.47561],[-71.84428,-41.45429],[-71.83481,-41.44244],[-71.83638,-41.43271],[-71.86305,-41.42297],[-71.87093,-41.40885],[-71.86577,-41.39717],[-71.88783,-41.37936],[-71.89025,-41.3675],[-71.90957,-41.3623],[-71.9369,-41.36914],[-71.94494,-41.38057],[-71.97167,-41.38574],[-71.98702,-41.39666],[-71.98453,-41.40874],[-72.00439,-41.43081],[-72.00351,-41.44467],[-72.0211,-41.44856],[-72.02722,-41.46424],[-72.03843,-41.47304],[-72.05819,-41.476],[-72.0696,-41.48748],[-72.08467,-41.46897],[-72.07976,-41.45766],[-72.08957,-41.44517],[-72.11489,-41.43901],[-72.1335,-41.4483],[-72.12367,-41.46367],[-72.13477,-41.47299],[-72.15194,-41.47357],[-72.17124,-41.4808],[-72.18939,-41.50213],[-72.17691,-41.51772],[-72.18455,-41.53009],[-72.17983,-41.53985],[-72.18784,-41.55826],[-72.19931,-41.56309],[-72.22514,-41.54278],[-72.24706,-41.54221],[-72.25015,-41.56471],[-72.26481,-41.58364],[-72.29064,-41.60111],[-72.29636,-41.62854],[-72.32163,-41.64776],[-72.34359,-41.66029],[-72.33842,-41.6721],[-72.34299,-41.6939],[-72.33247,-41.72451],[-72.3154,-41.74082],[-72.30371,-41.76342],[-72.31196,-41.77295],[-72.3392,-41.78388],[-72.36156,-41.78518],[-72.37331,-41.79318],[-72.36874,-41.80317],[-72.35259,-41.80989],[-72.33705,-41.80867],[-72.31566,-41.81868],[-72.3011,-41.81915],[-72.28948,-41.83745],[-72.29901,-41.85601],[-72.27987,-41.8636],[-72.26818,-41.88314],[-72.24242,-41.88648],[-72.22623,-41.87597],[-72.2052,-41.88707],[-72.1852,-41.89144],[-72.18191,-41.90016],[-72.19477,-41.91259],[-72.21902,-41.91702],[-72.20153,-41.93353],[-72.18358,-41.93079],[-72.15096,-41.94345],[-72.17413,-41.97167],[-72.16827,-41.9887],[-72.18562,-41.99453],[-72.19274,-42.00603],[-72.2065,-42.01008],[-72.25883,-41.99224],[-72.27259,-42.00355],[-72.28718,-42.00592],[-72.31695,-42.035],[-72.32308,-42.05509],[-72.30218,-42.05879],[-72.26267,-42.06003],[-72.25875,-42.07091],[-72.27498,-42.0846],[-72.22839,-42.10246],[-72.22458,-42.13456],[-72.20942,-42.15538],[-72.18804,-42.16064]]]},"properties":{"COD_SHAC":"SHAC-10-28","SHAC":"Puelo","REGION":"Los Lagos","NOM_ACUIF":"Rio Puelo","COD_BNA_SH":"0894","COD_REG":"10"}},
{"type":"Feature","geometry":{"type":"Polygon","coordinates":[[[-72.65846,-40.66867],[-72.67426,-40.66306],[-72.68029,-40.65162],[-72.69543,-40.64287],[-72.76069,-40.63249],[-72.78292,-40.62636],[-72.8175,-40.61123],[-72.88416,-40.57254],[-72.89388,-40.55696],[-72.90597,-40.54988],[-72.9055,-40.53785],[-72.91995,-40.5206],[-72.92457,-40.50579],[-72.95604,-40.49093],[-72.9754,-40.47395],[-72.99588,-40.46652],[-73.01232,-40.46617],[-73.0898,-40.48726],[-73.10745,-40.4827],[-73.16478,-40.49115],[-73.18972,-40.50134],[-73.20124,-40.49299],[-73.19619,-40.47229],[-73.21161,-40.44774],[-73.22779,-40.43307],[-73.21643,-40.41999],[-73.22246,-40.40779],[-73.21404,-40.39038],[-73.22415,-40.38362],[-73.25033,-40.37694],[-73.25836,-40.36071],[-73.28719,-40.35301],[-73.30491,-40.34084],[-73.35178,-40.33652],[-73.32443,-40.37588],[-73.33161,-40.38814],[-73.35648,-40.40378],[-73.38885,-40.39569],[-73.40256,-40.41387],[-73.42737,-40.42821],[-73.4458,-40.45678],[-73.471,-40.44084],[-73.48733,-40.4417],[-73.51528,-40.46157],[-73.52948,-40.46053],[-73.55115,-40.44905],[-73.53607,-40.46023],[-73.54532,-40.47091],[-73.53534,-40.48387],[-73.54499,-40.5038],[-73.53621,-40.52719],[-73.52082,-40.53045],[-73.50071,-40.54694],[-73.48494,-40.56709],[-73.45053,-40.57922],[-73.44953,-40.5958],[-73.42598,-40.61196],[-73.4172,-40.62918],[-73.42062,-40.64977],[-73.43717,-40.66014],[-73.4455,-40.67267],[-73.41272,-40.73119],[-73.44701,-40.7719],[-73.44254,-40.78837],[-73.4624,-40.79046],[-73.46603,-40.80313],[-73.48949,-40.79507],[-73.49977,-40.8069],[-73.52773,-40.80318],[-73.542,-40.83252],[-73.57516,-40.84384],[-73.60254,-40.83806],[-73.61361,-40.84688],[-73.60635,-40.85729],[-73.56429,-40.86754],[-73.54691,-40.86675],[-73.53878,-40.87673],[-73.49771,-40.8948],[-73.48303,-40.91236],[-73.51065,-40.94713],[-73.51375,-40.9709],[-73.52881,-40.97619],[-73.53924,-41.03839],[-73.51554,-41.04704],[-73.49689,-41.07255],[-73.4932,-41.08861],[-73.47329,-41.10139],[-73.46289,-41.12457],[-73.44515,-41.13431],[-73.44491,-41.14747],[-73.43443,-41.15102],[-73.41968,-41.1697],[-73.41892,-41.18288],[-73.37496,-41.21019],[-73.36359,-41.2233],[-73.33218,-41.23888],[-73.33046,-41.25104],[-73.31369,-41.26101],[-73.2878,-41.26979],[-73.24608,-41.27332],[-73.20929,-41.26946],[-73.20179,-41.2806],[-73.18622,-41.28012],[-73.1493,-41.26764],[-73.14713,-41.24604],[-73.16615,-41.20491],[-73.16495,-41.19251],[-73.18786,-41.17516],[-73.1921,-41.16542],[-73.17909,-41.14326],[-73.15809,-41.13546],[-73.1133,-41.13075],[-73.05214,-41.11669],[-73.04248,-41.11491],[-73.01166,-41.096],[-72.99976,-41.07712],[-72.97772,-41.0578],[-72.96853,-41.0589],[-72.95537,-41.03477],[-72.93751,-40.9887],[-72.92029,-40.96227],[-72.88347,-40.95509],[-72.8629,-40.94191],[-72.82929,-40.93446],[-72.80719,-40.93855],[-72.78758,-40.95335],[-72.78344,-40.96664],[-72.76886,-40.97062],[-72.74372,-40.96636],[-72.71496,-40.96808],[-72.69109,-40.97307],[-72.65662,-40.97045],[-72.64409,-40.98093],[-72.60569,-41.00501],[-72.57104,-41.01159],[-72.52908,-41.03526],[-72.51874,-41.05397],[-72.4924,-41.0658],[-72.49931,-41.08051],[-72.50062,-41.10397],[-72.48045,-41.08316],[-72.47532,-41.07173],[-72.44692,-41.06421],[-72.42459,-41.06454],[-72.40981,-41.04872],[-72.38715,-41.04082],[-72.37729,-41.02758],[-72.36638,-41.00017],[-72.3365,-41.00164],[-72.32892,-40.99572],[-72.34153,-40.99362],[-72.36367,-40.96845],[-72.38103,-40.96604],[-72.40098,-40.94582],[-72.42571,-40.94132],[-72.4461,-40.93253],[-72.45669,-40.92112],[-72.51455,-40.89272],[-72.53915,-40.90493],[-72.55681,-40.90373],[-72.57818,-40.90935],[-72.59742,-40.90247],[-72.59416,-40.87975],[-72.60334,-40.86436],[-72.61765,-40.8551],[-72.65414,-40.85339],[-72.65732,-40.84536],[-72.68163,-40.83609],[-72.70022,-40.80761],[-72.72644,-40.7888],[-72.72623,-40.77988],[-72.71108,-40.7656],[-72.66482,-40.7522],[-72.65406,-40.74097],[-72.62423,-40.73077],[-72.6203,-40.71712],[-72.63981,-40.7057],[-72.65544,-40.68427],[-72.65846,-40.66867]]]},"properties":{"COD_SHAC":"SHAC-10-19","SHAC":"Rahue","REGION":"Los Lagos","NOM_ACUIF":"Rio Bueno","COD_BNA_SH":"0883","COD_REG":"10"}},
{"type":"Feature","geometry":{"type":"Polygon","coordinates":[[[-72.44384,-42.7964],[-72.45213,-42.78692],[-72.4755,-42.77336],[-72.48186,-42.75804],[-72.48089,-42.7416],[-72.49927,-42.73577],[-72.51933,-42.72233],[-72.55911,-42.72501],[-72.56508,-42.73154],[-72.60131,-42.72416],[-72.64303,-42.72117],[-72.65646,-42.72494],[-72.68913,-42.72159],[-72.69943,-42.73709],[-72.725,-42.74046],[-72.76202,-42.75414],[-72.82975,-42.75313],[-72.83698,-42.7515],[-72.8533,-42.76405],[-72.84949,-42.78133],[-72.83517,-42.80642],[-72.83581,-42.83372],[-72.80485,-42.84891],[-72.79583,-42.87311],[-72.77885,-42.88233],[-72.75501,-42.88195],[-72.74504,-42.89425],[-72.72098,-42.90389],[-72.71058,-42.8951],[-72.71096,-42.88201],[-72.70207,-42.86452],[-72.7038,-42.84434],[-72.67527,-42.83588],[-72.66018,-42.82497],[-72.63846,-42.82254],[-72.63309,-42.83248],[-72.64389,-42.85024],[-72.63518,-42.85329],[-72.61558,-42.87481],[-72.57946,-42.87536],[-72.56286,-42.88635],[-72.552,-42.88333],[-72.54084,-42.88463],[-72.51014,-42.8476],[-72.48586,-42.83159],[-72.47925,-42.8217],[-72.44473,-42.80107],[-72.44384,-42.7964]]]},"properties":{"COD_SHAC":"SHAC-10-35","SHAC":"Rio Blanco","REGION":"Los Lagos","NOM_ACUIF":"Costeras Oriente X","COD_BNA_SH":"0937","COD_REG":"10"}},
{"type":"Feature","geometry":{"type":"Polygon","coordinates":[[[-72.78833,-43.46848],[-72.80661,-43.47229],[-72.83444,-43.47024],[-72.86295,-43.45064],[-72.88014,-43.44975],[-72.89682,-43.43024],[-72.91764,-43.41464],[-72.93452,-43.38782],[-72.93734,-43.37131],[-72.92948,-43.36358],[-72.90589,-43.37037],[-72.8639,-43.36976],[-72.87072,-43.35495],[-72.88464,-43.34474],[-72.92331,-43.34393],[-72.93028,-43.3299],[-72.93055,-43.31036],[-72.92175,-43.30664],[-72.92543,-43.27838],[-72.93824,-43.27022],[-72.96673,-43.26611],[-73.03413,-43.31062],[-73.06068,-43.3217],[-73.06329,-43.35097],[-73.0499,-43.39074],[-73.05885,-43.41428],[-73.0903,-43.43423],[-73.09011,-43.45264],[-73.0792,-43.47617],[-73.05569,-43.50011],[-73.05243,-43.5283],[-73.04631,-43.53653],[-73.02985,-43.5357],[-73.0212,-43.55167],[-73.01517,-43.57699],[-72.99773,-43.59178],[-72.96699,-43.58882],[-72.95986,-43.6002],[-72.94005,-43.60415],[-72.92822,-43.5981],[-72.9089,-43.59766],[-72.89562,-43.58257],[-72.87454,-43.61109],[-72.88037,-43.61716],[-72.86862,-43.62014],[-72.84706,-43.61143],[-72.84404,-43.59831],[-72.8131,-43.57138],[-72.80297,-43.53765],[-72.80723,-43.5232],[-72.78833,-43.46848]]]},"properties":{"COD_SHAC":"SHAC-10-36","SHAC":"Rio Canef","REGION":"Los Lagos","NOM_ACUIF":"Costeras Oriente X","COD_BNA_SH":"0938","COD_REG":"10"}},
{"type":"Feature","geometry":{"type":"Polygon","coordinates":[[[-72.552,-42.88333],[-72.56286,-42.88635],[-72.57946,-42.87536],[-72.61558,-42.87481],[-72.63518,-42.85329],[-72.64389,-42.85024],[-72.63309,-42.83248],[-72.63846,-42.82254],[-72.66018,-42.82497],[-72.67527,-42.83588],[-72.7038,-42.84434],[-72.70207,-42.86452],[-72.71096,-42.88201],[-72.71058,-42.8951],[-72.72098,-42.90389],[-72.71277,-42.91433],[-72.7273,-42.94226],[-72.71058,-42.95241],[-72.7014,-42.97049],[-72.68541,-42.97713],[-72.65546,-42.97981],[-72.63464,-42.98914],[-72.60118,-43.01747],[-72.56804,-43.02001],[-72.53565,-43.03229],[-72.52478,-43.01487],[-72.51199,-43.00438],[-72.50743,-42.99007],[-72.51366,-42.97342],[-72.50977,-42.9553],[-72.5161,-42.94494],[-72.53706,-42.93169],[-72.5343,-42.916],[-72.55513,-42.90565],[-72.552,-42.88333]]]},"properties":{"COD_SHAC":"SHAC-10-37","SHAC":"Rio Chaiten","REGION":"Los Lagos","NOM_ACUIF":"Costeras Oriente X","COD_BNA_SH":"0939","COD_REG":"10"}},
{"type":"Feature","geometry":{"type":"Polygon","coordinates":[[[-72.64359,-43.22467],[-72.65531,-43.2296],[-72.68764,-43.22489],[-72.69816,-43.21627],[-72.7166,-43.22485],[-72.75307,-43.21221],[-72.78745,-43.1956],[-72.79077,-43.21356],[-72.81927,-43.23731],[-72.83315,-43.25379],[-72.85897,-43.25971],[-72.87377,-43.25901],[-72.89012,-43.24841],[-72.91071,-43.2537],[-72.94996,-43.25664],[-72.96673,-43.26611],[-72.93824,-43.27022],[-72.92543,-43.27838],[-72.92175,-43.30664],[-72.93055,-43.31036],[-72.93028,-43.3299],[-72.92331,-43.34393],[-72.88464,-43.34474],[-72.87072,-43.35495],[-72.8639,-43.36976],[-72.90589,-43.37037],[-72.92948,-43.36358],[-72.93734,-43.37131],[-72.93452,-43.38782],[-72.91764,-43.41464],[-72.89682,-43.43024],[-72.88014,-43.44975],[-72.86295,-43.45064],[-72.83444,-43.47024],[-72.80661,-43.47229],[-72.78833,-43.46848],[-72.74914,-43.4663],[-72.718,-43.46892],[-72.69575,-43.45898],[-72.66129,-43.46478],[-72.64812,-43.47239],[-72.64186,-43.49408],[-72.62164,-43.5028],[-72.61823,-43.51745],[-72.59817,-43.54381],[-72.58731,-43.55134],[-72.56244,-43.54884],[-72.5442,-43.53567],[-72.54505,-43.52262],[-72.50794,-43.50123],[-72.51431,-43.49193],[-72.51591,-43.46839],[-72.53868,-43.43381],[-72.51332,-43.4294],[-72.50061,-43.39335],[-72.45879,-43.3819],[-72.44276,-43.35654],[-72.45781,-43.34064],[-72.45975,-43.32702],[-72.50602,-43.32456],[-72.51856,-43.31617],[-72.52606,-43.29526],[-72.54857,-43.29525],[-72.56275,-43.28446],[-72.59799,-43.27664],[-72.61684,-43.25529],[-72.61508,-43.24426],[-72.63069,-43.22854],[-72.64359,-43.22467]]]},"properties":{"COD_SHAC":"SHAC-10-38","SHAC":"Rio Corcovado","REGION":"Los Lagos","NOM_ACUIF":"Costeras Oriente X","COD_BNA_SH":"0940","COD_REG":"10"}},
{"type":"Feature","geometry":{"type":"Polygon","coordinates":[[[-72.64359,-43.22467],[-72.64291,-43.21633],[-72.62718,-43.21002],[-72.60682,-43.20929],[-72.58061,-43.20226],[-72.58722,-43.18864],[-72.58031,-43.17066],[-72.60555,-43.1497],[-72.6089,-43.13628],[-72.59857,-43.13206],[-72.59492,-43.11886],[-72.64713,-43.09822],[-72.66883,-43.10755],[-72.68141,-43.09629],[-72.68155,-43.0861],[-72.69909,-43.06021],[-72.68885,-43.04674],[-72.70273,-43.02615],[-72.73842,-43.00388],[-72.75519,-43.00813],[-72.74723,-43.02334],[-72.74245,-43.05016],[-72.728,-43.06897],[-72.73468,-43.08367],[-72.75165,-43.0757],[-72.77253,-43.05865],[-72.77412,-43.04651],[-72.78585,-43.02975],[-72.84054,-43.02438],[-72.85822,-43.02867],[-72.86917,-43.0679],[-72.88691,-43.07699],[-72.89478,-43.10786],[-72.91317,-43.12852],[-72.90531,-43.14851],[-72.89257,-43.1632],[-72.886,-43.19882],[-72.87122,-43.23078],[-72.89012,-43.24841],[-72.87377,-43.25901],[-72.85897,-43.25971],[-72.83315,-43.25379],[-72.81927,-43.23731],[-72.79077,-43.21356],[-72.78745,-43.1956],[-72.75307,-43.21221],[-72.7166,-43.22485],[-72.69816,-43.21627],[-72.68764,-43.22489],[-72.65531,-43.2296],[-72.64359,-43.22467]]]},"properties":{"COD_SHAC":"SHAC-10-39","SHAC":"Rio Daye","REGION":"Los Lagos","NOM_ACUIF":"Costeras Oriente X","COD_BNA_SH":"0941","COD_REG":"10"}},
{"type":"Feature","geometry":{"type":"Polygon","coordinates":[[[-72.6856,-42.52128],[-72.71885,-42.51591],[-72.75575,-42.51537],[-72.7937,-42.50019],[-72.81777,-42.52361],[-72.82544,-42.56519],[-72.83512,-42.57449],[-72.83176,-42.5849],[-72.84513,-42.59326],[-72.83949,-42.60185],[-72.85232,-42.62016],[-72.84076,-42.6319],[-72.8237,-42.63027],[-72.8113,-42.60805],[-72.80842,-42.58994],[-72.77811,-42.59279],[-72.77478,-42.58175],[-72.74747,-42.57488],[-72.73088,-42.57563],[-72.70978,-42.56577],[-72.70865,-42.55792],[-72.68979,-42.5528],[-72.69415,-42.53417],[-72.6856,-42.52128]]]},"properties":{"COD_SHAC":"SHAC-10-40","SHAC":"Rio Huellas","REGION":"Los Lagos","NOM_ACUIF":"Costeras Oriente X","COD_BNA_SH":"0942","COD_REG":"10"}},
{"type":"Feature","geometry":{"type":"Polygon","coordinates":[[[-72.24001,-43.4665],[-72.30141,-43.45398],[-72.31547,-43.45672],[-72.33375,-43.44905],[-72.35832,-43.42575],[-72.34791,-43.4113],[-72.35705,-43.39623],[-72.34451,-43.37685],[-72.37555,-43.36718],[-72.3935,-43.36621],[-72.41193,-43.35353],[-72.43329,-43.36051],[-72.44276,-43.35654],[-72.45879,-43.3819],[-72.50061,-43.39335],[-72.51332,-43.4294],[-72.53868,-43.43381],[-72.51591,-43.46839],[-72.51431,-43.49193],[-72.50794,-43.50123],[-72.54505,-43.52262],[-72.5442,-43.53567],[-72.56244,-43.54884],[-72.58731,-43.55134],[-72.59817,-43.54381],[-72.60867,-43.56115],[-72.58643,-43.57506],[-72.53147,-43.58495],[-72.52608,-43.59834],[-72.52915,-43.61146],[-72.51707,-43.6295],[-72.47932,-43.64065],[-72.46924,-43.64926],[-72.49519,-43.68459],[-72.48723,-43.72339],[-72.47407,-43.7356],[-72.45054,-43.73648],[-72.44609,-43.72995],[-72.44577,-43.72883],[-72.44424,-43.72702],[-72.44268,-43.72654],[-72.44109,-43.72616],[-72.43885,-43.72579],[-72.42413,-43.73116],[-72.41381,-43.71467],[-72.41236,-43.70083],[-72.41158,-43.69994],[-72.40075,-43.68962],[-72.38502,-43.69266],[-72.33292,-43.67458],[-72.32112,-43.68869],[-72.32098,-43.68937],[-72.32185,-43.69014],[-72.32278,-43.6907],[-72.32045,-43.70327],[-72.31993,-43.70467],[-72.30596,-43.71579],[-72.31073,-43.72728],[-72.29587,-43.74312],[-72.294,-43.74471],[-72.27383,-43.75697],[-72.27384,-43.76402],[-72.29961,-43.7709],[-72.30491,-43.77865],[-72.29112,-43.7913],[-72.27735,-43.78969],[-72.24939,-43.79632],[-72.24197,-43.80713],[-72.28259,-43.82796],[-72.26675,-43.84135],[-72.22251,-43.83745],[-72.19876,-43.84061],[-72.20123,-43.85116],[-72.1859,-43.87252],[-72.18574,-43.88705],[-72.18544,-43.88814],[-72.18484,-43.88964],[-72.18315,-43.89272],[-72.18146,-43.89421],[-72.17996,-43.89461],[-72.17638,-43.89362],[-72.17499,-43.89252],[-72.1729,-43.89093],[-72.16862,-43.88824],[-72.16722,-43.88754],[-72.16563,-43.88665],[-72.16483,-43.88605],[-72.16414,-43.88486],[-72.16344,-43.88386],[-72.16274,-43.88277],[-72.16035,-43.88147],[-72.15866,-43.88107],[-72.15149,-43.88098],[-72.14921,-43.88227],[-72.14731,-43.88386],[-72.14572,-43.88516],[-72.14443,-43.88645],[-72.12691,-43.88028],[-72.12561,-43.87958],[-72.12402,-43.87849],[-72.12263,-43.87779],[-72.11423,-43.87923],[-72.11327,-43.88038],[-72.11257,-43.88127],[-72.11219,-43.8821],[-72.112,-43.88357],[-72.11162,-43.88465],[-72.11098,-43.88567],[-72.11047,-43.88643],[-72.1099,-43.88713],[-72.10907,-43.88783],[-72.10798,-43.88847],[-72.10703,-43.88873],[-72.10595,-43.88917],[-72.10461,-43.88955],[-72.10321,-43.88987],[-72.10193,-43.89019],[-72.10085,-43.89019],[-72.10008,-43.89019],[-72.09836,-43.89013],[-72.09747,-43.89013],[-72.09639,-43.89038],[-72.09512,-43.8907],[-72.09422,-43.89108],[-72.09352,-43.89146],[-72.09257,-43.89178],[-72.08677,-43.89475],[-72.08442,-43.89554],[-72.0821,-43.8968],[-72.07958,-43.89816],[-72.07823,-43.89932],[-72.07678,-43.90135],[-72.07611,-43.90249],[-72.07581,-43.90338],[-72.07608,-43.90441],[-72.07678,-43.90531],[-72.07891,-43.90638],[-72.08084,-43.90725],[-72.08307,-43.90821],[-72.08481,-43.90947],[-72.08597,-43.91111],[-72.08751,-43.91324],[-72.08877,-43.91498],[-72.09042,-43.91576],[-72.09254,-43.91605],[-72.09467,-43.91701],[-72.09641,-43.91846],[-72.10318,-43.92359],[-72.10521,-43.92552],[-72.10763,-43.92881],[-72.09591,-43.94559],[-72.092,-43.94742],[-72.08857,-43.94962],[-72.07434,-43.95979],[-72.07292,-43.96115],[-72.07096,-43.9616],[-72.07023,-43.96037],[-72.06914,-43.95647],[-72.06838,-43.95445],[-72.06743,-43.9533],[-72.06668,-43.95235],[-72.06563,-43.95165],[-72.06463,-43.95115],[-72.06423,-43.9508],[-72.06368,-43.95045],[-72.06353,-43.95],[-72.06353,-43.94935],[-72.06353,-43.9487],[-72.06358,-43.948],[-72.06333,-43.9467],[-72.06141,-43.94439],[-72.06118,-43.94365],[-72.06093,-43.94204],[-72.06057,-43.94069],[-72.06022,-43.93974],[-72.05947,-43.93899],[-72.05807,-43.93809],[-72.05662,-43.93744],[-72.05577,-43.93729],[-72.05527,-43.93719],[-72.05427,-43.93709],[-72.05392,-43.93708],[-72.05344,-43.93702],[-72.05258,-43.93687],[-72.05107,-43.93691],[-72.05024,-43.93681],[-72.04924,-43.93674],[-72.0481,-43.93661],[-72.04703,-43.93655],[-72.04616,-43.93653],[-72.04486,-43.93628],[-72.04453,-43.9362],[-72.04366,-43.93623],[-72.0429,-43.93653],[-72.04196,-43.93678],[-72.04142,-43.93695],[-72.04033,-43.93732],[-72.03965,-43.93764],[-72.03354,-43.94119],[-72.03244,-43.94194],[-72.03154,-43.94274],[-72.03069,-43.94404],[-72.03009,-43.94494],[-72.02959,-43.9458],[-72.02924,-43.94645],[-72.02879,-43.94721],[-72.02827,-43.94778],[-72.02776,-43.94839],[-72.02747,-43.94876],[-72.02719,-43.94915],[-72.02716,-43.94954],[-72.02704,-43.94981],[-72.02673,-43.95046],[-72.02555,-43.95457],[-72.02566,-43.95496],[-72.02608,-43.95508],[-72.0263,-43.95708],[-72.02665,-43.95785],[-72.02633,-43.95819],[-72.026,-43.95813],[-72.02503,-43.95811],[-72.02438,-43.95811],[-72.02353,-43.95816],[-72.02253,-43.95851],[-72.02028,-43.95926],[-72.01948,-43.95986],[-72.01853,-43.96061],[-72.01733,-43.96121],[-72.01673,-43.96181],[-72.01612,-43.96246],[-72.01587,-43.96321],[-72.01557,-43.96412],[-72.01502,-43.96512],[-72.01452,-43.96572],[-72.01357,-43.96617],[-72.01272,-43.96632],[-72.01032,-43.96542],[-72.00962,-43.96532],[-72.0084,-43.96511],[-72.00463,-43.9638],[-72.00403,-43.96354],[-72.00076,-43.96281],[-72,-43.96269],[-71.99983,-43.96267],[-71.99865,-43.96271],[-71.998,-43.96271],[-71.99724,-43.96272],[-71.99595,-43.96227],[-71.9949,-43.96181],[-71.99363,-43.96119],[-71.9921,-43.96069],[-71.99121,-43.96035],[-71.99055,-43.96016],[-71.98974,-43.96021],[-71.98859,-43.96026],[-71.98754,-43.96046],[-71.98634,-43.96056],[-71.98554,-43.96081],[-71.98534,-43.96121],[-71.98499,-43.96211],[-71.98471,-43.96277],[-71.98442,-43.96325],[-71.98416,-43.96368],[-71.98394,-43.96411],[-71.98348,-43.96562],[-71.98298,-43.96634],[-71.98243,-43.96668],[-71.98209,-43.96714],[-71.98158,-43.96722],[-71.9807,-43.96724],[-71.97975,-43.9672],[-71.97893,-43.96696],[-71.97708,-43.96625],[-71.97549,-43.96548],[-71.97551,-43.96518],[-71.97547,-43.96485],[-71.97523,-43.96442],[-71.97468,-43.96372],[-71.97422,-43.96345],[-71.97374,-43.96339],[-71.97316,-43.96326],[-71.97228,-43.96331],[-71.97152,-43.96362],[-71.97077,-43.96407],[-71.97035,-43.96431],[-71.96987,-43.96451],[-71.96946,-43.96464],[-71.96832,-43.96472],[-71.96793,-43.96464],[-71.96752,-43.96447],[-71.96672,-43.96442],[-71.96631,-43.96446],[-71.96587,-43.96457],[-71.96521,-43.96464],[-71.96465,-43.96474],[-71.96358,-43.96483],[-71.96299,-43.9649],[-71.96164,-43.9641],[-71.96171,-43.96387],[-71.96185,-43.96353],[-71.96155,-43.96293],[-71.96151,-43.96237],[-71.96179,-43.96169],[-71.96183,-43.96082],[-71.96172,-43.96011],[-71.96131,-43.95966],[-71.96046,-43.95896],[-71.95961,-43.95836],[-71.95846,-43.95796],[-71.95751,-43.95761],[-71.95711,-43.95711],[-71.95696,-43.95621],[-71.95696,-43.95521],[-71.95716,-43.9542],[-71.95771,-43.95325],[-71.95801,-43.95235],[-71.95801,-43.9511],[-71.95721,-43.9491],[-71.95671,-43.9478],[-71.95626,-43.94655],[-71.9557,-43.94564],[-71.95552,-43.94496],[-71.95575,-43.94441],[-71.95616,-43.94384],[-71.9563,-43.94329],[-71.95641,-43.94289],[-71.95676,-43.94219],[-71.95751,-43.94169],[-71.95826,-43.94104],[-71.95951,-43.94059],[-71.96046,-43.94054],[-71.96111,-43.94049],[-71.96211,-43.94029],[-71.96321,-43.94009],[-71.96467,-43.93979],[-71.96582,-43.93944],[-71.96707,-43.93869],[-71.96807,-43.93799],[-71.96907,-43.93694],[-71.97027,-43.93618],[-71.97107,-43.93548],[-71.97152,-43.93493],[-71.97187,-43.93433],[-71.97187,-43.93323],[-71.97212,-43.93233],[-71.97288,-43.93068],[-71.97348,-43.92973],[-71.97398,-43.92913],[-71.97393,-43.92848],[-71.97346,-43.92776],[-71.97312,-43.92741],[-71.9728,-43.92704],[-71.97228,-43.92652],[-71.97172,-43.92622],[-71.97077,-43.92582],[-71.96987,-43.92542],[-71.96872,-43.92527],[-71.96522,-43.92542],[-71.96342,-43.92537],[-71.96186,-43.92547],[-71.96041,-43.92577],[-71.95671,-43.92652],[-71.95571,-43.92707],[-71.95425,-43.92757],[-71.9529,-43.92813],[-71.95175,-43.92878],[-71.95105,-43.92898],[-71.94444,-43.93083],[-71.94279,-43.93108],[-71.93954,-43.93213],[-71.93809,-43.93263],[-71.93643,-43.93308],[-71.93463,-43.93363],[-71.93258,-43.93413],[-71.93108,-43.93453],[-71.92988,-43.93503],[-71.92893,-43.93523],[-71.92833,-43.93523],[-71.92662,-43.93568],[-71.92482,-43.93678],[-71.92277,-43.93824],[-71.92032,-43.93939],[-71.90424,-43.93937],[-71.90285,-43.93894],[-71.90156,-43.93861],[-71.90106,-43.93861],[-71.9006,-43.93853],[-71.89994,-43.93842],[-71.89929,-43.93837],[-71.89814,-43.93789],[-71.89452,-43.93757],[-71.89398,-43.93761],[-71.87262,-43.92952],[-71.87214,-43.9295],[-71.86966,-43.92876],[-71.86928,-43.92859],[-71.86887,-43.92851],[-71.86541,-43.92843],[-71.86497,-43.9283],[-71.86218,-43.92845],[-71.86135,-43.92858],[-71.8606,-43.92861],[-71.85914,-43.92866],[-71.85553,-43.93033],[-71.85506,-43.93082],[-71.85415,-43.9317],[-71.85358,-43.93222],[-71.85308,-43.93267],[-71.85264,-43.9329],[-71.85222,-43.93316],[-71.85178,-43.93352],[-71.85092,-43.93446],[-71.81665,-43.95362],[-71.81582,-43.95381],[-71.815,-43.95408],[-71.81202,-43.95463],[-71.80805,-43.9556],[-71.80901,-43.95836],[-71.80873,-43.95861],[-71.81447,-43.96241],[-71.81515,-43.96436],[-71.81608,-43.96619],[-71.81655,-43.96716],[-71.81724,-43.96883],[-71.81755,-43.97005],[-71.82089,-43.97224],[-71.82237,-43.97276],[-71.82698,-43.97612],[-71.82719,-43.97669],[-71.82758,-43.97835],[-71.82778,-43.97892],[-71.82789,-43.97981],[-71.82773,-43.98025],[-71.8275,-43.98345],[-71.82719,-43.98402],[-71.82664,-43.98468],[-71.82668,-43.98549],[-71.82672,-43.9874],[-71.8255,-43.98813],[-71.82437,-43.98897],[-71.82447,-43.98948],[-71.82594,-43.99122],[-71.8262,-43.99177],[-71.82625,-43.99333],[-71.82611,-43.99446],[-71.82616,-43.9966],[-71.82625,-43.99718],[-71.82521,-44.00361],[-71.82521,-44.00403],[-71.82472,-44.00519],[-71.82284,-44.00823],[-71.82284,-44.00916],[-71.82266,-44.00947],[-71.82262,-44.01014],[-71.82259,-44.01036],[-71.8145,-44.01219],[-71.81359,-44.01235],[-71.81026,-44.01418],[-71.81042,-44.01422],[-71.81073,-44.01645],[-71.81057,-44.01671],[-71.80956,-44.01824],[-71.80915,-44.01876],[-71.80783,-44.02008],[-71.80712,-44.02071],[-71.80605,-44.02105],[-71.80474,-44.0212],[-71.80397,-44.02156],[-71.80367,-44.02176],[-71.80325,-44.02205],[-71.80264,-44.02253],[-71.80271,-44.02506],[-71.80264,-44.0256],[-71.79603,-44.03094],[-71.79575,-44.03188],[-71.79575,-44.033],[-71.79596,-44.03427],[-71.79273,-44.05246],[-71.79174,-44.05352],[-71.79083,-44.05485],[-71.78992,-44.0552],[-71.78647,-44.05656],[-71.7855,-44.0576],[-71.77842,-44.05786],[-71.77712,-44.05736],[-71.76483,-44.05677],[-71.76358,-44.05681],[-71.76286,-44.05677],[-71.7624,-44.05671],[-71.76195,-44.05646],[-71.7614,-44.05665],[-71.76047,-44.05673],[-71.75939,-44.05684],[-71.75863,-44.05696],[-71.75821,-44.05711],[-71.75777,-44.05749],[-71.75768,-44.05782],[-71.75761,-44.05826],[-71.75749,-44.05862],[-71.75742,-44.05888],[-71.75738,-44.05921],[-71.75735,-44.06008],[-71.75727,-44.06049],[-71.75605,-44.06192],[-71.75555,-44.06242],[-71.74971,-44.06366],[-71.74801,-44.06388],[-71.74356,-44.06528],[-71.743,-44.06522],[-71.73687,-44.06712],[-71.72059,-44.04185],[-71.71577,-44.02488],[-71.69677,-44.0064],[-71.67986,-43.97121],[-71.6616,-43.96394],[-71.64876,-43.9456],[-71.65055,-43.91953],[-71.66549,-43.90223],[-71.68241,-43.90537],[-71.70693,-43.89459],[-71.70502,-43.86723],[-71.71202,-43.85579],[-71.73279,-43.85793],[-71.7587,-43.8451],[-71.75605,-43.81394],[-71.74941,-43.80863],[-71.7538,-43.78795],[-71.73591,-43.77845],[-71.72956,-43.7622],[-71.70184,-43.7384],[-71.69823,-43.72849],[-71.68348,-43.72183],[-71.66719,-43.72332],[-71.6559,-43.7006],[-71.63032,-43.70615],[-71.60022,-43.69665],[-71.61198,-43.67598],[-71.58827,-43.67537],[-71.58118,-43.65182],[-71.59667,-43.63395],[-71.62681,-43.62377],[-71.65296,-43.62094],[-71.69467,-43.62658],[-71.70319,-43.6227],[-71.70762,-43.58441],[-71.71842,-43.57889],[-71.74245,-43.58588],[-71.75982,-43.58394],[-71.76491,-43.57499],[-71.76399,-43.55593],[-71.77661,-43.53867],[-71.79432,-43.53996],[-71.82831,-43.55128],[-71.84558,-43.54811],[-71.87625,-43.54917],[-71.89891,-43.55277],[-71.90599,-43.57694],[-71.92894,-43.5859],[-71.95041,-43.60306],[-71.94328,-43.61628],[-71.96222,-43.62448],[-71.98813,-43.62805],[-71.99873,-43.63972],[-72.05964,-43.63975],[-72.06983,-43.62853],[-72.08535,-43.6222],[-72.11768,-43.64577],[-72.12995,-43.65932],[-72.14534,-43.66419],[-72.15912,-43.66069],[-72.17131,-43.64159],[-72.17028,-43.62455],[-72.19516,-43.61723],[-72.22299,-43.58939],[-72.20726,-43.58038],[-72.1955,-43.5529],[-72.2175,-43.53968],[-72.23017,-43.51965],[-72.26385,-43.50051],[-72.26261,-43.4856],[-72.2402,-43.48105],[-72.24001,-43.4665]]]},"properties":{"COD_SHAC":"SHAC-10-23","SHAC":"Rio Palena","REGION":"Los Lagos","NOM_ACUIF":"Río Palena","COD_BNA_SH":"0893","COD_REG":"10"}},
{"type":"Feature","geometry":{"type":"Polygon","coordinates":[[[-72.79953,-42.67896],[-72.78621,-42.66977],[-72.72565,-42.6651],[-72.71667,-42.68228],[-72.68714,-42.69049],[-72.66535,-42.6928],[-72.643,-42.68387],[-72.63338,-42.67259],[-72.64255,-42.65821],[-72.62673,-42.65505],[-72.63451,-42.64168],[-72.61819,-42.63717],[-72.61254,-42.62409],[-72.61997,-42.60421],[-72.64282,-42.59413],[-72.65789,-42.56981],[-72.66887,-42.56343],[-72.68851,-42.56846],[-72.70978,-42.56577],[-72.73088,-42.57563],[-72.74747,-42.57488],[-72.77478,-42.58175],[-72.77811,-42.59279],[-72.80842,-42.58994],[-72.8113,-42.60805],[-72.8237,-42.63027],[-72.84076,-42.6319],[-72.82813,-42.65675],[-72.83349,-42.6677],[-72.85674,-42.67713],[-72.84353,-42.6956],[-72.82288,-42.67234],[-72.79953,-42.67896]]]},"properties":{"COD_SHAC":"SHAC-10-41","SHAC":"Rio Puritauquen","REGION":"Los Lagos","NOM_ACUIF":"Costeras Oriente X","COD_BNA_SH":"0943","COD_REG":"10"}},
{"type":"Feature","geometry":{"type":"Polygon","coordinates":[[[-72.59817,-43.54381],[-72.61823,-43.51745],[-72.62164,-43.5028],[-72.64186,-43.49408],[-72.64812,-43.47239],[-72.66129,-43.46478],[-72.69575,-43.45898],[-72.718,-43.46892],[-72.74914,-43.4663],[-72.78833,-43.46848],[-72.80723,-43.5232],[-72.80297,-43.53765],[-72.8131,-43.57138],[-72.84404,-43.59831],[-72.84706,-43.61143],[-72.86862,-43.62014],[-72.88037,-43.61716],[-72.89786,-43.60713],[-72.91449,-43.62591],[-72.9505,-43.63683],[-72.94554,-43.65144],[-72.95511,-43.65825],[-72.96616,-43.6826],[-73.01699,-43.70891],[-73.03875,-43.71618],[-73.04801,-43.73807],[-73.04114,-43.73549],[-73.04003,-43.73577],[-73.03888,-43.73581],[-73.03818,-43.73565],[-73.02063,-43.72028],[-73.02007,-43.72084],[-73.01872,-43.72178],[-73.01772,-43.72217],[-73.01661,-43.722],[-73.01605,-43.72182],[-73.01521,-43.72121],[-73.00568,-43.71855],[-73.00535,-43.71883],[-73.00381,-43.7192],[-73.00325,-43.71897],[-72.99951,-43.71831],[-72.99848,-43.71827],[-72.99489,-43.71602],[-72.99442,-43.71542],[-72.99372,-43.7149],[-72.97888,-43.71382],[-72.97827,-43.71393],[-72.97755,-43.71425],[-72.97708,-43.71462],[-72.97648,-43.71528],[-72.97603,-43.71591],[-72.97535,-43.71661],[-72.97288,-43.71686],[-72.97241,-43.71654],[-72.97157,-43.71635],[-72.96004,-43.71306],[-72.95923,-43.71283],[-72.95853,-43.71232],[-72.95728,-43.7108],[-72.95727,-43.70967],[-72.95709,-43.70813],[-72.95682,-43.7071],[-72.95727,-43.7057],[-72.95755,-43.70336],[-72.95807,-43.70158],[-72.95199,-43.69883],[-72.95144,-43.69918],[-72.94902,-43.69903],[-72.94827,-43.69875],[-72.94769,-43.69878],[-72.94653,-43.69878],[-72.94592,-43.6988],[-72.9452,-43.69885],[-72.94143,-43.69829],[-72.94011,-43.69779],[-72.9392,-43.69778],[-72.93723,-43.69734],[-72.93594,-43.69734],[-72.93504,-43.69756],[-72.93456,-43.69764],[-72.93385,-43.69742],[-72.93316,-43.69761],[-72.92893,-43.69948],[-72.92818,-43.69939],[-72.92762,-43.6993],[-72.92645,-43.69952],[-72.92562,-43.69985],[-72.92471,-43.70034],[-72.92405,-43.70042],[-72.92354,-43.70056],[-72.9226,-43.70061],[-72.92195,-43.70038],[-72.92147,-43.70038],[-72.92111,-43.7006],[-72.92093,-43.70094],[-72.92102,-43.70142],[-72.92115,-43.70187],[-72.92148,-43.70247],[-72.91999,-43.70672],[-72.91942,-43.70724],[-72.91863,-43.70771],[-72.91774,-43.70827],[-72.91737,-43.70878],[-72.91573,-43.71032],[-72.91485,-43.71107],[-72.91424,-43.71135],[-72.91328,-43.71195],[-72.91232,-43.71224],[-72.91181,-43.71224],[-72.90844,-43.71238],[-72.90812,-43.71289],[-72.90606,-43.71859],[-72.90573,-43.71945],[-72.90524,-43.72631],[-72.90564,-43.72684],[-72.90524,-43.72862],[-72.90471,-43.72892],[-72.90326,-43.72911],[-72.90181,-43.72901],[-72.89648,-43.73537],[-72.89616,-43.73612],[-72.86798,-43.74041],[-72.86541,-43.7406],[-72.8606,-43.74088],[-72.85962,-43.74097],[-72.85821,-43.74097],[-72.85681,-43.74102],[-72.85415,-43.7399],[-72.85382,-43.73939],[-72.852,-43.73373],[-72.85163,-43.73289],[-72.85153,-43.73214],[-72.85144,-43.73107],[-72.85209,-43.72943],[-72.85226,-43.72882],[-72.85136,-43.72836],[-72.85068,-43.72823],[-72.84988,-43.72814],[-72.84891,-43.72809],[-72.84237,-43.70766],[-72.84205,-43.70696],[-72.83958,-43.70112],[-72.83919,-43.70054],[-72.8405,-43.69738],[-72.84125,-43.69725],[-72.84269,-43.69732],[-72.84345,-43.69712],[-72.84186,-43.69294],[-72.84069,-43.69168],[-72.84027,-43.69135],[-72.83747,-43.68892],[-72.8367,-43.68822],[-72.83513,-43.68556],[-72.83435,-43.68464],[-72.83191,-43.68051],[-72.83125,-43.67944],[-72.83174,-43.67772],[-72.83205,-43.67701],[-72.83205,-43.67635],[-72.83181,-43.67565],[-72.83139,-43.67486],[-72.83097,-43.6743],[-72.82513,-43.6571],[-72.82471,-43.65682],[-72.82264,-43.656],[-72.82256,-43.65565],[-72.82247,-43.65444],[-72.82247,-43.65355],[-72.82247,-43.65271],[-72.82238,-43.6514],[-72.82164,-43.6503],[-72.82047,-43.64268],[-72.81912,-43.64178],[-72.80617,-43.63864],[-72.80543,-43.63888],[-72.80471,-43.63874],[-72.802,-43.63935],[-72.80116,-43.63986],[-72.79812,-43.64065],[-72.79698,-43.64081],[-72.79509,-43.64164],[-72.79443,-43.64215],[-72.79056,-43.64495],[-72.79031,-43.64516],[-72.79014,-43.64552],[-72.79187,-43.64886],[-72.79003,-43.65281],[-72.78952,-43.653],[-72.7893,-43.65328],[-72.78817,-43.66089],[-72.78822,-43.66187],[-72.78832,-43.66276],[-72.78856,-43.66336],[-72.792,-43.67247],[-72.79168,-43.67269],[-72.7914,-43.67332],[-72.7914,-43.67355],[-72.78359,-43.67747],[-72.78247,-43.67747],[-72.77336,-43.68224],[-72.77247,-43.68299],[-72.76785,-43.68874],[-72.76685,-43.692],[-72.77462,-43.70154],[-72.77409,-43.70322],[-72.78015,-43.70801],[-72.7797,-43.70983],[-72.78727,-43.72667],[-72.79023,-43.72663],[-72.79363,-43.72695],[-72.79312,-43.72812],[-72.79901,-43.74228],[-72.79859,-43.74284],[-72.79812,-43.74298],[-72.79747,-43.74298],[-72.78981,-43.74453],[-72.7891,-43.74509],[-72.78848,-43.74529],[-72.78485,-43.74557],[-72.7835,-43.74569],[-72.78256,-43.74569],[-72.78154,-43.74597],[-72.78043,-43.74667],[-72.7794,-43.74726],[-72.77864,-43.7478],[-72.77761,-43.74845],[-72.77677,-43.74887],[-72.77607,-43.74948],[-72.77485,-43.75],[-72.77418,-43.74975],[-72.77352,-43.74951],[-72.77236,-43.74962],[-72.77158,-43.75],[-72.77131,-43.75013],[-72.77007,-43.75027],[-72.76876,-43.75013],[-72.76641,-43.75079],[-72.76654,-43.75144],[-72.77269,-43.75528],[-72.77328,-43.75562],[-72.77366,-43.75586],[-72.7739,-43.75635],[-72.77387,-43.75683],[-72.77364,-43.75733],[-72.76593,-43.76452],[-72.7656,-43.76541],[-72.76411,-43.76882],[-72.76336,-43.76962],[-72.76295,-43.77039],[-72.76271,-43.77077],[-72.76205,-43.77093],[-72.76164,-43.77062],[-72.75888,-43.77041],[-72.75811,-43.77055],[-72.75746,-43.77031],[-72.75666,-43.76972],[-72.74969,-43.76927],[-72.74761,-43.76915],[-72.69907,-43.7655],[-72.69824,-43.76502],[-72.69751,-43.76461],[-72.69687,-43.76452],[-72.69558,-43.76454],[-72.69458,-43.76464],[-72.69362,-43.76488],[-72.6928,-43.76518],[-72.69192,-43.76565],[-72.68608,-43.76994],[-72.68568,-43.77059],[-72.67061,-43.77527],[-72.66911,-43.77532],[-72.66318,-43.7777],[-72.66229,-43.7777],[-72.66062,-43.77746],[-72.65948,-43.77718],[-72.65406,-43.77604],[-72.65395,-43.77566],[-72.65407,-43.77518],[-72.65358,-43.77066],[-72.65337,-43.77034],[-72.6537,-43.76924],[-72.65421,-43.7684],[-72.65477,-43.76709],[-72.65486,-43.76593],[-72.65477,-43.76509],[-72.65444,-43.76368],[-72.6542,-43.76212],[-72.65423,-43.76152],[-72.65451,-43.76072],[-72.65219,-43.7598],[-72.65086,-43.75963],[-72.64694,-43.75964],[-72.64632,-43.75956],[-72.64332,-43.75906],[-72.64257,-43.75906],[-72.64077,-43.75914],[-72.64017,-43.75946],[-72.63954,-43.75948],[-72.63872,-43.7597],[-72.63782,-43.75991],[-72.63516,-43.75998],[-72.6344,-43.75966],[-72.6334,-43.7596],[-72.63247,-43.75953],[-72.63178,-43.75922],[-72.62678,-43.75859],[-72.62599,-43.75868],[-72.62443,-43.7585],[-72.62404,-43.75821],[-72.62355,-43.75783],[-72.62304,-43.75751],[-72.62224,-43.75721],[-72.61606,-43.7569],[-72.6153,-43.75669],[-72.61447,-43.75649],[-72.61375,-43.75621],[-72.61326,-43.75581],[-72.61301,-43.75551],[-72.60773,-43.75814],[-72.6069,-43.75859],[-72.60604,-43.7588],[-72.6031,-43.75956],[-72.60206,-43.75973],[-72.60113,-43.75999],[-72.5984,-43.76042],[-72.59692,-43.76013],[-72.5915,-43.76016],[-72.59055,-43.76034],[-72.58711,-43.76233],[-72.58655,-43.76368],[-72.58534,-43.76578],[-72.58531,-43.76651],[-72.58361,-43.76798],[-72.58306,-43.76834],[-72.58248,-43.76851],[-72.58085,-43.76906],[-72.57921,-43.76971],[-72.57576,-43.7735],[-72.57487,-43.77429],[-72.573,-43.77541],[-72.57214,-43.77576],[-72.56772,-43.77775],[-72.56679,-43.77793],[-72.5641,-43.77794],[-72.56306,-43.7778],[-72.55665,-43.77672],[-72.55534,-43.77719],[-72.55464,-43.77775],[-72.55403,-43.77831],[-72.54398,-43.78298],[-72.54267,-43.78364],[-72.5402,-43.78429],[-72.53926,-43.7842],[-72.53226,-43.78381],[-72.53142,-43.78381],[-72.52342,-43.78784],[-72.52282,-43.78854],[-72.52137,-43.79134],[-72.52116,-43.79222],[-72.51992,-43.7934],[-72.51884,-43.79382],[-72.51823,-43.79406],[-72.51739,-43.79431],[-72.51627,-43.79457],[-72.51245,-43.79521],[-72.5111,-43.79539],[-72.50623,-43.79618],[-72.50554,-43.79646],[-72.50478,-43.79694],[-72.50402,-43.79725],[-72.50305,-43.79749],[-72.50205,-43.79739],[-72.50053,-43.79719],[-72.49973,-43.79719],[-72.4981,-43.79681],[-72.49688,-43.79625],[-72.49635,-43.79592],[-72.49614,-43.79555],[-72.49235,-43.7884],[-72.49095,-43.78069],[-72.49002,-43.7791],[-72.48936,-43.77854],[-72.48847,-43.77812],[-72.48029,-43.77196],[-72.48319,-43.77031],[-72.48357,-43.76962],[-72.48231,-43.76354],[-72.48259,-43.7627],[-72.48319,-43.76097],[-72.47558,-43.74934],[-72.47698,-43.74826],[-72.48006,-43.74658],[-72.48156,-43.7449],[-72.47763,-43.73873],[-72.47693,-43.73714],[-72.47586,-43.73583],[-72.47506,-43.7356],[-72.47427,-43.7356],[-72.47407,-43.7356],[-72.48723,-43.72339],[-72.49519,-43.68459],[-72.46924,-43.64926],[-72.47932,-43.64065],[-72.51707,-43.6295],[-72.52915,-43.61146],[-72.52608,-43.59834],[-72.53147,-43.58495],[-72.58643,-43.57506],[-72.60867,-43.56115],[-72.59817,-43.54381]]]},"properties":{"COD_SHAC":"SHAC-10-42","SHAC":"Rio Tictoc","REGION":"Los Lagos","NOM_ACUIF":"Costeras Oriente X","COD_BNA_SH":"0944","COD_REG":"10"}},
{"type":"Feature","geometry":{"type":"Polygon","coordinates":[[[-72.11484,-42.92297],[-72.14246,-42.90065],[-72.13254,-42.88562],[-72.11943,-42.87669],[-72.13492,-42.8682],[-72.1348,-42.85302],[-72.14694,-42.85145],[-72.15089,-42.83155],[-72.16347,-42.79874],[-72.193,-42.79684],[-72.21104,-42.81446],[-72.21045,-42.82182],[-72.25902,-42.83881],[-72.26973,-42.82701],[-72.2966,-42.81414],[-72.31699,-42.82787],[-72.33735,-42.82657],[-72.34913,-42.79433],[-72.36526,-42.79447],[-72.39257,-42.78716],[-72.40457,-42.79847],[-72.44384,-42.7964],[-72.44473,-42.80107],[-72.47925,-42.8217],[-72.48586,-42.83159],[-72.51014,-42.8476],[-72.54084,-42.88463],[-72.552,-42.88333],[-72.55513,-42.90565],[-72.5343,-42.916],[-72.53706,-42.93169],[-72.5161,-42.94494],[-72.50977,-42.9553],[-72.51366,-42.97342],[-72.50743,-42.99007],[-72.51199,-43.00438],[-72.52478,-43.01487],[-72.53565,-43.03229],[-72.56804,-43.02001],[-72.60118,-43.01747],[-72.63464,-42.98914],[-72.65546,-42.97981],[-72.68541,-42.97713],[-72.7014,-42.97049],[-72.71058,-42.95241],[-72.7273,-42.94226],[-72.76203,-42.95726],[-72.78669,-42.93881],[-72.81124,-42.93373],[-72.81527,-42.94829],[-72.8042,-42.96043],[-72.78514,-42.97185],[-72.77569,-43.0082],[-72.75519,-43.00813],[-72.73842,-43.00388],[-72.70273,-43.02615],[-72.68885,-43.04674],[-72.69909,-43.06021],[-72.68155,-43.0861],[-72.68141,-43.09629],[-72.66883,-43.10755],[-72.64713,-43.09822],[-72.59492,-43.11886],[-72.59857,-43.13206],[-72.6089,-43.13628],[-72.60555,-43.1497],[-72.58031,-43.17066],[-72.58722,-43.18864],[-72.58061,-43.20226],[-72.60682,-43.20929],[-72.62718,-43.21002],[-72.64291,-43.21633],[-72.64359,-43.22467],[-72.63069,-43.22854],[-72.61508,-43.24426],[-72.61684,-43.25529],[-72.59799,-43.27664],[-72.56275,-43.28446],[-72.54857,-43.29525],[-72.52606,-43.29526],[-72.51856,-43.31617],[-72.50602,-43.32456],[-72.45975,-43.32702],[-72.45781,-43.34064],[-72.44276,-43.35654],[-72.43329,-43.36051],[-72.41193,-43.35353],[-72.3935,-43.36621],[-72.37555,-43.36718],[-72.34451,-43.37685],[-72.35705,-43.39623],[-72.34791,-43.4113],[-72.35832,-43.42575],[-72.33375,-43.44905],[-72.31547,-43.45672],[-72.30141,-43.45398],[-72.24001,-43.4665],[-72.22354,-43.45058],[-72.20168,-43.44628],[-72.19267,-43.436],[-72.19859,-43.42178],[-72.1656,-43.41369],[-72.14977,-43.40629],[-72.14948,-43.38719],[-72.15841,-43.36521],[-72.15402,-43.35304],[-72.15886,-43.32665],[-72.11285,-43.31098],[-72.11057,-43.29835],[-72.13719,-43.30174],[-72.1383,-43.28583],[-72.17524,-43.25989],[-72.18588,-43.24367],[-72.20227,-43.23675],[-72.21336,-43.23933],[-72.2294,-43.23068],[-72.22863,-43.22021],[-72.20354,-43.21474],[-72.18174,-43.20136],[-72.17796,-43.18941],[-72.16385,-43.17407],[-72.15941,-43.13416],[-72.15008,-43.12168],[-72.15871,-43.1025],[-72.18221,-43.08352],[-72.16903,-43.06777],[-72.17441,-43.05219],[-72.19442,-43.05259],[-72.22417,-43.0256],[-72.24111,-42.99516],[-72.21327,-42.98609],[-72.21491,-42.97573],[-72.23395,-42.9628],[-72.2198,-42.95672],[-72.21694,-42.93528],[-72.19562,-42.92708],[-72.161,-42.92987],[-72.11484,-42.92297]]]},"properties":{"COD_SHAC":"SHAC-10-31","SHAC":"Rio Yelcho","REGION":"Los Lagos","NOM_ACUIF":"Rio Yelcho","COD_BNA_SH":"1116","COD_REG":"10"}},
{"type":"Feature","geometry":{"type":"Polygon","coordinates":[[[-71.97167,-41.38574],[-71.99383,-41.37869],[-72.00546,-41.36319],[-72.01921,-41.37082],[-72.04509,-41.35281],[-72.05686,-41.35604],[-72.06976,-41.33116],[-72.08778,-41.31615],[-72.1066,-41.31818],[-72.1047,-41.33199],[-72.14557,-41.34546],[-72.15034,-41.36025],[-72.16021,-41.36289],[-72.16839,-41.37689],[-72.16905,-41.39643],[-72.20077,-41.40566],[-72.20768,-41.41237],[-72.23374,-41.41301],[-72.23612,-41.39937],[-72.26054,-41.39935],[-72.27582,-41.39202],[-72.28704,-41.40632],[-72.28333,-41.41407],[-72.29488,-41.44247],[-72.31122,-41.46596],[-72.31465,-41.49415],[-72.27977,-41.50028],[-72.29242,-41.52996],[-72.3047,-41.53512],[-72.31168,-41.54901],[-72.32667,-41.61528],[-72.32163,-41.64776],[-72.29636,-41.62854],[-72.29064,-41.60111],[-72.26481,-41.58364],[-72.25015,-41.56471],[-72.24706,-41.54221],[-72.22514,-41.54278],[-72.19931,-41.56309],[-72.18784,-41.55826],[-72.17983,-41.53985],[-72.18455,-41.53009],[-72.17691,-41.51772],[-72.18939,-41.50213],[-72.17124,-41.4808],[-72.15194,-41.47357],[-72.13477,-41.47299],[-72.12367,-41.46367],[-72.1335,-41.4483],[-72.11489,-41.43901],[-72.08957,-41.44517],[-72.07976,-41.45766],[-72.08467,-41.46897],[-72.0696,-41.48748],[-72.05819,-41.476],[-72.03843,-41.47304],[-72.02722,-41.46424],[-72.0211,-41.44856],[-72.00351,-41.44467],[-72.00439,-41.43081],[-71.98453,-41.40874],[-71.98702,-41.39666],[-71.97167,-41.38574]]]},"properties":{"COD_SHAC":"SHAC-10-07","SHAC":"Cochamo","REGION":"Los Lagos","NOM_ACUIF":"Cochamo","COD_BNA_SH":"0926","COD_REG":"10"}},
{"type":"Feature","geometry":{"type":"Polygon","coordinates":[[[-74.20729,-42.93501],[-74.20565,-42.95502],[-74.19948,-42.95932],[-74.21646,-42.97649],[-74.24026,-42.9808],[-74.2551,-42.9882],[-74.25122,-43.00385],[-74.23259,-43.00534],[-74.22488,-43.02434],[-74.24489,-43.03189],[-74.26488,-43.04582],[-74.27343,-43.06141],[-74.291,-43.0802],[-74.30498,-43.08325],[-74.32025,-43.07367],[-74.3333,-43.09464],[-74.3253,-43.10802],[-74.30528,-43.12796],[-74.31018,-43.13836],[-74.35061,-43.15399],[-74.353,-43.17136],[-74.37698,-43.21208],[-74.37492,-43.22117],[-74.40463,-43.23301],[-74.39917,-43.24308],[-74.40534,-43.25564],[-74.40256,-43.26765],[-74.3769,-43.2758],[-74.36757,-43.29072],[-74.34692,-43.28601],[-74.32181,-43.29601],[-74.29875,-43.3252],[-74.22014,-43.32752],[-74.20008,-43.34689],[-74.17196,-43.34346],[-74.14798,-43.34795],[-74.11437,-43.37738],[-74.10428,-43.39238],[-74.08225,-43.39083],[-74.08254,-43.37144],[-74.06856,-43.36561],[-74.02697,-43.35928],[-74.02023,-43.3716],[-73.99523,-43.38073],[-73.97633,-43.36476],[-73.92192,-43.3703],[-73.91165,-43.38353],[-73.91576,-43.39341],[-73.89108,-43.39898],[-73.88185,-43.42094],[-73.86445,-43.42057],[-73.84772,-43.42867],[-73.83195,-43.42469],[-73.82481,-43.41555],[-73.79245,-43.40996],[-73.80032,-43.39426],[-73.79486,-43.38739],[-73.80272,-43.36566],[-73.79439,-43.35342],[-73.81211,-43.33133],[-73.81107,-43.31195],[-73.83911,-43.3017],[-73.84272,-43.28614],[-73.80834,-43.30186],[-73.80617,-43.31043],[-73.7823,-43.31392],[-73.76823,-43.31002],[-73.738,-43.31957],[-73.7101,-43.31723],[-73.69446,-43.32444],[-73.66184,-43.31766],[-73.66588,-43.29119],[-73.6757,-43.28181],[-73.67464,-43.26664],[-73.69543,-43.24773],[-73.71717,-43.24082],[-73.72286,-43.23012],[-73.73998,-43.22141],[-73.75036,-43.20562],[-73.74294,-43.19322],[-73.73879,-43.17071],[-73.75692,-43.14863],[-73.75358,-43.13162],[-73.72049,-43.11082],[-73.70762,-43.1231],[-73.71545,-43.13453],[-73.71371,-43.14778],[-73.69897,-43.15193],[-73.66194,-43.13811],[-73.62696,-43.14499],[-73.61553,-43.13864],[-73.63886,-43.1263],[-73.60928,-43.12132],[-73.55717,-43.11735],[-73.52718,-43.12468],[-73.48101,-43.14481],[-73.47768,-43.13162],[-73.48031,-43.10078],[-73.49356,-43.08571],[-73.53189,-43.06568],[-73.55124,-43.06744],[-73.5762,-43.05191],[-73.61352,-43.05644],[-73.6213,-43.04854],[-73.60717,-43.03933],[-73.58408,-43.03455],[-73.56436,-43.03846],[-73.54089,-43.06304],[-73.50828,-43.06658],[-73.51452,-43.0509],[-73.53693,-43.03164],[-73.53749,-43.00647],[-73.55008,-42.989],[-73.54803,-42.97235],[-73.5745,-42.97308],[-73.60509,-42.96892],[-73.60607,-42.95051],[-73.61444,-42.9342],[-73.61708,-42.91684],[-73.63915,-42.90872],[-73.66148,-42.88234],[-73.69817,-42.89558],[-73.71605,-42.91275],[-73.73892,-42.90935],[-73.74701,-42.91621],[-73.78391,-42.91384],[-73.79937,-42.91573],[-73.83064,-42.90584],[-73.8615,-42.89242],[-73.89902,-42.886],[-73.95609,-42.89891],[-73.98466,-42.88352],[-73.99544,-42.88354],[-74.01601,-42.90136],[-74.02387,-42.9132],[-74.06327,-42.9108],[-74.08523,-42.92749],[-74.14798,-42.92615],[-74.16151,-42.91748],[-74.17352,-42.92838],[-74.1857,-42.92623],[-74.20729,-42.93501]]]},"properties":{"COD_SHAC":"SHAC-10-06","SHAC":"Quellon","REGION":"Los Lagos","NOM_ACUIF":"Chiloe","COD_BNA_SH":"0891","COD_REG":"10"}},
{"type":"Feature","geometry":{"type":"Polygon","coordinates":[[[-72.16347,-42.79874],[-72.14144,-42.79498],[-72.13356,-42.77437],[-72.13547,-42.75472],[-72.14692,-42.74124],[-72.12869,-42.73146],[-72.13807,-42.72515],[-72.13733,-42.71238],[-72.16819,-42.70398],[-72.17871,-42.69555],[-72.17138,-42.67123],[-72.15671,-42.67806],[-72.15812,-42.66775],[-72.17214,-42.64509],[-72.18779,-42.6418],[-72.21703,-42.65188],[-72.22689,-42.66155],[-72.24728,-42.65589],[-72.2875,-42.62773],[-72.30932,-42.63714],[-72.34006,-42.59948],[-72.35966,-42.58799],[-72.3975,-42.57872],[-72.40892,-42.55687],[-72.45346,-42.55697],[-72.48861,-42.55145],[-72.49243,-42.57378],[-72.51373,-42.57534],[-72.5335,-42.58516],[-72.5533,-42.58155],[-72.57083,-42.56695],[-72.57334,-42.55757],[-72.59441,-42.55291],[-72.60379,-42.55894],[-72.63493,-42.53824],[-72.64839,-42.5363],[-72.67469,-42.52075],[-72.6856,-42.52128],[-72.69415,-42.53417],[-72.68979,-42.5528],[-72.70865,-42.55792],[-72.70978,-42.56577],[-72.68851,-42.56846],[-72.66887,-42.56343],[-72.65789,-42.56981],[-72.64282,-42.59413],[-72.61997,-42.60421],[-72.61254,-42.62409],[-72.61819,-42.63717],[-72.63451,-42.64168],[-72.62673,-42.65505],[-72.64255,-42.65821],[-72.63338,-42.67259],[-72.643,-42.68387],[-72.66535,-42.6928],[-72.68714,-42.69049],[-72.71667,-42.68228],[-72.72565,-42.6651],[-72.78621,-42.66977],[-72.79953,-42.67896],[-72.80665,-42.69068],[-72.8026,-42.7098],[-72.84486,-42.71978],[-72.84494,-42.7332],[-72.83698,-42.7515],[-72.82975,-42.75313],[-72.76202,-42.75414],[-72.725,-42.74046],[-72.69943,-42.73709],[-72.68913,-42.72159],[-72.65646,-42.72494],[-72.64303,-42.72117],[-72.60131,-42.72416],[-72.56508,-42.73154],[-72.55911,-42.72501],[-72.51933,-42.72233],[-72.49927,-42.73577],[-72.48089,-42.7416],[-72.48186,-42.75804],[-72.4755,-42.77336],[-72.45213,-42.78692],[-72.44384,-42.7964],[-72.40457,-42.79847],[-72.39257,-42.78716],[-72.36526,-42.79447],[-72.34913,-42.79433],[-72.33735,-42.82657],[-72.31699,-42.82787],[-72.2966,-42.81414],[-72.26973,-42.82701],[-72.25902,-42.83881],[-72.21045,-42.82182],[-72.21104,-42.81446],[-72.193,-42.79684],[-72.16347,-42.79874]]]},"properties":{"COD_SHAC":"SHAC-10-34","SHAC":"Renihue","REGION":"Los Lagos","NOM_ACUIF":"Costeras Oriente X","COD_BNA_SH":"0935","COD_REG":"10"}},
{"type":"Feature","geometry":{"type":"Polygon","coordinates":[[[-70.73146,-33.59462],[-70.74319,-33.59368],[-70.75863,-33.60487],[-70.77152,-33.62014],[-70.78424,-33.65263],[-70.80231,-33.67098],[-70.79258,-33.69842],[-70.80961,-33.72106],[-70.82391,-33.72033],[-70.82173,-33.73909],[-70.82656,-33.74503],[-70.80844,-33.81874],[-70.80447,-33.84582],[-70.80901,-33.85986],[-70.79721,-33.84679],[-70.76928,-33.84706],[-70.73701,-33.84241],[-70.70863,-33.82775],[-70.67351,-33.78908],[-70.66057,-33.76044],[-70.64787,-33.74705],[-70.63299,-33.74831],[-70.62306,-33.73635],[-70.61447,-33.73817],[-70.61614,-33.72242],[-70.62752,-33.70597],[-70.63819,-33.70378],[-70.65591,-33.67531],[-70.6516,-33.6631],[-70.69293,-33.63565],[-70.73146,-33.59462]]]},"properties":{"COD_SHAC":"SHAC-13-20-266","SHAC":"Buin","REGION":"Metropolitana de Santiago","NOM_ACUIF":"Rio Maipo","COD_BNA_SH":"0441","COD_REG":"13"}},
{"type":"Feature","geometry":{"type":"Polygon","coordinates":[[[-70.56561,-33.23625],[-70.58386,-33.23548],[-70.59326,-33.219],[-70.60968,-33.21202],[-70.6241,-33.2166],[-70.63418,-33.23951],[-70.65219,-33.25321],[-70.66552,-33.2492],[-70.68257,-33.26164],[-70.70931,-33.31742],[-70.68172,-33.32941],[-70.65834,-33.32795],[-70.64563,-33.34037],[-70.62197,-33.34104],[-70.59629,-33.33559],[-70.6027,-33.30852],[-70.5753,-33.28832],[-70.57403,-33.26698],[-70.56032,-33.25224],[-70.55974,-33.24177],[-70.56561,-33.23625]]]},"properties":{"COD_SHAC":"SHAC-13-22-268","SHAC":"Chicureo","REGION":"Metropolitana de Santiago","NOM_ACUIF":"Rio Maipo","COD_BNA_SH":"0111","COD_REG":"13"}},
{"type":"Feature","geometry":{"type":"Polygon","coordinates":[[[-70.55861,-33.12944],[-70.56958,-33.13291],[-70.59817,-33.12605],[-70.60535,-33.1297],[-70.62332,-33.1523],[-70.64149,-33.16993],[-70.67546,-33.17088],[-70.69524,-33.1648],[-70.7212,-33.16541],[-70.75942,-33.17999],[-70.76366,-33.19531],[-70.75206,-33.19704],[-70.75143,-33.20981],[-70.74269,-33.22984],[-70.73457,-33.22838],[-70.69713,-33.25463],[-70.68257,-33.26164],[-70.66552,-33.2492],[-70.65219,-33.25321],[-70.63418,-33.23951],[-70.6241,-33.2166],[-70.60968,-33.21202],[-70.59326,-33.219],[-70.58386,-33.23548],[-70.56561,-33.23625],[-70.57015,-33.22394],[-70.58404,-33.20823],[-70.5846,-33.19161],[-70.57144,-33.17589],[-70.56891,-33.15461],[-70.55066,-33.1422],[-70.55861,-33.12944]]]},"properties":{"COD_SHAC":"SHAC-13-24-270","SHAC":"Colina Inferior","REGION":"Metropolitana de Santiago","NOM_ACUIF":"Rio Maipo","COD_BNA_SH":"0112","COD_REG":"13"}},
{"type":"Feature","geometry":{"type":"Polygon","coordinates":[[[-70.68257,-33.26164],[-70.69713,-33.25463],[-70.73457,-33.22838],[-70.74269,-33.22984],[-70.74296,-33.24036],[-70.75527,-33.26966],[-70.77458,-33.2769],[-70.79524,-33.29399],[-70.80804,-33.3201],[-70.80437,-33.34702],[-70.78214,-33.38827],[-70.74324,-33.36282],[-70.72787,-33.35676],[-70.68172,-33.32941],[-70.70931,-33.31742],[-70.68257,-33.26164]]]},"properties":{"COD_SHAC":"SHAC-13-26-272","SHAC":"Colina Sur","REGION":"Metropolitana de Santiago","NOM_ACUIF":"Rio Maipo","COD_BNA_SH":"0114","COD_REG":"13"}},
{"type":"Feature","geometry":{"type":"Polygon","coordinates":[[[-70.9477,-33.56035],[-70.95361,-33.55],[-70.9856,-33.54655],[-70.99854,-33.5383],[-71.01404,-33.54167],[-71.04547,-33.55475],[-71.06713,-33.55518],[-71.07781,-33.54912],[-71.0921,-33.55261],[-71.12864,-33.54735],[-71.16333,-33.55468],[-71.17967,-33.55348],[-71.19208,-33.54647],[-71.20943,-33.56331],[-71.23513,-33.56537],[-71.22016,-33.57221],[-71.21515,-33.58208],[-71.21813,-33.60128],[-71.20366,-33.60251],[-71.19156,-33.61658],[-71.16854,-33.61012],[-71.1149,-33.63346],[-71.09512,-33.6337],[-71.07285,-33.62783],[-71.05861,-33.6371],[-71.03386,-33.64012],[-71.03077,-33.62705],[-71.01018,-33.62408],[-70.99467,-33.61256],[-70.96455,-33.62199],[-70.95025,-33.59868],[-70.93797,-33.59323],[-70.93602,-33.57806],[-70.9477,-33.56035]]]},"properties":{"COD_SHAC":"SHAC-13-28-274","SHAC":"La Higuera","REGION":"Metropolitana de Santiago","NOM_ACUIF":"Rio Maipo","COD_BNA_SH":"0127","COD_REG":"13"}},
{"type":"Feature","geometry":{"type":"Polygon","coordinates":[[[-71.89339,-37.33718],[-71.91989,-37.32279],[-71.93872,-37.31688],[-71.94999,-37.29538],[-71.96476,-37.27735],[-71.96567,-37.25155],[-71.99353,-37.2225],[-72.05003,-37.17513],[-72.12791,-37.15005],[-72.24101,-37.11838],[-72.30183,-37.10296],[-72.38976,-37.02808],[-72.38527,-37.01861],[-72.40168,-36.93483],[-72.41268,-36.91255],[-72.40555,-36.89389],[-72.41112,-36.88221],[-72.42722,-36.88134],[-72.44026,-36.8723],[-72.4732,-36.8664],[-72.50709,-36.8798],[-72.55722,-36.88194],[-72.56964,-36.89331],[-72.60329,-36.89229],[-72.64345,-36.88135],[-72.65729,-36.90931],[-72.64489,-36.9334],[-72.64704,-36.95247],[-72.65419,-36.96688],[-72.66918,-36.98178],[-72.67074,-36.99573],[-72.65234,-37.01588],[-72.65048,-37.02662],[-72.66157,-37.03523],[-72.65765,-37.05374],[-72.64947,-37.05545],[-72.64298,-37.09527],[-72.6575,-37.10807],[-72.65221,-37.13875],[-72.66198,-37.15816],[-72.67638,-37.16736],[-72.6794,-37.19046],[-72.7085,-37.2086],[-72.69921,-37.22172],[-72.71561,-37.23076],[-72.73068,-37.27171],[-72.70245,-37.272],[-72.69539,-37.26184],[-72.68075,-37.26175],[-72.65727,-37.27669],[-72.63653,-37.28071],[-72.62747,-37.29422],[-72.61202,-37.28238],[-72.58184,-37.28132],[-72.57266,-37.27109],[-72.53989,-37.26769],[-72.52149,-37.27494],[-72.51939,-37.28981],[-72.4987,-37.30189],[-72.47968,-37.30116],[-72.4329,-37.28265],[-72.40017,-37.28489],[-72.36764,-37.29805],[-72.32409,-37.31104],[-72.30912,-37.31322],[-72.25196,-37.31426],[-72.2384,-37.31788],[-72.2081,-37.30181],[-72.17497,-37.29473],[-72.15412,-37.2938],[-72.10814,-37.30299],[-72.09124,-37.31182],[-72.05569,-37.31599],[-72.01439,-37.32448],[-71.9721,-37.33799],[-71.95336,-37.33954],[-71.93326,-37.35177],[-71.91164,-37.35943],[-71.89626,-37.35774],[-71.89946,-37.34212],[-71.89339,-37.33718]]]},"properties":{"COD_SHAC":"SHAC-08-14-392","SHAC":"Rio Laja","REGION":"Biobio","NOM_ACUIF":"Rio Biobio","COD_BNA_SH":"0915","COD_REG":"8"}},
{"type":"Feature","geometry":{"type":"Polygon","coordinates":[[[-72.67451,-37.49831],[-72.68392,-37.48991],[-72.68775,-37.46765],[-72.69722,-37.46935],[-72.71916,-37.43294],[-72.70798,-37.41713],[-72.70894,-37.40423],[-72.72322,-37.38837],[-72.75389,-37.37283],[-72.76386,-37.36178],[-72.80693,-37.35367],[-72.81128,-37.34421],[-72.82804,-37.33372],[-72.88546,-37.32927],[-72.90233,-37.29905],[-72.92384,-37.29284],[-72.92356,-37.27858],[-72.93065,-37.27126],[-72.93025,-37.25459],[-72.93712,-37.2387],[-72.94822,-37.2461],[-72.94541,-37.25836],[-72.96488,-37.27363],[-72.98589,-37.26842],[-72.997,-37.27662],[-72.98536,-37.2893],[-72.9874,-37.31261],[-72.99623,-37.32106],[-72.98042,-37.34534],[-73.00251,-37.34502],[-73.02355,-37.36036],[-73.01328,-37.38096],[-73.00822,-37.4008],[-72.99483,-37.40982],[-72.99785,-37.42352],[-72.98154,-37.43241],[-72.98291,-37.4679],[-73.01202,-37.4839],[-73.018,-37.49595],[-73.01334,-37.5231],[-72.9845,-37.52939],[-72.99706,-37.54476],[-73.01353,-37.5481],[-73.02852,-37.57164],[-73.05138,-37.57042],[-73.06216,-37.58831],[-73.06395,-37.60939],[-73.0727,-37.63037],[-73.0581,-37.64034],[-73.07946,-37.663],[-73.07996,-37.67642],[-73.11461,-37.687],[-73.12418,-37.68942],[-73.11637,-37.69419],[-73.11229,-37.71263],[-73.10035,-37.7258],[-73.08385,-37.72141],[-73.07181,-37.70983],[-73.04038,-37.70975],[-73.0261,-37.71916],[-73.01628,-37.74597],[-73.01725,-37.75461],[-72.99713,-37.76212],[-72.99192,-37.74885],[-72.97684,-37.74624],[-72.97698,-37.73676],[-72.95492,-37.7382],[-72.92669,-37.73493],[-72.90913,-37.72958],[-72.89367,-37.74872],[-72.88238,-37.74944],[-72.87928,-37.77307],[-72.84765,-37.78296],[-72.83008,-37.77424],[-72.81429,-37.77745],[-72.78355,-37.75928],[-72.77186,-37.74554],[-72.75496,-37.74098],[-72.74636,-37.72846],[-72.71809,-37.72814],[-72.71793,-37.71736],[-72.69263,-37.70318],[-72.7112,-37.69284],[-72.71132,-37.66628],[-72.75698,-37.64261],[-72.7691,-37.62568],[-72.78358,-37.62323],[-72.7753,-37.59729],[-72.75745,-37.59668],[-72.73496,-37.5812],[-72.73169,-37.56043],[-72.70848,-37.56112],[-72.70411,-37.53569],[-72.69227,-37.51714],[-72.67451,-37.49831]]]},"properties":{"COD_SHAC":"SHAC-08-15-393","SHAC":"Tavoleo","REGION":"Biobio","NOM_ACUIF":"Rio Biobio","COD_BNA_SH":"0917","COD_REG":"8"}},
{"type":"Feature","geometry":{"type":"Polygon","coordinates":[[[-71.1645,-37.85483],[-71.2091,-37.86106],[-71.23926,-37.85368],[-71.26341,-37.86779],[-71.2772,-37.87142],[-71.28203,-37.88945],[-71.29501,-37.89446],[-71.31663,-37.89166],[-71.32988,-37.86103],[-71.35226,-37.85153],[-71.39288,-37.8561],[-71.40389,-37.84991],[-71.4231,-37.82196],[-71.44154,-37.81474],[-71.45613,-37.82552],[-71.47476,-37.8243],[-71.51066,-37.83162],[-71.51226,-37.84008],[-71.52938,-37.84406],[-71.53436,-37.85608],[-71.55834,-37.86198],[-71.57346,-37.87968],[-71.61912,-37.88447],[-71.62996,-37.90256],[-71.62524,-37.93551],[-71.62672,-37.95133],[-71.64213,-37.9599],[-71.63691,-37.96985],[-71.65656,-38.0055],[-71.64561,-38.01065],[-71.64421,-38.02616],[-71.64932,-38.04349],[-71.63205,-38.0457],[-71.62181,-38.05497],[-71.6333,-38.07089],[-71.63618,-38.09365],[-71.61377,-38.10333],[-71.6209,-38.12284],[-71.6388,-38.13452],[-71.6582,-38.12872],[-71.67158,-38.13917],[-71.68421,-38.17975],[-71.70658,-38.18811],[-71.71221,-38.22051],[-71.68875,-38.24098],[-71.69115,-38.25335],[-71.71036,-38.25951],[-71.69467,-38.28233],[-71.64855,-38.31457],[-71.63306,-38.31708],[-71.61491,-38.3292],[-71.59295,-38.37675],[-71.58103,-38.38226],[-71.55353,-38.37909],[-71.54284,-38.38186],[-71.53702,-38.36794],[-71.52534,-38.36388],[-71.50805,-38.37176],[-71.50777,-38.37999],[-71.47809,-38.38796],[-71.47837,-38.4042],[-71.46465,-38.41662],[-71.48157,-38.43183],[-71.48025,-38.44276],[-71.46022,-38.45156],[-71.44979,-38.4729],[-71.46421,-38.48992],[-71.4599,-38.49667],[-71.46066,-38.51908],[-71.46867,-38.52956],[-71.49024,-38.54222],[-71.51679,-38.5512],[-71.53783,-38.55189],[-71.56022,-38.55841],[-71.58506,-38.57913],[-71.5864,-38.58986],[-71.58883,-38.60135],[-71.58186,-38.61158],[-71.54761,-38.62583],[-71.54469,-38.63754],[-71.53254,-38.6512],[-71.52237,-38.64705],[-71.51171,-38.66067],[-71.49305,-38.66996],[-71.52465,-38.69422],[-71.53692,-38.7114],[-71.5184,-38.7276],[-71.50217,-38.72878],[-71.49468,-38.73713],[-71.50198,-38.75388],[-71.48544,-38.75645],[-71.46493,-38.77739],[-71.43472,-38.78412],[-71.41183,-38.79749],[-71.40663,-38.81117],[-71.38909,-38.82705],[-71.39455,-38.8419],[-71.40802,-38.85243],[-71.40966,-38.86957],[-71.41712,-38.8849],[-71.39717,-38.91387],[-71.374,-38.90547],[-71.36123,-38.88951],[-71.32884,-38.87446],[-71.31325,-38.87904],[-71.26849,-38.85229],[-71.27087,-38.83522],[-71.26156,-38.81575],[-71.22792,-38.81144],[-71.20476,-38.81664],[-71.18917,-38.81301],[-71.17968,-38.80207],[-71.15319,-38.79876],[-71.13635,-38.78273],[-71.1088,-38.77495],[-71.09252,-38.75503],[-71.06961,-38.76958],[-71.05705,-38.75901],[-71.01896,-38.76134],[-71.00601,-38.76984],[-70.97345,-38.75935],[-70.96564,-38.76324],[-70.92968,-38.76356],[-70.91383,-38.74905],[-70.90575,-38.72899],[-70.88986,-38.71737],[-70.88329,-38.70178],[-70.8989,-38.69034],[-70.90571,-38.67527],[-70.89571,-38.65532],[-70.88009,-38.64067],[-70.86587,-38.63388],[-70.86105,-38.62436],[-70.83611,-38.61275],[-70.82707,-38.59615],[-70.83505,-38.58754],[-70.83495,-38.55451],[-70.84421,-38.53692],[-70.8638,-38.52503],[-70.87529,-38.51134],[-70.90009,-38.50854],[-70.92514,-38.48812],[-70.92965,-38.4731],[-70.95914,-38.44392],[-70.97667,-38.44271],[-70.98377,-38.43031],[-70.98035,-38.41594],[-70.98602,-38.39799],[-70.9865,-38.37492],[-70.98257,-38.36508],[-70.99719,-38.3539],[-70.99624,-38.3407],[-71.00358,-38.32032],[-70.99859,-38.29253],[-71.01029,-38.28342],[-71.00849,-38.26388],[-71.02136,-38.24546],[-71.01527,-38.22719],[-71.01605,-38.21124],[-70.99709,-38.20391],[-70.99564,-38.17267],[-71.02374,-38.15144],[-71.02921,-38.1345],[-71.0425,-38.12258],[-71.02262,-38.11233],[-70.9903,-38.11185],[-70.9833,-38.10518],[-70.99226,-38.08381],[-71.01188,-38.08073],[-71.02689,-38.06168],[-71.0465,-38.05465],[-71.05065,-38.02782],[-71.06302,-38.01756],[-71.05539,-37.99286],[-71.0681,-37.98986],[-71.05996,-37.9703],[-71.0904,-37.96361],[-71.11014,-37.95073],[-71.10943,-37.92851],[-71.11481,-37.9195],[-71.10796,-37.89935],[-71.13514,-37.86433],[-71.1645,-37.85483]]]},"properties":{"COD_SHAC":"SHAC-09-02-395","SHAC":"Alto Biobio","REGION":"La Araucania","NOM_ACUIF":"Rio Biobio","COD_BNA_SH":"0910","COD_REG":"9"}},
{"type":"Feature","geometry":{"type":"Polygon","coordinates":[[[-71.68875,-38.24098],[-71.73578,-38.23067],[-71.75253,-38.23138],[-71.77996,-38.25066],[-71.80619,-38.24802],[-71.8189,-38.25606],[-71.84855,-38.25939],[-71.88446,-38.27784],[-71.904,-38.27871],[-71.90766,-38.29451],[-71.9314,-38.31208],[-71.95921,-38.33801],[-72.00988,-38.3671],[-72.03813,-38.39121],[-72.06096,-38.39973],[-72.12432,-38.38394],[-72.15139,-38.37999],[-72.2167,-38.38358],[-72.24533,-38.39422],[-72.27164,-38.41887],[-72.29226,-38.44277],[-72.34932,-38.4533],[-72.35976,-38.46283],[-72.38278,-38.47396],[-72.39386,-38.47274],[-72.42034,-38.48001],[-72.44726,-38.49638],[-72.46046,-38.52029],[-72.46996,-38.55418],[-72.48442,-38.56927],[-72.49707,-38.57282],[-72.54018,-38.57735],[-72.54779,-38.59406],[-72.5739,-38.6029],[-72.5878,-38.61416],[-72.57868,-38.62087],[-72.58111,-38.63963],[-72.59791,-38.65091],[-72.62531,-38.68584],[-72.66701,-38.67891],[-72.6872,-38.68578],[-72.69385,-38.70205],[-72.68615,-38.71865],[-72.70593,-38.72727],[-72.713,-38.74534],[-72.72275,-38.75052],[-72.76589,-38.75559],[-72.78533,-38.76464],[-72.80061,-38.76511],[-72.83704,-38.76005],[-72.87089,-38.76861],[-72.89947,-38.76347],[-72.93067,-38.75338],[-72.97141,-38.75619],[-72.98223,-38.75172],[-72.98757,-38.76631],[-72.97764,-38.78183],[-72.97846,-38.79963],[-73.00892,-38.80725],[-73.01201,-38.82906],[-72.99638,-38.83236],[-72.9831,-38.8442],[-72.98952,-38.86222],[-72.97212,-38.88046],[-72.94715,-38.89119],[-72.92797,-38.88271],[-72.921,-38.89077],[-72.88698,-38.8822],[-72.88025,-38.89081],[-72.89001,-38.90656],[-72.85488,-38.92774],[-72.79679,-38.94227],[-72.73651,-38.94623],[-72.70599,-38.94015],[-72.67203,-38.94599],[-72.65728,-38.95251],[-72.6332,-38.9524],[-72.62319,-38.95972],[-72.5991,-38.96094],[-72.55983,-38.97009],[-72.51419,-38.98784],[-72.49905,-38.99798],[-72.47398,-38.98317],[-72.4289,-38.97393],[-72.38972,-38.97499],[-72.36988,-38.97899],[-72.35727,-38.97266],[-72.33068,-38.97837],[-72.29559,-38.96189],[-72.27544,-38.95889],[-72.27039,-38.94426],[-72.24448,-38.95739],[-72.23554,-38.95551],[-72.22821,-38.93903],[-72.21018,-38.95122],[-72.1975,-38.93566],[-72.1808,-38.92832],[-72.1667,-38.91217],[-72.15784,-38.89258],[-72.11015,-38.89386],[-72.09097,-38.90584],[-72.0686,-38.90411],[-72.05647,-38.90886],[-72.05482,-38.90857],[-72.01037,-38.89997],[-72.0006,-38.89283],[-72.00018,-38.8782],[-71.97797,-38.87766],[-71.94049,-38.86765],[-71.91756,-38.85871],[-71.89966,-38.8435],[-71.89024,-38.82737],[-71.87788,-38.81867],[-71.88594,-38.79518],[-71.86999,-38.77721],[-71.83302,-38.77937],[-71.78974,-38.73466],[-71.74533,-38.71266],[-71.72705,-38.70591],[-71.73009,-38.69678],[-71.69691,-38.67239],[-71.67233,-38.66883],[-71.66376,-38.66296],[-71.62319,-38.66194],[-71.6024,-38.63451],[-71.59507,-38.603],[-71.5864,-38.58986],[-71.58506,-38.57913],[-71.56022,-38.55841],[-71.53783,-38.55189],[-71.51679,-38.5512],[-71.49024,-38.54222],[-71.46867,-38.52956],[-71.46066,-38.51908],[-71.4599,-38.49667],[-71.46421,-38.48992],[-71.44979,-38.4729],[-71.46022,-38.45156],[-71.48025,-38.44276],[-71.48157,-38.43183],[-71.46465,-38.41662],[-71.47837,-38.4042],[-71.47809,-38.38796],[-71.50777,-38.37999],[-71.50805,-38.37176],[-71.52534,-38.36388],[-71.53702,-38.36794],[-71.54284,-38.38186],[-71.55353,-38.37909],[-71.58103,-38.38226],[-71.59295,-38.37675],[-71.61491,-38.3292],[-71.63306,-38.31708],[-71.64855,-38.31457],[-71.69467,-38.28233],[-71.71036,-38.25951],[-71.69115,-38.25335],[-71.68875,-38.24098]]]},"properties":{"COD_SHAC":"SHAC-09-03-398","SHAC":"Cautin","REGION":"La Araucania","NOM_ACUIF":"Rio Imperial","COD_BNA_SH":"1096","COD_REG":"9"}},
{"type":"Feature","geometry":{"type":"Polygon","coordinates":[[[-72.91234,-38.44499],[-72.92996,-38.44841],[-72.94606,-38.44551],[-72.95575,-38.42841],[-72.96075,-38.40124],[-72.976,-38.39273],[-72.98476,-38.38101],[-73.01577,-38.37405],[-73.00677,-38.345],[-73.02693,-38.33789],[-73.03026,-38.3163],[-73.02551,-38.30548],[-73.0085,-38.29389],[-73.03001,-38.28484],[-73.056,-38.25775],[-73.04622,-38.24671],[-73.02234,-38.23724],[-73.02673,-38.21347],[-73.03879,-38.20286],[-73.05259,-38.1804],[-73.08217,-38.17838],[-73.09049,-38.18864],[-73.12966,-38.18386],[-73.13759,-38.21388],[-73.18356,-38.22952],[-73.19692,-38.2316],[-73.2006,-38.24619],[-73.21593,-38.25308],[-73.22497,-38.27275],[-73.24156,-38.27524],[-73.2651,-38.2846],[-73.28978,-38.30971],[-73.30616,-38.3206],[-73.31713,-38.3397],[-73.33864,-38.3514],[-73.33947,-38.36745],[-73.31048,-38.37436],[-73.3029,-38.38998],[-73.3002,-38.42228],[-73.28627,-38.42518],[-73.27364,-38.44021],[-73.28766,-38.45037],[-73.28438,-38.46349],[-73.27465,-38.46789],[-73.27691,-38.48423],[-73.27121,-38.49443],[-73.28277,-38.5067],[-73.28301,-38.51896],[-73.25758,-38.51092],[-73.22985,-38.50771],[-73.21198,-38.50964],[-73.20067,-38.50381],[-73.15548,-38.50542],[-73.13736,-38.50038],[-73.1239,-38.52868],[-73.10052,-38.5435],[-73.07871,-38.54934],[-73.06328,-38.5484],[-73.0401,-38.55538],[-73.01433,-38.55092],[-73.02065,-38.57928],[-73.01056,-38.58861],[-73.02088,-38.59645],[-73.00029,-38.61522],[-72.95028,-38.62615],[-72.94638,-38.63222],[-72.91955,-38.64256],[-72.90632,-38.65751],[-72.91051,-38.67173],[-72.93756,-38.69603],[-72.9673,-38.69586],[-72.98152,-38.70084],[-73.00171,-38.71695],[-72.97863,-38.74355],[-72.98223,-38.75172],[-72.97141,-38.75619],[-72.93067,-38.75338],[-72.89947,-38.76347],[-72.87089,-38.76861],[-72.83704,-38.76005],[-72.80061,-38.76511],[-72.78533,-38.76464],[-72.76589,-38.75559],[-72.72275,-38.75052],[-72.713,-38.74534],[-72.70593,-38.72727],[-72.68615,-38.71865],[-72.69385,-38.70205],[-72.6872,-38.68578],[-72.66701,-38.67891],[-72.62531,-38.68584],[-72.59791,-38.65091],[-72.58111,-38.63963],[-72.57868,-38.62087],[-72.5878,-38.61416],[-72.59129,-38.58076],[-72.6144,-38.57268],[-72.63066,-38.55439],[-72.64141,-38.55023],[-72.6487,-38.50915],[-72.63692,-38.49515],[-72.63136,-38.47837],[-72.64067,-38.4625],[-72.66731,-38.43574],[-72.67907,-38.42786],[-72.69803,-38.42863],[-72.72065,-38.43952],[-72.75597,-38.43074],[-72.78286,-38.43015],[-72.83972,-38.43602],[-72.85391,-38.4437],[-72.881,-38.43519],[-72.89029,-38.44265],[-72.91234,-38.44499]]]},"properties":{"COD_SHAC":"SHAC-09-04-399","SHAC":"Cholchol","REGION":"La Araucania","NOM_ACUIF":"Rio Imperial","COD_BNA_SH":"1097","COD_REG":"9"}},
{"type":"Feature","geometry":{"type":"Polygon","coordinates":[[[-73.28301,-38.51896],[-73.29996,-38.51427],[-73.34131,-38.51934],[-73.35849,-38.51821],[-73.36205,-38.50699],[-73.37583,-38.49883],[-73.38743,-38.50265],[-73.40112,-38.51932],[-73.42292,-38.5144],[-73.432,-38.50387],[-73.45377,-38.50504],[-73.4608,-38.48617],[-73.46115,-38.47036],[-73.4797,-38.46419],[-73.47911,-38.44405],[-73.51394,-38.44105],[-73.52475,-38.44802],[-73.52421,-38.46168],[-73.51248,-38.49465],[-73.51703,-38.50999],[-73.51423,-38.52364],[-73.50214,-38.54589],[-73.50423,-38.56627],[-73.49909,-38.58124],[-73.5012,-38.59545],[-73.48439,-38.63483],[-73.48866,-38.65711],[-73.47491,-38.68444],[-73.40529,-38.80476],[-73.39951,-38.82259],[-73.3905,-38.79954],[-73.36962,-38.78847],[-73.35142,-38.76155],[-73.33341,-38.75764],[-73.32728,-38.73707],[-73.29027,-38.72246],[-73.26935,-38.71738],[-73.26186,-38.73394],[-73.23978,-38.74628],[-73.18987,-38.73216],[-73.17338,-38.74183],[-73.17704,-38.75326],[-73.19608,-38.78664],[-73.19047,-38.80759],[-73.16645,-38.8127],[-73.17096,-38.82625],[-73.15344,-38.82881],[-73.13604,-38.81488],[-73.10814,-38.80956],[-73.11052,-38.8347],[-73.12745,-38.84586],[-73.1131,-38.86101],[-73.11702,-38.8843],[-73.11132,-38.89731],[-73.08486,-38.89876],[-73.07379,-38.89197],[-73.03971,-38.90059],[-73.03486,-38.91224],[-73.01105,-38.91951],[-73.00443,-38.9041],[-72.98338,-38.89364],[-72.97212,-38.88046],[-72.98952,-38.86222],[-72.9831,-38.8442],[-72.99638,-38.83236],[-73.01201,-38.82906],[-73.00892,-38.80725],[-72.97846,-38.79963],[-72.97764,-38.78183],[-72.98757,-38.76631],[-72.98223,-38.75172],[-72.97863,-38.74355],[-73.00171,-38.71695],[-72.98152,-38.70084],[-72.9673,-38.69586],[-72.93756,-38.69603],[-72.91051,-38.67173],[-72.90632,-38.65751],[-72.91955,-38.64256],[-72.94638,-38.63222],[-72.95028,-38.62615],[-73.00029,-38.61522],[-73.02088,-38.59645],[-73.01056,-38.58861],[-73.02065,-38.57928],[-73.01433,-38.55092],[-73.0401,-38.55538],[-73.06328,-38.5484],[-73.07871,-38.54934],[-73.10052,-38.5435],[-73.1239,-38.52868],[-73.13736,-38.50038],[-73.15548,-38.50542],[-73.20067,-38.50381],[-73.21198,-38.50964],[-73.22985,-38.50771],[-73.25758,-38.51092],[-73.28301,-38.51896]]]},"properties":{"COD_SHAC":"SHAC-09-05-400","SHAC":"Imperial Bajo","REGION":"La Araucania","NOM_ACUIF":"Rio Imperial","COD_BNA_SH":"1098","COD_REG":"9"}},
{"type":"Feature","geometry":{"type":"Polygon","coordinates":[[[-73.11132,-38.89731],[-73.11702,-38.8843],[-73.1131,-38.86101],[-73.12745,-38.84586],[-73.11052,-38.8347],[-73.10814,-38.80956],[-73.13604,-38.81488],[-73.15344,-38.82881],[-73.17096,-38.82625],[-73.16645,-38.8127],[-73.19047,-38.80759],[-73.19608,-38.78664],[-73.17704,-38.75326],[-73.17338,-38.74183],[-73.18987,-38.73216],[-73.23978,-38.74628],[-73.26186,-38.73394],[-73.26935,-38.71738],[-73.29027,-38.72246],[-73.32728,-38.73707],[-73.33341,-38.75764],[-73.35142,-38.76155],[-73.36962,-38.78847],[-73.3905,-38.79954],[-73.39951,-38.82259],[-73.35669,-38.9164],[-73.32333,-38.98259],[-73.28839,-39.07013],[-73.26274,-39.15249],[-73.2326,-39.15073],[-73.22594,-39.13614],[-73.22382,-39.11186],[-73.23677,-39.08886],[-73.23725,-39.07606],[-73.20632,-39.02489],[-73.16504,-39.02069],[-73.155,-38.98891],[-73.14215,-38.979],[-73.14785,-38.96296],[-73.14451,-38.94835],[-73.16073,-38.94172],[-73.14421,-38.92482],[-73.12022,-38.90902],[-73.11132,-38.89731]]]},"properties":{"COD_SHAC":"SHAC-09-01-394","SHAC":"Lago Budi","REGION":"La Araucania","NOM_ACUIF":"Costeras IX","COD_BNA_SH":"0919","COD_REG":"9"}},
{"type":"Feature","geometry":{"type":"Polygon","coordinates":[[[-72.80968,-38.18419],[-72.79041,-38.18604],[-72.78742,-38.15821],[-72.79101,-38.14779],[-72.80699,-38.12771],[-72.80808,-38.11381],[-72.81878,-38.09643],[-72.818,-38.07648],[-72.79944,-38.06039],[-72.81153,-38.05228],[-72.80862,-38.03294],[-72.816,-38.01996],[-72.83148,-38.00806],[-72.86919,-38.0195],[-72.89203,-38.00991],[-72.89705,-37.99531],[-72.87485,-37.98034],[-72.86796,-37.95752],[-72.87744,-37.9449],[-72.86409,-37.93231],[-72.85722,-37.91423],[-72.86569,-37.88788],[-72.87602,-37.87766],[-72.8941,-37.86973],[-72.90472,-37.84672],[-72.93508,-37.85484],[-72.96365,-37.85631],[-72.96736,-37.8352],[-72.96217,-37.82476],[-72.99506,-37.82797],[-73.0006,-37.8173],[-73.01696,-37.8153],[-73.03271,-37.82087],[-73.046,-37.83679],[-73.04401,-37.84266],[-73.07354,-37.8556],[-73.08077,-37.86605],[-73.12734,-37.8777],[-73.1292,-37.89476],[-73.11059,-37.90825],[-73.11055,-37.92635],[-73.12157,-37.94891],[-73.12152,-37.96135],[-73.13928,-37.97756],[-73.15982,-37.97945],[-73.16589,-37.98578],[-73.18535,-37.98723],[-73.18149,-38.00245],[-73.19463,-38.01422],[-73.20357,-38.0348],[-73.20597,-38.05161],[-73.18137,-38.06317],[-73.15975,-38.0663],[-73.15097,-38.07713],[-73.12403,-38.07721],[-73.09826,-38.09524],[-73.08084,-38.09556],[-73.07297,-38.12219],[-73.07892,-38.13847],[-73.08934,-38.14805],[-73.07738,-38.16717],[-73.08217,-38.17838],[-73.05259,-38.1804],[-73.03879,-38.20286],[-73.02673,-38.21347],[-73.02234,-38.23724],[-73.04622,-38.24671],[-73.056,-38.25775],[-73.03001,-38.28484],[-73.0085,-38.29389],[-73.02551,-38.30548],[-73.03026,-38.3163],[-73.02693,-38.33789],[-73.00677,-38.345],[-73.01577,-38.37405],[-72.98476,-38.38101],[-72.976,-38.39273],[-72.96075,-38.40124],[-72.95575,-38.42841],[-72.94606,-38.44551],[-72.92996,-38.44841],[-72.91234,-38.44499],[-72.91088,-38.42389],[-72.91848,-38.40652],[-72.90077,-38.40421],[-72.88542,-38.38974],[-72.88138,-38.37898],[-72.89742,-38.35463],[-72.88101,-38.33702],[-72.86075,-38.33122],[-72.85603,-38.31746],[-72.83677,-38.30902],[-72.82672,-38.28364],[-72.80614,-38.27703],[-72.83913,-38.26416],[-72.83815,-38.22578],[-72.8277,-38.2106],[-72.83917,-38.19538],[-72.81846,-38.18377],[-72.80968,-38.18419]]]},"properties":{"COD_SHAC":"SHAC-09-06-401","SHAC":"Puren","REGION":"La Araucania","NOM_ACUIF":"Rio Imperial","COD_BNA_SH":"1099","COD_REG":"9"}},
{"type":"Feature","geometry":{"type":"Polygon","coordinates":[[[-72.49018,-37.62611],[-72.49929,-37.6171],[-72.52749,-37.61208],[-72.53971,-37.60237],[-72.57668,-37.59363],[-72.60638,-37.58142],[-72.62707,-37.5557],[-72.63558,-37.5338],[-72.63354,-37.52353],[-72.65537,-37.50909],[-72.66342,-37.49292],[-72.67451,-37.49831],[-72.69227,-37.51714],[-72.70411,-37.53569],[-72.70848,-37.56112],[-72.73169,-37.56043],[-72.73496,-37.5812],[-72.75745,-37.59668],[-72.7753,-37.59729],[-72.78358,-37.62323],[-72.7691,-37.62568],[-72.75698,-37.64261],[-72.71132,-37.66628],[-72.7112,-37.69284],[-72.69263,-37.70318],[-72.71793,-37.71736],[-72.71809,-37.72814],[-72.74636,-37.72846],[-72.75496,-37.74098],[-72.77186,-37.74554],[-72.78355,-37.75928],[-72.81429,-37.77745],[-72.83008,-37.77424],[-72.84765,-37.78296],[-72.87928,-37.77307],[-72.88238,-37.74944],[-72.89367,-37.74872],[-72.90913,-37.72958],[-72.92669,-37.73493],[-72.95492,-37.7382],[-72.97698,-37.73676],[-72.97684,-37.74624],[-72.99192,-37.74885],[-72.99713,-37.76212],[-73.01725,-37.75461],[-73.03992,-37.77268],[-73.02401,-37.80353],[-73.03271,-37.82087],[-73.01696,-37.8153],[-73.0006,-37.8173],[-72.99506,-37.82797],[-72.96217,-37.82476],[-72.96736,-37.8352],[-72.96365,-37.85631],[-72.93508,-37.85484],[-72.90472,-37.84672],[-72.8941,-37.86973],[-72.87602,-37.87766],[-72.86569,-37.88788],[-72.85722,-37.91423],[-72.86409,-37.93231],[-72.87744,-37.9449],[-72.86796,-37.95752],[-72.87485,-37.98034],[-72.89705,-37.99531],[-72.89203,-38.00991],[-72.86919,-38.0195],[-72.83148,-38.00806],[-72.816,-38.01996],[-72.80862,-38.03294],[-72.81153,-38.05228],[-72.79944,-38.06039],[-72.818,-38.07648],[-72.81878,-38.09643],[-72.80808,-38.11381],[-72.80699,-38.12771],[-72.79101,-38.14779],[-72.78742,-38.15821],[-72.79041,-38.18604],[-72.80968,-38.18419],[-72.81465,-38.19544],[-72.79626,-38.20419],[-72.77883,-38.2019],[-72.74075,-38.20353],[-72.71516,-38.19362],[-72.68675,-38.20018],[-72.66673,-38.21054],[-72.64767,-38.21275],[-72.58781,-38.22698],[-72.55756,-38.2243],[-72.52557,-38.23715],[-72.51444,-38.21292],[-72.52382,-38.20607],[-72.50487,-38.18767],[-72.5078,-38.1648],[-72.46375,-38.14922],[-72.44371,-38.14878],[-72.42681,-38.14343],[-72.41183,-38.15174],[-72.37831,-38.14429],[-72.37207,-38.12962],[-72.34878,-38.12061],[-72.3409,-38.12437],[-72.27539,-38.12843],[-72.23351,-38.12764],[-72.20403,-38.13201],[-72.18245,-38.1285],[-72.16637,-38.13206],[-72.14165,-38.14408],[-72.12634,-38.14058],[-72.10833,-38.14644],[-72.10091,-38.16129],[-72.07474,-38.17176],[-72.02727,-38.17926],[-71.99424,-38.1873],[-71.97394,-38.1965],[-71.96889,-38.20757],[-71.94347,-38.22304],[-71.9271,-38.22459],[-71.9012,-38.24202],[-71.86822,-38.24569],[-71.83514,-38.24058],[-71.81734,-38.24132],[-71.80619,-38.24802],[-71.77996,-38.25066],[-71.75253,-38.23138],[-71.73578,-38.23067],[-71.68875,-38.24098],[-71.71221,-38.22051],[-71.70658,-38.18811],[-71.71879,-38.16576],[-71.73361,-38.15325],[-71.76711,-38.14423],[-71.78975,-38.13041],[-71.80366,-38.13558],[-71.82412,-38.13499],[-71.84509,-38.1269],[-71.8954,-38.12899],[-71.93073,-38.13533],[-71.95686,-38.1491],[-71.95522,-38.15809],[-71.96849,-38.16988],[-71.99241,-38.16032],[-72.00661,-38.16357],[-72.029,-38.1614],[-72.08138,-38.13796],[-72.09301,-38.12799],[-72.11063,-38.12132],[-72.18841,-38.07869],[-72.24494,-38.0692],[-72.2518,-38.05502],[-72.29481,-38.04155],[-72.32505,-38.03666],[-72.33277,-38.02173],[-72.36319,-37.98912],[-72.3708,-37.97202],[-72.3865,-37.96074],[-72.40521,-37.93986],[-72.41318,-37.919],[-72.4321,-37.89911],[-72.43561,-37.88054],[-72.45299,-37.86301],[-72.46535,-37.80435],[-72.47729,-37.7991],[-72.48977,-37.77853],[-72.49949,-37.77261],[-72.50286,-37.75534],[-72.52894,-37.74966],[-72.55717,-37.73582],[-72.5624,-37.72758],[-72.59285,-37.70357],[-72.59999,-37.70105],[-72.62419,-37.67607],[-72.64401,-37.66124],[-72.5732,-37.64457],[-72.5081,-37.6407],[-72.50494,-37.62979],[-72.49018,-37.62611]]]},"properties":{"COD_SHAC":"SHAC-08-17-397","SHAC":"Rio Vergara","REGION":"Biobio","NOM_ACUIF":"Rio Biobio","COD_BNA_SH":"1090","COD_REG":"8"}},
{"type":"Feature","geometry":{"type":"Polygon","coordinates":[[[-71.89656,-39.27474],[-71.89136,-39.29324],[-71.87132,-39.30926],[-71.84957,-39.33244],[-71.84436,-39.34615],[-71.84673,-39.36469],[-71.82895,-39.38843],[-71.87376,-39.41922],[-71.86924,-39.42887],[-71.87063,-39.43494],[-71.87295,-39.43524],[-71.8741,-39.43574],[-71.87097,-39.4368],[-71.85691,-39.44828],[-71.85474,-39.45278],[-71.84069,-39.47023],[-71.81794,-39.47832],[-71.80508,-39.4903],[-71.75449,-39.50421],[-71.72285,-39.4958],[-71.70536,-39.49436],[-71.68868,-39.50823],[-71.6843,-39.54612],[-71.67273,-39.56511],[-71.6546,-39.58688],[-71.62649,-39.59053],[-71.61619,-39.6035],[-71.61073,-39.62794],[-71.57791,-39.63375],[-71.56508,-39.62932],[-71.50297,-39.63757],[-71.47908,-39.60933],[-71.46014,-39.57963],[-71.47497,-39.56627],[-71.47336,-39.55219],[-71.49738,-39.55528],[-71.53006,-39.53654],[-71.5334,-39.52658],[-71.51173,-39.50071],[-71.47444,-39.49498],[-71.4632,-39.47208],[-71.46209,-39.46062],[-71.44907,-39.45597],[-71.45186,-39.44011],[-71.44359,-39.42869],[-71.46185,-39.422],[-71.4431,-39.39947],[-71.45392,-39.39017],[-71.45763,-39.37224],[-71.44036,-39.37017],[-71.4008,-39.35141],[-71.3948,-39.34197],[-71.39569,-39.32642],[-71.38776,-39.31608],[-71.39409,-39.30352],[-71.38492,-39.28579],[-71.37625,-39.28331],[-71.37708,-39.26828],[-71.39047,-39.25913],[-71.38384,-39.23508],[-71.39212,-39.21681],[-71.38182,-39.2133],[-71.39431,-39.19581],[-71.39436,-39.1785],[-71.40086,-39.16375],[-71.4179,-39.15455],[-71.41411,-39.1409],[-71.41921,-39.1264],[-71.40776,-39.09959],[-71.41755,-39.06898],[-71.40863,-39.05131],[-71.39423,-39.04649],[-71.40306,-39.0355],[-71.42127,-39.02372],[-71.43437,-38.97753],[-71.46971,-38.97126],[-71.49741,-38.97789],[-71.5025,-38.98737],[-71.53421,-39.00225],[-71.56102,-39.00274],[-71.55713,-39.0204],[-71.56306,-39.03023],[-71.54531,-39.04457],[-71.54469,-39.07818],[-71.52763,-39.08988],[-71.52084,-39.10098],[-71.52469,-39.11784],[-71.54228,-39.14075],[-71.54722,-39.1609],[-71.53177,-39.1727],[-71.50392,-39.18443],[-71.50178,-39.19658],[-71.5155,-39.20439],[-71.51928,-39.22905],[-71.53576,-39.22874],[-71.56339,-39.24243],[-71.57451,-39.23954],[-71.59568,-39.24565],[-71.62072,-39.24829],[-71.62483,-39.25943],[-71.63964,-39.26047],[-71.64601,-39.2724],[-71.62713,-39.28846],[-71.6308,-39.30758],[-71.64579,-39.31787],[-71.66476,-39.3214],[-71.69169,-39.30824],[-71.77609,-39.30342],[-71.80514,-39.29754],[-71.82204,-39.28453],[-71.86691,-39.27884],[-71.87902,-39.26915],[-71.89656,-39.27474]]]},"properties":{"COD_SHAC":"SHAC-09-08-403-1","SHAC":"Trancura","REGION":"La Araucania","NOM_ACUIF":"Rio Tolten","COD_BNA_SH":"1312","COD_REG":"9"}},
{"type":"Feature","geometry":{"type":"Polygon","coordinates":[[[-72.86592,-39.28782],[-72.85643,-39.26218],[-72.86569,-39.21574],[-72.88616,-39.20465],[-72.87602,-39.19202],[-72.88837,-39.17622],[-72.909,-39.16495],[-72.92121,-39.14671],[-72.94165,-39.14989],[-72.98259,-39.13083],[-73.00158,-39.12432],[-73.01289,-39.10763],[-73.00164,-39.07992],[-73.0022,-39.0656],[-73.02293,-39.05497],[-73.01775,-39.03064],[-73.02804,-39.02504],[-73.06165,-39.02381],[-73.10925,-39.04592],[-73.12816,-39.04211],[-73.12242,-39.02997],[-73.11997,-38.99907],[-73.14215,-38.979],[-73.155,-38.98891],[-73.16504,-39.02069],[-73.20632,-39.02489],[-73.23725,-39.07606],[-73.23677,-39.08886],[-73.22382,-39.11186],[-73.22594,-39.13614],[-73.2326,-39.15073],[-73.26274,-39.15249],[-73.25148,-39.1776],[-73.24138,-39.21844],[-73.22881,-39.24852],[-73.21962,-39.29047],[-73.23278,-39.30545],[-73.22275,-39.31443],[-73.20732,-39.35616],[-73.20628,-39.37615],[-73.22545,-39.39405],[-73.20416,-39.41206],[-73.17919,-39.41132],[-73.17209,-39.41665],[-73.14847,-39.41201],[-73.12919,-39.39293],[-73.09359,-39.39381],[-73.04703,-39.33773],[-73.03289,-39.33452],[-73.0306,-39.31293],[-73.02108,-39.29786],[-73.00886,-39.29341],[-72.97668,-39.30147],[-72.95786,-39.31719],[-72.94531,-39.31746],[-72.91589,-39.30043],[-72.90399,-39.28929],[-72.86592,-39.28782]]]},"properties":{"COD_SHAC":"SHAC-09-09-404","SHAC":"Tolten Bajo","REGION":"La Araucania","NOM_ACUIF":"Rio Tolten","COD_BNA_SH":"1113","COD_REG":"9"}},
{"type":"Feature","geometry":{"type":"Polygon","coordinates":[[[-72.49905,-38.99798],[-72.51419,-38.98784],[-72.55983,-38.97009],[-72.5991,-38.96094],[-72.62319,-38.95972],[-72.6332,-38.9524],[-72.65728,-38.95251],[-72.67203,-38.94599],[-72.70599,-38.94015],[-72.73651,-38.94623],[-72.79679,-38.94227],[-72.85488,-38.92774],[-72.89001,-38.90656],[-72.88025,-38.89081],[-72.88698,-38.8822],[-72.921,-38.89077],[-72.92797,-38.88271],[-72.94715,-38.89119],[-72.97212,-38.88046],[-72.98338,-38.89364],[-73.00443,-38.9041],[-73.01105,-38.91951],[-73.03486,-38.91224],[-73.03971,-38.90059],[-73.07379,-38.89197],[-73.08486,-38.89876],[-73.11132,-38.89731],[-73.12022,-38.90902],[-73.14421,-38.92482],[-73.16073,-38.94172],[-73.14451,-38.94835],[-73.14785,-38.96296],[-73.14215,-38.979],[-73.11997,-38.99907],[-73.12242,-39.02997],[-73.12816,-39.04211],[-73.10925,-39.04592],[-73.06165,-39.02381],[-73.02804,-39.02504],[-73.01775,-39.03064],[-73.02293,-39.05497],[-73.0022,-39.0656],[-73.00164,-39.07992],[-73.01289,-39.10763],[-73.00158,-39.12432],[-72.98259,-39.13083],[-72.94165,-39.14989],[-72.92121,-39.14671],[-72.909,-39.16495],[-72.88837,-39.17622],[-72.87602,-39.19202],[-72.88616,-39.20465],[-72.86569,-39.21574],[-72.85643,-39.26218],[-72.86592,-39.28782],[-72.84894,-39.29187],[-72.83434,-39.31525],[-72.84519,-39.33567],[-72.83518,-39.34542],[-72.81933,-39.34898],[-72.79505,-39.33222],[-72.76198,-39.33625],[-72.74254,-39.32324],[-72.73603,-39.30982],[-72.70107,-39.32792],[-72.67432,-39.32265],[-72.65691,-39.31107],[-72.6376,-39.30675],[-72.62078,-39.31586],[-72.56258,-39.29446],[-72.52022,-39.29871],[-72.49953,-39.30491],[-72.45678,-39.30813],[-72.4401,-39.31986],[-72.42073,-39.3101],[-72.38731,-39.31833],[-72.35301,-39.31107],[-72.3081,-39.31505],[-72.29683,-39.3269],[-72.29074,-39.3199],[-72.30083,-39.30831],[-72.31786,-39.30412],[-72.33055,-39.29226],[-72.3332,-39.26344],[-72.35314,-39.25522],[-72.36003,-39.23592],[-72.34546,-39.23461],[-72.33034,-39.20531],[-72.3423,-39.17173],[-72.35522,-39.1539],[-72.38588,-39.12901],[-72.41178,-39.11674],[-72.42884,-39.12372],[-72.44893,-39.12625],[-72.48243,-39.09226],[-72.50433,-39.08549],[-72.5151,-39.07688],[-72.52668,-39.0523],[-72.55292,-39.04313],[-72.55378,-39.02182],[-72.5199,-39.01714],[-72.5187,-39.01666],[-72.49905,-38.99798]]]},"properties":{"COD_SHAC":"SHAC-09-10-405","SHAC":"Tolten Medio","REGION":"La Araucania","NOM_ACUIF":"Rio Tolten","COD_BNA_SH":"1114","COD_REG":"9"}},
{"type":"Feature","geometry":{"type":"Polygon","coordinates":[[[-72.31371,-35.427],[-72.33031,-35.42466],[-72.35992,-35.41145],[-72.36122,-35.39823],[-72.3778,-35.39161],[-72.39905,-35.37104],[-72.43046,-35.37891],[-72.44478,-35.35173],[-72.47163,-35.36229],[-72.47826,-35.3759],[-72.49835,-35.39286],[-72.48917,-35.42247],[-72.48682,-35.45604],[-72.4941,-35.46924],[-72.50979,-35.47698],[-72.52841,-35.50385],[-72.53833,-35.50987],[-72.56152,-35.51434],[-72.57529,-35.53256],[-72.61927,-35.56175],[-72.62044,-35.58106],[-72.63776,-35.60419],[-72.60942,-35.64843],[-72.58308,-35.70111],[-72.56264,-35.76979],[-72.52115,-35.7611],[-72.5004,-35.74753],[-72.4881,-35.74445],[-72.47028,-35.7227],[-72.45381,-35.7105],[-72.41962,-35.71968],[-72.4002,-35.71467],[-72.39163,-35.7187],[-72.3724,-35.71195],[-72.3565,-35.71838],[-72.3352,-35.69652],[-72.32533,-35.71669],[-72.27833,-35.7159],[-72.28273,-35.73869],[-72.30143,-35.75811],[-72.30113,-35.76437],[-72.28509,-35.76344],[-72.26512,-35.7695],[-72.25325,-35.79233],[-72.23853,-35.77778],[-72.23027,-35.77956],[-72.20703,-35.76877],[-72.19525,-35.77187],[-72.18443,-35.78606],[-72.16938,-35.7871],[-72.16456,-35.7785],[-72.14728,-35.78032],[-72.12287,-35.76271],[-72.13661,-35.74822],[-72.16018,-35.73085],[-72.17724,-35.72305],[-72.19146,-35.72386],[-72.20199,-35.71558],[-72.16753,-35.70536],[-72.15987,-35.686],[-72.14352,-35.6847],[-72.13642,-35.66921],[-72.15124,-35.63499],[-72.16524,-35.63084],[-72.18735,-35.61739],[-72.17762,-35.60565],[-72.17071,-35.58486],[-72.18222,-35.57472],[-72.19947,-35.59332],[-72.21261,-35.58386],[-72.23898,-35.55181],[-72.24649,-35.54793],[-72.24704,-35.52208],[-72.26514,-35.51867],[-72.27736,-35.50689],[-72.29304,-35.5057],[-72.30136,-35.48948],[-72.29655,-35.47837],[-72.30118,-35.46246],[-72.32146,-35.46181],[-72.33014,-35.45443],[-72.32957,-35.44072],[-72.31371,-35.427]]]},"properties":{"COD_SHAC":"SHAC-07-01-356","SHAC":"Dunas de Chanco","REGION":"Maule","NOM_ACUIF":"Costeras Maule","COD_BNA_SH":"0906","COD_REG":"7"}},
{"type":"Feature","geometry":{"type":"Polygon","coordinates":[[[-70.41303,-35.62825],[-70.4236,-35.61834],[-70.42844,-35.59901],[-70.44103,-35.59391],[-70.46439,-35.59903],[-70.48958,-35.57837],[-70.49697,-35.54115],[-70.49629,-35.52084],[-70.50653,-35.50477],[-70.53333,-35.52164],[-70.54147,-35.51893],[-70.57056,-35.4974],[-70.60471,-35.49719],[-70.63289,-35.51351],[-70.66503,-35.52592],[-70.68655,-35.51457],[-70.7003,-35.52956],[-70.72284,-35.54385],[-70.73366,-35.54403],[-70.75117,-35.55977],[-70.76548,-35.56045],[-70.76616,-35.52324],[-70.78906,-35.517],[-70.78616,-35.50426],[-70.82074,-35.50865],[-70.8375,-35.51373],[-70.8588,-35.5281],[-70.89522,-35.52461],[-70.94824,-35.52683],[-70.98225,-35.53853],[-70.98865,-35.5587],[-70.96883,-35.57594],[-70.97575,-35.60138],[-70.98775,-35.6044],[-71.00528,-35.61651],[-71.02111,-35.61073],[-71.04046,-35.64024],[-71.05072,-35.64646],[-71.07876,-35.64744],[-71.09732,-35.63948],[-71.12255,-35.6511],[-71.12842,-35.66627],[-71.15488,-35.67078],[-71.18247,-35.65466],[-71.19566,-35.65614],[-71.21387,-35.64924],[-71.22696,-35.63784],[-71.25516,-35.64297],[-71.28779,-35.66199],[-71.32668,-35.65586],[-71.34436,-35.67239],[-71.35117,-35.68981],[-71.36653,-35.69845],[-71.34115,-35.70884],[-71.33227,-35.72423],[-71.32008,-35.73192],[-71.31427,-35.74749],[-71.29278,-35.74665],[-71.29259,-35.75677],[-71.27057,-35.76755],[-71.2592,-35.78424],[-71.22291,-35.7919],[-71.19735,-35.80775],[-71.18046,-35.81025],[-71.17395,-35.81861],[-71.15055,-35.81566],[-71.12907,-35.81941],[-71.10772,-35.83268],[-71.11024,-35.8411],[-71.09221,-35.85371],[-71.08681,-35.86699],[-71.08886,-35.88949],[-71.08149,-35.9026],[-71.06884,-35.91105],[-71.06946,-35.92835],[-71.09155,-35.9537],[-71.10612,-35.97967],[-71.12635,-35.98511],[-71.13128,-36.00805],[-71.10266,-36.01519],[-71.07973,-36.02536],[-71.07103,-36.01536],[-71.07635,-36.00337],[-71.07183,-35.99201],[-71.04532,-36.00116],[-71.04613,-36.01641],[-71.03818,-36.03385],[-71.04697,-36.03949],[-71.03188,-36.07369],[-71.01118,-36.0796],[-71.00621,-36.08762],[-71.0121,-36.10302],[-71.02541,-36.11086],[-71.03214,-36.14712],[-71.02754,-36.17387],[-71.01823,-36.17892],[-71.03068,-36.19513],[-71.03571,-36.21176],[-71.05126,-36.21547],[-71.05788,-36.22385],[-71.08726,-36.22815],[-71.12629,-36.25484],[-71.14776,-36.25842],[-71.15292,-36.26573],[-71.15286,-36.30012],[-71.13046,-36.31478],[-71.13361,-36.32303],[-71.10931,-36.33742],[-71.11324,-36.3613],[-71.09981,-36.36962],[-71.08336,-36.36815],[-71.05963,-36.38732],[-71.06468,-36.40977],[-71.05845,-36.42247],[-71.06877,-36.45153],[-71.05973,-36.46261],[-71.03563,-36.47427],[-71.01828,-36.47404],[-71.01067,-36.48766],[-70.99816,-36.48616],[-70.97885,-36.49331],[-70.97483,-36.50152],[-70.95372,-36.50151],[-70.94476,-36.49059],[-70.93411,-36.49014],[-70.92496,-36.47351],[-70.8935,-36.47109],[-70.8878,-36.46102],[-70.89488,-36.45205],[-70.88723,-36.43954],[-70.89153,-36.42445],[-70.88954,-36.39969],[-70.87222,-36.39773],[-70.87072,-36.40696],[-70.84823,-36.41894],[-70.81601,-36.39545],[-70.79416,-36.41941],[-70.79168,-36.42778],[-70.77307,-36.42811],[-70.75458,-36.4074],[-70.73522,-36.415],[-70.73927,-36.42895],[-70.71229,-36.42645],[-70.70103,-36.40943],[-70.68811,-36.40682],[-70.67842,-36.39037],[-70.67891,-36.37694],[-70.69201,-36.35962],[-70.71035,-36.34864],[-70.70274,-36.3214],[-70.6862,-36.30892],[-70.68482,-36.28389],[-70.70561,-36.27226],[-70.68089,-36.25586],[-70.6774,-36.24971],[-70.65609,-36.24081],[-70.63879,-36.24303],[-70.62488,-36.22725],[-70.63342,-36.21685],[-70.60784,-36.20658],[-70.59878,-36.19136],[-70.58515,-36.18845],[-70.57095,-36.17498],[-70.58331,-36.14727],[-70.5698,-36.13258],[-70.54365,-36.14281],[-70.53465,-36.14182],[-70.51046,-36.15564],[-70.50676,-36.16732],[-70.49508,-36.1749],[-70.44935,-36.17227],[-70.442,-36.16382],[-70.4217,-36.15365],[-70.4181,-36.13582],[-70.42144,-36.12526],[-70.41601,-36.10519],[-70.42572,-36.09649],[-70.41093,-36.07356],[-70.41437,-36.06453],[-70.40575,-36.05166],[-70.39241,-36.05437],[-70.37151,-36.04313],[-70.38022,-36.02553],[-70.38213,-35.99771],[-70.42263,-35.97207],[-70.41433,-35.9597],[-70.39244,-35.95158],[-70.36883,-35.92332],[-70.40176,-35.9222],[-70.4238,-35.91338],[-70.42514,-35.89903],[-70.42104,-35.87451],[-70.41089,-35.86905],[-70.38344,-35.86862],[-70.37829,-35.84832],[-70.35646,-35.84169],[-70.32234,-35.8242],[-70.31921,-35.81493],[-70.32903,-35.80067],[-70.35185,-35.7993],[-70.37362,-35.78975],[-70.37919,-35.78142],[-70.37595,-35.76601],[-70.36116,-35.75576],[-70.36443,-35.73302],[-70.37612,-35.72283],[-70.37859,-35.69906],[-70.40458,-35.67824],[-70.39781,-35.66254],[-70.41005,-35.64364],[-70.42258,-35.63651],[-70.41303,-35.62825]]]},"properties":{"COD_SHAC":"SHAC-07-10-367","SHAC":"Maule Alto","REGION":"Maule","NOM_ACUIF":"Rio Maule","COD_BNA_SH":"1111","COD_REG":"7"}},
{"type":"Feature","geometry":{"type":"Polygon","coordinates":[[[-70.47315,-33.2185],[-70.50758,-33.21879],[-70.5236,-33.23797],[-70.55974,-33.24177],[-70.56032,-33.25224],[-70.57403,-33.26698],[-70.5753,-33.28832],[-70.6027,-33.30852],[-70.59629,-33.33559],[-70.58381,-33.34904],[-70.55057,-33.36137],[-70.53678,-33.36998],[-70.52104,-33.36835],[-70.49326,-33.35491],[-70.49771,-33.34068],[-70.4945,-33.32438],[-70.48112,-33.31007],[-70.48209,-33.29397],[-70.47611,-33.27992],[-70.4796,-33.26783],[-70.46938,-33.25377],[-70.47466,-33.22807],[-70.47315,-33.2185]]]},"properties":{"COD_SHAC":"SHAC-13-31-277","SHAC":"Las Gualtatas","REGION":"Metropolitana de Santiago","NOM_ACUIF":"Rio Maipo","COD_BNA_SH":"0119","COD_REG":"13"}},
{"type":"Feature","geometry":{"type":"Polygon","coordinates":[[[-70.43615,-33.35005],[-70.45984,-33.33502],[-70.48112,-33.31007],[-70.4945,-33.32438],[-70.49771,-33.34068],[-70.49326,-33.35491],[-70.52104,-33.36835],[-70.53678,-33.36998],[-70.5369,-33.39408],[-70.51496,-33.38462],[-70.48285,-33.38013],[-70.47474,-33.39346],[-70.45414,-33.39685],[-70.43655,-33.37251],[-70.43615,-33.35005]]]},"properties":{"COD_SHAC":"SHAC-13-32-278","SHAC":"Lo Barnechea","REGION":"Metropolitana de Santiago","NOM_ACUIF":"Rio Maipo","COD_BNA_SH":"0121","COD_REG":"13"}},
{"type":"Feature","geometry":{"type":"Polygon","coordinates":[[[-70.40788,-33.64697],[-70.42089,-33.63611],[-70.42652,-33.62184],[-70.43836,-33.61423],[-70.44515,-33.58217],[-70.45342,-33.56316],[-70.46482,-33.5551],[-70.46601,-33.54503],[-70.47899,-33.5355],[-70.48835,-33.54305],[-70.53004,-33.54351],[-70.54706,-33.55184],[-70.58905,-33.53831],[-70.65057,-33.53937],[-70.70125,-33.55327],[-70.72644,-33.56941],[-70.73146,-33.59462],[-70.69293,-33.63565],[-70.6516,-33.6631],[-70.65591,-33.67531],[-70.63819,-33.70378],[-70.62752,-33.70597],[-70.61614,-33.72242],[-70.61447,-33.73817],[-70.59571,-33.77032],[-70.59652,-33.77944],[-70.56041,-33.78416],[-70.54549,-33.79664],[-70.51934,-33.83329],[-70.48533,-33.83219],[-70.48642,-33.81462],[-70.47806,-33.79809],[-70.47802,-33.7486],[-70.48244,-33.72317],[-70.47783,-33.70208],[-70.46821,-33.69952],[-70.45087,-33.68271],[-70.44007,-33.68188],[-70.43108,-33.66455],[-70.40788,-33.64697]]]},"properties":{"COD_SHAC":"SHAC-13-35-281","SHAC":"Pirque","REGION":"Metropolitana de Santiago","NOM_ACUIF":"Rio Maipo","COD_BNA_SH":"0444","COD_REG":"13"}},
{"type":"Feature","geometry":{"type":"Polygon","coordinates":[[[-70.59629,-33.33559],[-70.62197,-33.34104],[-70.64563,-33.34037],[-70.65834,-33.32795],[-70.68172,-33.32941],[-70.72787,-33.35676],[-70.74324,-33.36282],[-70.78214,-33.38827],[-70.82183,-33.41409],[-70.82911,-33.43751],[-70.83047,-33.46517],[-70.85187,-33.47787],[-70.91984,-33.48881],[-70.92919,-33.50117],[-70.92105,-33.51037],[-70.92916,-33.54629],[-70.9477,-33.56035],[-70.93602,-33.57806],[-70.93797,-33.59323],[-70.95025,-33.59868],[-70.96455,-33.62199],[-70.91416,-33.66525],[-70.86503,-33.69411],[-70.82391,-33.72033],[-70.80961,-33.72106],[-70.79258,-33.69842],[-70.80231,-33.67098],[-70.78424,-33.65263],[-70.77152,-33.62014],[-70.75863,-33.60487],[-70.74319,-33.59368],[-70.73146,-33.59462],[-70.72644,-33.56941],[-70.70125,-33.55327],[-70.65057,-33.53937],[-70.58905,-33.53831],[-70.54706,-33.55184],[-70.53004,-33.54351],[-70.48835,-33.54305],[-70.47899,-33.5355],[-70.46426,-33.51612],[-70.43708,-33.49698],[-70.43943,-33.48629],[-70.47305,-33.4737],[-70.48938,-33.45368],[-70.47774,-33.42159],[-70.45237,-33.41651],[-70.45414,-33.39685],[-70.47474,-33.39346],[-70.48285,-33.38013],[-70.51496,-33.38462],[-70.5369,-33.39408],[-70.59084,-33.41186],[-70.60831,-33.40698],[-70.60843,-33.39593],[-70.59759,-33.36529],[-70.58381,-33.34904],[-70.59629,-33.33559]]]},"properties":{"COD_SHAC":"SHAC-13-40-286","SHAC":"Santiago Central","REGION":"Metropolitana de Santiago","NOM_ACUIF":"Rio Maipo","COD_BNA_SH":"0122","COD_REG":"13"}},
{"type":"Feature","geometry":{"type":"Polygon","coordinates":[[[-70.80804,-33.3201],[-70.81776,-33.32266],[-70.89113,-33.28864],[-70.92687,-33.28227],[-70.96872,-33.2882],[-71.00068,-33.30693],[-71.00244,-33.33303],[-70.98634,-33.35057],[-70.98523,-33.35966],[-70.9685,-33.37574],[-70.94826,-33.38562],[-70.95146,-33.41132],[-70.94822,-33.42952],[-70.95529,-33.44485],[-70.94532,-33.47027],[-70.92895,-33.47739],[-70.91984,-33.48881],[-70.85187,-33.47787],[-70.83047,-33.46517],[-70.82911,-33.43751],[-70.82183,-33.41409],[-70.78214,-33.38827],[-70.80437,-33.34702],[-70.80804,-33.3201]]]},"properties":{"COD_SHAC":"SHAC-13-41-287","SHAC":"Santiago Norte","REGION":"Metropolitana de Santiago","NOM_ACUIF":"Rio Maipo","COD_BNA_SH":"0115","COD_REG":"13"}},
{"type":"Feature","geometry":{"type":"Polygon","coordinates":[[[-70.53678,-33.36998],[-70.55057,-33.36137],[-70.58381,-33.34904],[-70.59759,-33.36529],[-70.60843,-33.39593],[-70.60831,-33.40698],[-70.59084,-33.41186],[-70.5369,-33.39408],[-70.53678,-33.36998]]]},"properties":{"COD_SHAC":"SHAC-13-43-289","SHAC":"Vitacura","REGION":"Metropolitana de Santiago","NOM_ACUIF":"Rio Maipo","COD_BNA_SH":"0120","COD_REG":"13"}},
{"type":"Feature","geometry":{"type":"Polygon","coordinates":[[[-70.3502,-33.49014],[-70.37845,-33.48275],[-70.39424,-33.49081],[-70.41725,-33.48224],[-70.43398,-33.48124],[-70.43943,-33.48629],[-70.43708,-33.49698],[-70.46426,-33.51612],[-70.47899,-33.5355],[-70.46601,-33.54503],[-70.46482,-33.5551],[-70.45342,-33.56316],[-70.44515,-33.58217],[-70.43836,-33.61423],[-70.42652,-33.62184],[-70.42089,-33.63611],[-70.40788,-33.64697],[-70.38726,-33.63899],[-70.38227,-33.62232],[-70.36773,-33.61266],[-70.37402,-33.59602],[-70.37216,-33.58601],[-70.38471,-33.57316],[-70.37328,-33.54236],[-70.37185,-33.52386],[-70.35767,-33.51362],[-70.3502,-33.49014]]]},"properties":{"COD_SHAC":"SHAC-13-03-249","SHAC":"Estero El Manzano","REGION":"Metropolitana de Santiago","NOM_ACUIF":"Cuencas Altas Maipo","COD_BNA_SH":"0963","COD_REG":"13"}},
{"type":"Feature","geometry":{"type":"Polygon","coordinates":[[[-70.13904,-33.49525],[-70.15315,-33.48281],[-70.16727,-33.45399],[-70.18672,-33.44885],[-70.19137,-33.41748],[-70.20284,-33.39079],[-70.21404,-33.39576],[-70.21784,-33.41017],[-70.23545,-33.4226],[-70.24382,-33.43545],[-70.27636,-33.45313],[-70.2978,-33.4559],[-70.30584,-33.46494],[-70.33543,-33.47764],[-70.3502,-33.49014],[-70.35767,-33.51362],[-70.37185,-33.52386],[-70.37328,-33.54236],[-70.38471,-33.57316],[-70.37216,-33.58601],[-70.37402,-33.59602],[-70.32374,-33.58811],[-70.29652,-33.5874],[-70.2954,-33.59385],[-70.27172,-33.61493],[-70.23991,-33.60437],[-70.21953,-33.60343],[-70.20655,-33.59296],[-70.18421,-33.59598],[-70.15897,-33.59013],[-70.14167,-33.58233],[-70.15767,-33.54978],[-70.13145,-33.5066],[-70.13904,-33.49525]]]},"properties":{"COD_SHAC":"SHAC-13-04-250","SHAC":"Rio Colorado","REGION":"Metropolitana de Santiago","NOM_ACUIF":"Cuencas Altas Maipo","COD_BNA_SH":"0964","COD_REG":"13"}},
{"type":"Feature","geometry":{"type":"Polygon","coordinates":[[[-70.40118,-33.32474],[-70.40668,-33.32587],[-70.43615,-33.35005],[-70.43655,-33.37251],[-70.45414,-33.39685],[-70.45237,-33.41651],[-70.47774,-33.42159],[-70.48938,-33.45368],[-70.47305,-33.4737],[-70.43943,-33.48629],[-70.43398,-33.48124],[-70.4275,-33.45782],[-70.43501,-33.42652],[-70.4263,-33.41073],[-70.41487,-33.40026],[-70.39865,-33.39742],[-70.38799,-33.38844],[-70.37041,-33.387],[-70.35629,-33.37879],[-70.35392,-33.36681],[-70.39041,-33.37057],[-70.40814,-33.36398],[-70.38523,-33.34505],[-70.40118,-33.32474]]]},"properties":{"COD_SHAC":"SHAC-13-08-254","SHAC":"Rio Mapocho","REGION":"Metropolitana de Santiago","NOM_ACUIF":"Cuencas Altas Maipo","COD_BNA_SH":"0968","COD_REG":"13"}},
{"type":"Feature","geometry":{"type":"Polygon","coordinates":[[[-70.35392,-33.36681],[-70.35629,-33.37879],[-70.37041,-33.387],[-70.38799,-33.38844],[-70.39865,-33.39742],[-70.41487,-33.40026],[-70.4263,-33.41073],[-70.43501,-33.42652],[-70.4275,-33.45782],[-70.43398,-33.48124],[-70.41725,-33.48224],[-70.39424,-33.49081],[-70.37845,-33.48275],[-70.3502,-33.49014],[-70.33543,-33.47764],[-70.30584,-33.46494],[-70.2978,-33.4559],[-70.27636,-33.45313],[-70.24382,-33.43545],[-70.23545,-33.4226],[-70.21784,-33.41017],[-70.21404,-33.39576],[-70.20284,-33.39079],[-70.19002,-33.36427],[-70.18188,-33.36188],[-70.17557,-33.34655],[-70.18243,-33.33625],[-70.18251,-33.3201],[-70.19914,-33.28982],[-70.19981,-33.2683],[-70.20983,-33.25999],[-70.21057,-33.24681],[-70.22213,-33.23626],[-70.24307,-33.23897],[-70.24607,-33.25824],[-70.23297,-33.27636],[-70.25596,-33.29211],[-70.26702,-33.30688],[-70.25678,-33.3303],[-70.26682,-33.3452],[-70.30271,-33.34964],[-70.35392,-33.36681]]]},"properties":{"COD_SHAC":"SHAC-13-09-255","SHAC":"Rio Molina - Estero Covarrubias","REGION":"Metropolitana de Santiago","NOM_ACUIF":"Cuencas Altas Maipo","COD_BNA_SH":"0969","COD_REG":"13"}},
{"type":"Feature","geometry":{"type":"Polygon","coordinates":[[[-71.48874,-33.905],[-71.51137,-33.9074],[-71.49348,-33.93605],[-71.49078,-33.95452],[-71.46767,-33.9675],[-71.43967,-33.96921],[-71.42464,-33.98571],[-71.42205,-33.9965],[-71.39134,-33.99055],[-71.39593,-33.97637],[-71.38278,-33.97001],[-71.40131,-33.95439],[-71.42868,-33.94732],[-71.44757,-33.92565],[-71.43552,-33.91888],[-71.46248,-33.91822],[-71.48874,-33.905]]]},"properties":{"COD_SHAC":"SHAC-13-19-265","SHAC":"Yali Medio","REGION":"Metropolitana de Santiago","NOM_ACUIF":"Estero Yali","COD_BNA_SH":"0190","COD_REG":"13"}},
{"type":"Feature","geometry":{"type":"Polygon","coordinates":[[[-71.11962,-33.73718],[-71.1393,-33.73665],[-71.15546,-33.72382],[-71.19161,-33.72331],[-71.19952,-33.74205],[-71.20775,-33.74422],[-71.21996,-33.76985],[-71.21269,-33.77788],[-71.18397,-33.78449],[-71.17026,-33.80203],[-71.14925,-33.80825],[-71.13668,-33.8264],[-71.12986,-33.82674],[-71.12288,-33.84538],[-71.12493,-33.85753],[-71.09618,-33.87033],[-71.08551,-33.89415],[-71.06153,-33.89321],[-71.03215,-33.89894],[-71.01466,-33.88838],[-70.99527,-33.89637],[-70.98015,-33.91246],[-70.96548,-33.91788],[-70.97289,-33.90831],[-70.98041,-33.84154],[-70.98818,-33.83678],[-70.98654,-33.81597],[-70.98057,-33.79847],[-70.98295,-33.77436],[-70.99847,-33.77691],[-71.01645,-33.77198],[-71.04086,-33.75514],[-71.0583,-33.75253],[-71.07765,-33.75635],[-71.09288,-33.74695],[-71.11962,-33.73718]]]},"properties":{"COD_SHAC":"SHAC-13-23-269","SHAC":"Cholqui","REGION":"Metropolitana de Santiago","NOM_ACUIF":"Rio Maipo","COD_BNA_SH":"0129","COD_REG":"13"}},
{"type":"Feature","geometry":{"type":"Polygon","coordinates":[[[-71.21996,-33.76985],[-71.23689,-33.76003],[-71.26192,-33.75214],[-71.27198,-33.7411],[-71.30488,-33.74951],[-71.31995,-33.78931],[-71.31005,-33.80083],[-71.31565,-33.82461],[-71.30277,-33.86164],[-71.30069,-33.88191],[-71.29023,-33.89502],[-71.28787,-33.91034],[-71.27182,-33.91144],[-71.25864,-33.92716],[-71.23832,-33.93813],[-71.20788,-33.95951],[-71.16638,-33.96037],[-71.1573,-33.94823],[-71.12619,-33.94377],[-71.11469,-33.9458],[-71.09857,-33.93206],[-71.08899,-33.91115],[-71.08551,-33.89415],[-71.09618,-33.87033],[-71.12493,-33.85753],[-71.12288,-33.84538],[-71.12986,-33.82674],[-71.13668,-33.8264],[-71.14925,-33.80825],[-71.17026,-33.80203],[-71.18397,-33.78449],[-71.21269,-33.77788],[-71.21996,-33.76985]]]},"properties":{"COD_SHAC":"SHAC-13-36-282","SHAC":"Popeta","REGION":"Metropolitana de Santiago","NOM_ACUIF":"Rio Maipo","COD_BNA_SH":"0130","COD_REG":"13"}},
{"type":"Feature","geometry":{"type":"Polygon","coordinates":[[[-72.38855,-39.67708],[-72.44224,-39.68013],[-72.47592,-39.67056],[-72.55841,-39.67843],[-72.57118,-39.67637],[-72.58453,-39.69227],[-72.60922,-39.69233],[-72.63033,-39.70259],[-72.64708,-39.70363],[-72.67142,-39.73383],[-72.68144,-39.7397],[-72.71792,-39.78747],[-72.75463,-39.81091],[-72.75621,-39.82367],[-72.77381,-39.81754],[-72.79298,-39.80309],[-72.80964,-39.80485],[-72.84554,-39.80157],[-72.8617,-39.78132],[-72.89039,-39.77746],[-72.9091,-39.78142],[-72.92981,-39.7796],[-72.94234,-39.76921],[-72.95893,-39.74409],[-72.97575,-39.73957],[-73.03737,-39.776],[-73.07692,-39.77929],[-73.088,-39.77172],[-73.11216,-39.76601],[-73.11714,-39.77886],[-73.13252,-39.77792],[-73.14545,-39.78823],[-73.17878,-39.77712],[-73.21359,-39.784],[-73.22522,-39.79922],[-73.25315,-39.81044],[-73.26108,-39.83155],[-73.24247,-39.83091],[-73.16393,-39.84584],[-73.14052,-39.82587],[-73.11978,-39.82501],[-73.08733,-39.84842],[-73.07579,-39.85023],[-73.05553,-39.86816],[-73.05061,-39.8804],[-73.01396,-39.8922],[-73.01326,-39.90958],[-72.99467,-39.9063],[-72.95958,-39.91804],[-72.91873,-39.92005],[-72.90894,-39.93414],[-72.91928,-39.9475],[-72.91304,-39.96122],[-72.92505,-39.97358],[-72.93555,-39.9677],[-72.96216,-39.96558],[-72.9704,-39.9693],[-73.00289,-39.97174],[-73.02436,-39.97717],[-73.06056,-39.99549],[-73.05587,-40.02762],[-73.08024,-40.04108],[-73.09685,-40.06266],[-73.09943,-40.07554],[-73.10929,-40.08174],[-73.09993,-40.10441],[-73.08662,-40.1228],[-73.0391,-40.13036],[-73.01505,-40.13176],[-73.0055,-40.14599],[-72.98489,-40.14241],[-72.97548,-40.15166],[-72.95529,-40.15362],[-72.94168,-40.1458],[-72.93488,-40.12871],[-72.89081,-40.1116],[-72.87882,-40.1193],[-72.86157,-40.10837],[-72.82923,-40.10737],[-72.81714,-40.08294],[-72.79,-40.06344],[-72.7313,-40.05197],[-72.70202,-40.06576],[-72.60904,-40.0677],[-72.57244,-40.05486],[-72.5291,-40.06303],[-72.47484,-40.05423],[-72.44886,-40.04172],[-72.39413,-40.05318],[-72.35026,-40.04701],[-72.33397,-40.04757],[-72.32203,-40.03809],[-72.28466,-40.02342],[-72.25496,-40.00791],[-72.25157,-39.99489],[-72.23561,-39.99492],[-72.22841,-39.98522],[-72.22763,-39.94657],[-72.25787,-39.9353],[-72.25719,-39.9245],[-72.27177,-39.91516],[-72.28983,-39.91092],[-72.30276,-39.89746],[-72.32578,-39.8862],[-72.34077,-39.87284],[-72.35268,-39.8542],[-72.37459,-39.85107],[-72.39965,-39.86099],[-72.40999,-39.87571],[-72.44442,-39.85529],[-72.46868,-39.84564],[-72.48799,-39.83176],[-72.48869,-39.81424],[-72.46073,-39.79794],[-72.472,-39.7826],[-72.49138,-39.77534],[-72.5238,-39.77771],[-72.53054,-39.75417],[-72.51654,-39.73925],[-72.46235,-39.73456],[-72.4366,-39.7423],[-72.42286,-39.75898],[-72.39656,-39.77296],[-72.38433,-39.75754],[-72.35478,-39.75339],[-72.35304,-39.76884],[-72.31547,-39.78514],[-72.30452,-39.79596],[-72.2819,-39.79368],[-72.26938,-39.78341],[-72.27167,-39.75098],[-72.29931,-39.73073],[-72.32767,-39.73139],[-72.33345,-39.72746],[-72.35847,-39.72925],[-72.3777,-39.72324],[-72.38459,-39.70902],[-72.38855,-39.67708]]]},"properties":{"COD_SHAC":"SHAC-14-06-411","SHAC":"Rio Calle Calle","REGION":"Los Rios","NOM_ACUIF":"Rio Valdivia","COD_BNA_SH":"0898","COD_REG":"14"}},
{"type":"Feature","geometry":{"type":"Polygon","coordinates":[[[-71.76579,-36.46278],[-71.87702,-36.4632],[-71.92597,-36.46987],[-71.99171,-36.48279],[-72.03565,-36.49646],[-72.06267,-36.5003],[-72.09513,-36.4997],[-72.13451,-36.49485],[-72.16026,-36.49632],[-72.18663,-36.51278],[-72.19574,-36.53328],[-72.23914,-36.53974],[-72.24732,-36.55167],[-72.2823,-36.58229],[-72.30779,-36.58397],[-72.3232,-36.59165],[-72.34894,-36.58013],[-72.36902,-36.57938],[-72.38659,-36.5707],[-72.40209,-36.54906],[-72.42693,-36.55569],[-72.42634,-36.57774],[-72.44778,-36.5815],[-72.44612,-36.5926],[-72.45562,-36.6277],[-72.46801,-36.64355],[-72.45098,-36.6452],[-72.42572,-36.65611],[-72.41034,-36.65858],[-72.40902,-36.67532],[-72.37522,-36.68408],[-72.36916,-36.68866],[-72.3465,-36.67599],[-72.34419,-36.67],[-72.28873,-36.66283],[-72.26436,-36.66561],[-72.24706,-36.67425],[-72.22232,-36.67315],[-72.21203,-36.67711],[-72.16982,-36.67983],[-72.15095,-36.6981],[-72.12502,-36.71563],[-72.1083,-36.71844],[-72.0693,-36.71629],[-72.05414,-36.72157],[-72.02627,-36.74147],[-71.98264,-36.74553],[-71.95341,-36.77264],[-71.91583,-36.78557],[-71.85752,-36.80304],[-71.83347,-36.81671],[-71.81542,-36.834],[-71.77791,-36.82985],[-71.73998,-36.8134],[-71.68122,-36.82667],[-71.67344,-36.84104],[-71.64766,-36.84125],[-71.61198,-36.86302],[-71.59508,-36.85334],[-71.54911,-36.87192],[-71.50304,-36.86436],[-71.48403,-36.87104],[-71.44954,-36.865],[-71.4308,-36.85273],[-71.40407,-36.84024],[-71.40607,-36.83151],[-71.43526,-36.812],[-71.44115,-36.78422],[-71.46169,-36.75829],[-71.45622,-36.74239],[-71.43685,-36.73174],[-71.44288,-36.72309],[-71.47333,-36.72074],[-71.46915,-36.68477],[-71.48815,-36.68305],[-71.48932,-36.66864],[-71.50824,-36.66211],[-71.51677,-36.64506],[-71.51021,-36.63081],[-71.51899,-36.61307],[-71.5591,-36.59782],[-71.59317,-36.59392],[-71.62081,-36.60792],[-71.62548,-36.58429],[-71.61115,-36.57686],[-71.6248,-36.55736],[-71.62337,-36.52717],[-71.61075,-36.50151],[-71.62421,-36.4918],[-71.65063,-36.50275],[-71.65572,-36.4905],[-71.69583,-36.47209],[-71.74006,-36.46913],[-71.76579,-36.46278]]]},"properties":{"COD_SHAC":"SHAC-16-06-377","SHAC":"Nuble","REGION":"Nuble","NOM_ACUIF":"Rio Itata","COD_BNA_SH":"1104","COD_REG":"16"}},
{"type":"Feature","geometry":{"type":"Polygon","coordinates":[[[-72.36902,-36.57938],[-72.34894,-36.58013],[-72.3232,-36.59165],[-72.30779,-36.58397],[-72.2823,-36.58229],[-72.24732,-36.55167],[-72.23914,-36.53974],[-72.19574,-36.53328],[-72.18663,-36.51278],[-72.16026,-36.49632],[-72.13451,-36.49485],[-72.09513,-36.4997],[-72.06267,-36.5003],[-72.03565,-36.49646],[-71.99171,-36.48279],[-71.92597,-36.46987],[-71.87702,-36.4632],[-71.76579,-36.46278],[-71.81675,-36.43059],[-71.8509,-36.41499],[-71.8908,-36.38076],[-71.91547,-36.36428],[-71.95314,-36.32943],[-71.96308,-36.31489],[-71.98024,-36.3049],[-72.02424,-36.29851],[-72.04277,-36.30129],[-72.1387,-36.29377],[-72.14897,-36.30186],[-72.17018,-36.30003],[-72.18256,-36.31675],[-72.2079,-36.33872],[-72.18066,-36.35125],[-72.18175,-36.37435],[-72.19666,-36.3983],[-72.21843,-36.40776],[-72.22564,-36.42004],[-72.22259,-36.44728],[-72.23401,-36.44667],[-72.23893,-36.45837],[-72.27828,-36.47673],[-72.30411,-36.50595],[-72.32162,-36.51133],[-72.32336,-36.528],[-72.33415,-36.53719],[-72.35412,-36.54303],[-72.35397,-36.55351],[-72.36902,-36.57938]]]},"properties":{"COD_SHAC":"SHAC-16-03-374","SHAC":"Changaral","REGION":"Nuble","NOM_ACUIF":"Rio Itata","COD_BNA_SH":"1101","COD_REG":"16"}},
{"type":"Feature","geometry":{"type":"Polygon","coordinates":[[[-72.47679,-36.28949],[-72.50448,-36.28258],[-72.57188,-36.28195],[-72.6081,-36.27923],[-72.61911,-36.268],[-72.62689,-36.28639],[-72.62361,-36.30201],[-72.61673,-36.3126],[-72.5873,-36.30834],[-72.56083,-36.31789],[-72.5428,-36.32993],[-72.52717,-36.334],[-72.52068,-36.35474],[-72.51173,-36.3578],[-72.48885,-36.34569],[-72.4754,-36.34614],[-72.45701,-36.35447],[-72.45351,-36.34428],[-72.47123,-36.31648],[-72.46295,-36.29794],[-72.47679,-36.28949]]]},"properties":{"COD_SHAC":"SHAC-16-01-372","SHAC":"Chanco Alto","REGION":"Nuble","NOM_ACUIF":"Costeras VIII Norte","COD_BNA_SH":"0948","COD_REG":"16"}},
{"type":"Feature","geometry":{"type":"Polygon","coordinates":[[[-70.75942,-33.17999],[-70.79908,-33.16901],[-70.82643,-33.18234],[-70.85616,-33.18093],[-70.85074,-33.19562],[-70.86347,-33.22195],[-70.88222,-33.2271],[-70.8859,-33.21305],[-70.90118,-33.20163],[-70.91138,-33.20252],[-70.94747,-33.17168],[-70.963,-33.1777],[-70.97974,-33.17291],[-70.9888,-33.17633],[-70.99877,-33.19073],[-71.003,-33.22328],[-70.99727,-33.22791],[-70.96872,-33.2882],[-70.92687,-33.28227],[-70.89113,-33.28864],[-70.81776,-33.32266],[-70.80804,-33.3201],[-70.79524,-33.29399],[-70.77458,-33.2769],[-70.75527,-33.26966],[-70.74296,-33.24036],[-70.74269,-33.22984],[-70.75143,-33.20981],[-70.75206,-33.19704],[-70.76366,-33.19531],[-70.75942,-33.17999]]]},"properties":{"COD_SHAC":"SHAC-13-30-276","SHAC":"Lampa","REGION":"Metropolitana de Santiago","NOM_ACUIF":"Rio Maipo","COD_BNA_SH":"0116","COD_REG":"13"}},
{"type":"Feature","geometry":{"type":"Polygon","coordinates":[[[-70.61447,-33.73817],[-70.62306,-33.73635],[-70.63299,-33.74831],[-70.64787,-33.74705],[-70.66057,-33.76044],[-70.67351,-33.78908],[-70.70863,-33.82775],[-70.73701,-33.84241],[-70.76928,-33.84706],[-70.79721,-33.84679],[-70.80901,-33.85986],[-70.82069,-33.88224],[-70.81157,-33.91009],[-70.797,-33.93133],[-70.77241,-33.94197],[-70.7545,-33.93706],[-70.74417,-33.92366],[-70.73155,-33.92206],[-70.71052,-33.90606],[-70.69281,-33.91033],[-70.6851,-33.9219],[-70.66315,-33.93769],[-70.6439,-33.93326],[-70.63544,-33.91611],[-70.61717,-33.90151],[-70.5872,-33.89206],[-70.5774,-33.89573],[-70.54849,-33.88061],[-70.53387,-33.88458],[-70.51433,-33.88712],[-70.50052,-33.86244],[-70.47671,-33.85997],[-70.47604,-33.84601],[-70.48533,-33.83219],[-70.51934,-33.83329],[-70.54549,-33.79664],[-70.56041,-33.78416],[-70.59652,-33.77944],[-70.59571,-33.77032],[-70.61447,-33.73817]]]},"properties":{"COD_SHAC":"SHAC-13-34-280","SHAC":"Paine","REGION":"Metropolitana de Santiago","NOM_ACUIF":"Rio Maipo","COD_BNA_SH":"0443","COD_REG":"13"}},
{"type":"Feature","geometry":{"type":"Polygon","coordinates":[[[-70.18421,-33.59598],[-70.20655,-33.59296],[-70.21953,-33.60343],[-70.23991,-33.60437],[-70.27172,-33.61493],[-70.2954,-33.59385],[-70.29652,-33.5874],[-70.32374,-33.58811],[-70.37402,-33.59602],[-70.36773,-33.61266],[-70.38227,-33.62232],[-70.38726,-33.63899],[-70.40788,-33.64697],[-70.43108,-33.66455],[-70.44007,-33.68188],[-70.45087,-33.68271],[-70.46821,-33.69952],[-70.47783,-33.70208],[-70.48244,-33.72317],[-70.47802,-33.7486],[-70.47806,-33.79809],[-70.48642,-33.81462],[-70.48533,-33.83219],[-70.47604,-33.84601],[-70.47671,-33.85997],[-70.45046,-33.85848],[-70.43783,-33.85067],[-70.41835,-33.85677],[-70.41163,-33.8706],[-70.39828,-33.88026],[-70.37494,-33.88376],[-70.35654,-33.87097],[-70.34851,-33.85902],[-70.32314,-33.84959],[-70.31477,-33.85985],[-70.30032,-33.85838],[-70.27562,-33.8718],[-70.26491,-33.8565],[-70.25022,-33.84813],[-70.25036,-33.82751],[-70.22822,-33.81705],[-70.21827,-33.80634],[-70.20813,-33.80452],[-70.22646,-33.79048],[-70.23568,-33.77158],[-70.20917,-33.7525],[-70.20341,-33.72664],[-70.21216,-33.70972],[-70.20864,-33.69776],[-70.2131,-33.68234],[-70.20303,-33.66991],[-70.18604,-33.66187],[-70.18433,-33.64369],[-70.17496,-33.61237],[-70.18536,-33.60601],[-70.18421,-33.59598]]]},"properties":{"COD_SHAC":"SHAC-13-06-252","SHAC":"Rio Maipo","REGION":"Metropolitana de Santiago","NOM_ACUIF":"Cuencas Altas Maipo","COD_BNA_SH":"0966","COD_REG":"13"}},
{"type":"Feature","geometry":{"type":"Polygon","coordinates":[[[-71.52128,-33.09675],[-71.52468,-33.10123],[-71.55121,-33.1034],[-71.60152,-33.09429],[-71.62724,-33.07787],[-71.65263,-33.09466],[-71.66276,-33.09127],[-71.67486,-33.1025],[-71.67625,-33.12133],[-71.64923,-33.13662],[-71.6362,-33.15169],[-71.61739,-33.15581],[-71.60269,-33.16915],[-71.5967,-33.17587],[-71.58218,-33.18906],[-71.57067,-33.18555],[-71.55003,-33.19471],[-71.53655,-33.21118],[-71.51429,-33.20934],[-71.49824,-33.20293],[-71.49051,-33.20871],[-71.4759,-33.20446],[-71.44157,-33.20579],[-71.40866,-33.20923],[-71.397,-33.20136],[-71.38324,-33.1835],[-71.39337,-33.17326],[-71.41271,-33.17117],[-71.43171,-33.16124],[-71.4447,-33.16139],[-71.46853,-33.15188],[-71.47986,-33.13983],[-71.47891,-33.11699],[-71.49957,-33.09996],[-71.52128,-33.09675]]]},"properties":{"COD_SHAC":"SHAC-05-28-206","SHAC":"Estero Laguna Verde","REGION":"Valparaiso","NOM_ACUIF":"Cuencas Costeras V Sur","COD_BNA_SH":"0091","COD_REG":"5"}},
{"type":"Feature","geometry":{"type":"Polygon","coordinates":[[[-70.89308,-34.25565],[-70.894,-34.24085],[-70.91844,-34.2148],[-70.93721,-34.18616],[-70.94821,-34.16104],[-70.96949,-34.1721],[-70.98276,-34.1729],[-71.00411,-34.16736],[-71.02245,-34.16972],[-71.03131,-34.16463],[-71.05575,-34.1798],[-71.07214,-34.1837],[-71.07166,-34.1889],[-71.09081,-34.22403],[-71.10208,-34.22941],[-71.10556,-34.24075],[-71.12304,-34.25083],[-71.13411,-34.24836],[-71.18188,-34.25587],[-71.18026,-34.26426],[-71.18966,-34.30296],[-71.1864,-34.3186],[-71.17782,-34.32926],[-71.18082,-34.3387],[-71.16148,-34.35568],[-71.15647,-34.35262],[-71.08916,-34.34138],[-71.0776,-34.33256],[-71.04222,-34.32351],[-71.03086,-34.33222],[-71.01404,-34.33563],[-71.00814,-34.32807],[-70.97913,-34.3224],[-70.94185,-34.3092],[-70.9445,-34.29314],[-70.92834,-34.28278],[-70.91223,-34.27966],[-70.9067,-34.26017],[-70.89308,-34.25565]]]},"properties":{"COD_SHAC":"SHAC-06-45-336","SHAC":"Donihue-Coinco-Coltauco","REGION":"Libertador General Bernardo O'Higgins","NOM_ACUIF":"Cachapoal","COD_BNA_SH":"0414","COD_REG":"6"}},
{"type":"Feature","geometry":{"type":"Polygon","coordinates":[[[-70.7165,-34.2421],[-70.71777,-34.23008],[-70.73356,-34.22057],[-70.73744,-34.20882],[-70.76183,-34.19233],[-70.79452,-34.19424],[-70.83912,-34.19321],[-70.86915,-34.17875],[-70.88865,-34.15663],[-70.90642,-34.15182],[-70.91496,-34.14381],[-70.94821,-34.16104],[-70.93721,-34.18616],[-70.91844,-34.2148],[-70.894,-34.24085],[-70.89308,-34.25565],[-70.88164,-34.27184],[-70.79033,-34.26584],[-70.78065,-34.26142],[-70.75457,-34.26493],[-70.73946,-34.25765],[-70.73192,-34.24638],[-70.7165,-34.2421]]]},"properties":{"COD_SHAC":"SHAC-06-53-344","SHAC":"Olivar","REGION":"Libertador General Bernardo O'Higgins","NOM_ACUIF":"Cachapoal","COD_BNA_SH":"0423","COD_REG":"6"}},
{"type":"Feature","geometry":{"type":"Polygon","coordinates":[[[-71.07214,-34.1837],[-71.1165,-34.16264],[-71.12681,-34.16619],[-71.16052,-34.16374],[-71.18543,-34.15713],[-71.20287,-34.14377],[-71.22126,-34.13971],[-71.22819,-34.14774],[-71.2441,-34.15071],[-71.26096,-34.1429],[-71.30011,-34.13084],[-71.30617,-34.12188],[-71.33273,-34.1183],[-71.34152,-34.13122],[-71.35868,-34.13332],[-71.36222,-34.14435],[-71.38521,-34.1465],[-71.39701,-34.13536],[-71.42068,-34.14113],[-71.41703,-34.16645],[-71.4199,-34.18447],[-71.43038,-34.18983],[-71.40213,-34.20635],[-71.38513,-34.19964],[-71.37414,-34.2214],[-71.36155,-34.21683],[-71.34374,-34.22238],[-71.33865,-34.24823],[-71.31826,-34.26812],[-71.30702,-34.26589],[-71.2736,-34.29835],[-71.25847,-34.29202],[-71.23572,-34.3079],[-71.22337,-34.29988],[-71.18966,-34.30296],[-71.18026,-34.26426],[-71.18188,-34.25587],[-71.13411,-34.24836],[-71.12304,-34.25083],[-71.10556,-34.24075],[-71.10208,-34.22941],[-71.09081,-34.22403],[-71.07166,-34.1889],[-71.07214,-34.1837]]]},"properties":{"COD_SHAC":"SHAC-06-49-340","SHAC":"Estero Las Palmas","REGION":"Libertador General Bernardo O'Higgins","NOM_ACUIF":"Alhué","COD_BNA_SH":"0419","COD_REG":"6"}},
{"type":"Feature","geometry":{"type":"Polygon","coordinates":[[[-71.67244,-37.95478],[-71.68751,-37.9577],[-71.7127,-37.97039],[-71.71295,-37.98618],[-71.72019,-37.99649],[-71.74176,-38.00696],[-71.7512,-38.00047],[-71.79327,-38.01972],[-71.82826,-38.00254],[-71.84599,-38.00464],[-71.88051,-38.00065],[-71.90591,-37.99496],[-71.92265,-37.99776],[-71.95146,-37.97992],[-71.97103,-37.9773],[-71.98562,-37.98284],[-72.0248,-37.98681],[-72.04613,-38.00129],[-72.05542,-38.00174],[-72.08222,-37.97708],[-72.1036,-37.96779],[-72.12353,-37.94063],[-72.13644,-37.93918],[-72.16096,-37.91886],[-72.17999,-37.91084],[-72.21972,-37.8754],[-72.23227,-37.8787],[-72.27677,-37.85384],[-72.27803,-37.84556],[-72.30177,-37.82871],[-72.336,-37.81868],[-72.37144,-37.79518],[-72.40057,-37.76327],[-72.40956,-37.74166],[-72.42834,-37.72477],[-72.4329,-37.70441],[-72.44822,-37.6703],[-72.45265,-37.64283],[-72.46045,-37.63548],[-72.49018,-37.62611],[-72.50494,-37.62979],[-72.5081,-37.6407],[-72.5732,-37.64457],[-72.64401,-37.66124],[-72.62419,-37.67607],[-72.59999,-37.70105],[-72.59285,-37.70357],[-72.5624,-37.72758],[-72.55717,-37.73582],[-72.52894,-37.74966],[-72.50286,-37.75534],[-72.49949,-37.77261],[-72.48977,-37.77853],[-72.47729,-37.7991],[-72.46535,-37.80435],[-72.45299,-37.86301],[-72.43561,-37.88054],[-72.4321,-37.89911],[-72.41318,-37.919],[-72.40521,-37.93986],[-72.3865,-37.96074],[-72.3708,-37.97202],[-72.36319,-37.98912],[-72.33277,-38.02173],[-72.32505,-38.03666],[-72.29481,-38.04155],[-72.2518,-38.05502],[-72.24494,-38.0692],[-72.18841,-38.07869],[-72.11063,-38.12132],[-72.09301,-38.12799],[-72.08138,-38.13796],[-72.029,-38.1614],[-72.00661,-38.16357],[-71.99241,-38.16032],[-71.96849,-38.16988],[-71.95522,-38.15809],[-71.95686,-38.1491],[-71.93073,-38.13533],[-71.8954,-38.12899],[-71.84509,-38.1269],[-71.82412,-38.13499],[-71.80366,-38.13558],[-71.78975,-38.13041],[-71.76711,-38.14423],[-71.73361,-38.15325],[-71.71879,-38.16576],[-71.70658,-38.18811],[-71.68421,-38.17975],[-71.67158,-38.13917],[-71.6582,-38.12872],[-71.6388,-38.13452],[-71.6209,-38.12284],[-71.61377,-38.10333],[-71.63618,-38.09365],[-71.6333,-38.07089],[-71.62181,-38.05497],[-71.63205,-38.0457],[-71.64932,-38.04349],[-71.64421,-38.02616],[-71.64561,-38.01065],[-71.65656,-38.0055],[-71.63691,-37.96985],[-71.64213,-37.9599],[-71.67244,-37.95478]]]},"properties":{"COD_SHAC":"SHAC-08-16-396","SHAC":"Rio Renaico","REGION":"Biobio","NOM_ACUIF":"Rio Biobio","COD_BNA_SH":"0916","COD_REG":"8"}},
{"type":"Feature","geometry":{"type":"Polygon","coordinates":[[[-71.80301,-40.07433],[-71.79203,-40.05744],[-71.78982,-40.03795],[-71.80051,-40.02303],[-71.81228,-40.01732],[-71.81931,-39.99554],[-71.80654,-39.98396],[-71.78966,-39.98424],[-71.79694,-39.96022],[-71.81973,-39.94438],[-71.82131,-39.92809],[-71.82897,-39.91657],[-71.84833,-39.91136],[-71.86341,-39.922],[-71.88881,-39.91943],[-71.91488,-39.90267],[-71.97844,-39.91666],[-72.00288,-39.93049],[-72.03142,-39.93466],[-72.03197,-39.95016],[-72.06391,-39.97325],[-72.08181,-39.959],[-72.09649,-39.95822],[-72.1049,-39.96878],[-72.12646,-39.98062],[-72.16516,-39.95893],[-72.17633,-39.96782],[-72.1805,-39.98275],[-72.19689,-39.99051],[-72.20963,-39.98112],[-72.22841,-39.98522],[-72.23561,-39.99492],[-72.25157,-39.99489],[-72.25496,-40.00791],[-72.28466,-40.02342],[-72.32203,-40.03809],[-72.33397,-40.04757],[-72.35026,-40.04701],[-72.39413,-40.05318],[-72.38369,-40.06542],[-72.3834,-40.08614],[-72.42392,-40.08844],[-72.44352,-40.08586],[-72.47658,-40.09903],[-72.47429,-40.11006],[-72.48888,-40.11372],[-72.49932,-40.12737],[-72.51693,-40.13775],[-72.52583,-40.15244],[-72.51779,-40.16097],[-72.54531,-40.17951],[-72.54842,-40.20873],[-72.56309,-40.22893],[-72.56105,-40.23821],[-72.57499,-40.24965],[-72.57636,-40.26959],[-72.56118,-40.28871],[-72.57388,-40.30066],[-72.55682,-40.33882],[-72.53587,-40.34651],[-72.526,-40.36056],[-72.51164,-40.37046],[-72.49525,-40.37124],[-72.47146,-40.35282],[-72.446,-40.34324],[-72.43417,-40.36616],[-72.41325,-40.37268],[-72.38475,-40.37564],[-72.33443,-40.39425],[-72.33605,-40.40769],[-72.32273,-40.4207],[-72.30268,-40.43134],[-72.30993,-40.45207],[-72.30793,-40.46915],[-72.2965,-40.49165],[-72.26576,-40.49371],[-72.26009,-40.51203],[-72.27073,-40.51516],[-72.2746,-40.53026],[-72.31173,-40.5582],[-72.33101,-40.5678],[-72.3575,-40.58943],[-72.38768,-40.59724],[-72.42558,-40.59097],[-72.46308,-40.59236],[-72.48643,-40.59682],[-72.49928,-40.59307],[-72.53919,-40.59533],[-72.56407,-40.60787],[-72.56401,-40.62154],[-72.57851,-40.63955],[-72.60036,-40.65086],[-72.61583,-40.66344],[-72.64564,-40.67593],[-72.65846,-40.66867],[-72.65544,-40.68427],[-72.63981,-40.7057],[-72.6203,-40.71712],[-72.62423,-40.73077],[-72.65406,-40.74097],[-72.66482,-40.7522],[-72.71108,-40.7656],[-72.72623,-40.77988],[-72.72644,-40.7888],[-72.70022,-40.80761],[-72.68163,-40.83609],[-72.65732,-40.84536],[-72.65414,-40.85339],[-72.61765,-40.8551],[-72.60334,-40.86436],[-72.59416,-40.87975],[-72.59742,-40.90247],[-72.57818,-40.90935],[-72.55681,-40.90373],[-72.53915,-40.90493],[-72.51455,-40.89272],[-72.45669,-40.92112],[-72.4461,-40.93253],[-72.42571,-40.94132],[-72.40098,-40.94582],[-72.38103,-40.96604],[-72.36367,-40.96845],[-72.34153,-40.99362],[-72.32892,-40.99572],[-72.28775,-40.98428],[-72.27377,-40.97353],[-72.25424,-40.96937],[-72.23631,-40.95526],[-72.21928,-40.95162],[-72.21962,-40.94183],[-72.20097,-40.9394],[-72.18723,-40.92368],[-72.16825,-40.93757],[-72.1249,-40.9551],[-72.10823,-40.9564],[-72.08214,-40.95212],[-72.07394,-40.94361],[-72.04437,-40.94512],[-72.04691,-40.9259],[-72.03779,-40.92048],[-72.04851,-40.89482],[-72.07325,-40.88386],[-72.07758,-40.86604],[-72.09759,-40.85737],[-72.09343,-40.84867],[-72.10524,-40.84116],[-72.09688,-40.83261],[-72.1008,-40.79887],[-72.11533,-40.7944],[-72.11812,-40.76903],[-72.09916,-40.77078],[-72.07738,-40.74527],[-72.06979,-40.75075],[-72.03588,-40.73508],[-72.01604,-40.74186],[-71.96831,-40.74426],[-71.96085,-40.71762],[-71.95012,-40.7192],[-71.9216,-40.68895],[-71.89781,-40.68217],[-71.88434,-40.66619],[-71.86814,-40.66287],[-71.86659,-40.64709],[-71.84691,-40.63163],[-71.83903,-40.60889],[-71.83987,-40.58714],[-71.85521,-40.59228],[-71.86792,-40.58105],[-71.88841,-40.55129],[-71.86797,-40.55737],[-71.8585,-40.55458],[-71.86159,-40.53974],[-71.85169,-40.52575],[-71.85654,-40.50891],[-71.84141,-40.48664],[-71.84617,-40.4705],[-71.8367,-40.46308],[-71.8426,-40.45237],[-71.82076,-40.4328],[-71.8257,-40.42105],[-71.80946,-40.40647],[-71.78396,-40.41063],[-71.77325,-40.42314],[-71.75957,-40.41577],[-71.75537,-40.42986],[-71.7409,-40.43633],[-71.7242,-40.4266],[-71.70994,-40.42443],[-71.70655,-40.41343],[-71.69169,-40.40088],[-71.69393,-40.37274],[-71.65634,-40.36176],[-71.65948,-40.34653],[-71.67677,-40.32507],[-71.67137,-40.31098],[-71.68398,-40.29387],[-71.71618,-40.2787],[-71.73615,-40.3057],[-71.74699,-40.3067],[-71.76175,-40.27634],[-71.78488,-40.26939],[-71.80062,-40.25438],[-71.79862,-40.24558],[-71.81029,-40.2316],[-71.82401,-40.23283],[-71.83023,-40.21547],[-71.79944,-40.18563],[-71.82508,-40.1738],[-71.80557,-40.12243],[-71.80434,-40.1092],[-71.81795,-40.10573],[-71.82755,-40.09094],[-71.80301,-40.07433]]]},"properties":{"COD_SHAC":"SHAC-14-05-410","SHAC":"Bueno Superior","REGION":"Los Rios","NOM_ACUIF":"Rio Bueno","COD_BNA_SH":"1093","COD_REG":"14"}},
{"type":"Feature","geometry":{"type":"Polygon","coordinates":[[[-73.2878,-41.26979],[-73.31369,-41.26101],[-73.33046,-41.25104],[-73.33218,-41.23888],[-73.36359,-41.2233],[-73.37496,-41.21019],[-73.41892,-41.18288],[-73.41968,-41.1697],[-73.43443,-41.15102],[-73.44491,-41.14747],[-73.44515,-41.13431],[-73.46289,-41.12457],[-73.47329,-41.10139],[-73.4932,-41.08861],[-73.49689,-41.07255],[-73.51554,-41.04704],[-73.53924,-41.03839],[-73.52881,-40.97619],[-73.51375,-40.9709],[-73.51065,-40.94713],[-73.48303,-40.91236],[-73.49771,-40.8948],[-73.53878,-40.87673],[-73.54691,-40.86675],[-73.56429,-40.86754],[-73.60635,-40.85729],[-73.62812,-40.88002],[-73.62855,-40.88893],[-73.64953,-40.88638],[-73.65747,-40.90278],[-73.67699,-40.89722],[-73.69075,-40.9105],[-73.70405,-40.90924],[-73.72436,-40.91564],[-73.73138,-40.92503],[-73.72333,-40.93872],[-73.70118,-40.96178],[-73.72858,-40.97643],[-73.71697,-40.98753],[-73.72726,-40.99802],[-73.76049,-41.00765],[-73.75538,-41.02845],[-73.77292,-41.03561],[-73.80192,-41.07662],[-73.80284,-41.09278],[-73.83501,-41.10838],[-73.81435,-41.1195],[-73.80164,-41.14128],[-73.81939,-41.16008],[-73.86868,-41.17425],[-73.88549,-41.18691],[-73.87564,-41.20338],[-73.86012,-41.25316],[-73.85433,-41.28189],[-73.83428,-41.32189],[-73.83159,-41.37395],[-73.80749,-41.37183],[-73.79735,-41.38207],[-73.77117,-41.39399],[-73.75645,-41.37456],[-73.72605,-41.37763],[-73.70352,-41.37473],[-73.67724,-41.37674],[-73.64946,-41.36913],[-73.64741,-41.34534],[-73.63239,-41.34238],[-73.62288,-41.33032],[-73.60583,-41.34029],[-73.5857,-41.346],[-73.58072,-41.3577],[-73.56871,-41.35946],[-73.56924,-41.37208],[-73.55824,-41.39229],[-73.55398,-41.41176],[-73.54574,-41.42042],[-73.53205,-41.41377],[-73.4982,-41.40976],[-73.47591,-41.39872],[-73.46277,-41.37385],[-73.43992,-41.35639],[-73.42626,-41.33679],[-73.42745,-41.31471],[-73.41779,-41.30281],[-73.41073,-41.27655],[-73.39692,-41.2755],[-73.38628,-41.29248],[-73.351,-41.29141],[-73.33512,-41.27478],[-73.2878,-41.26979]]]},"properties":{"COD_SHAC":"SHAC-10-09","SHAC":"Llico","REGION":"Los Lagos","NOM_ACUIF":"Costeras Norte X","COD_BNA_SH":"0880","COD_REG":"10"}},
{"type":"Feature","geometry":{"type":"Polygon","coordinates":[[[-72.24001,-43.4665],[-72.2402,-43.48105],[-72.26261,-43.4856],[-72.26385,-43.50051],[-72.23017,-43.51965],[-72.2175,-43.53968],[-72.1955,-43.5529],[-72.20726,-43.58038],[-72.22299,-43.58939],[-72.19516,-43.61723],[-72.17028,-43.62455],[-72.17131,-43.64159],[-72.15912,-43.66069],[-72.14534,-43.66419],[-72.12995,-43.65932],[-72.11768,-43.64577],[-72.08535,-43.6222],[-72.06983,-43.62853],[-72.05964,-43.63975],[-71.99873,-43.63972],[-71.98813,-43.62805],[-71.96222,-43.62448],[-71.94328,-43.61628],[-71.95041,-43.60306],[-71.92894,-43.5859],[-71.90599,-43.57694],[-71.89891,-43.55277],[-71.87625,-43.54917],[-71.8764,-43.52477],[-71.88959,-43.50795],[-71.87232,-43.50004],[-71.85471,-43.50003],[-71.84806,-43.48304],[-71.88073,-43.45129],[-71.90307,-43.45598],[-71.93024,-43.45705],[-71.93414,-43.44773],[-71.91422,-43.41356],[-71.93097,-43.39571],[-71.93163,-43.38562],[-71.91083,-43.38672],[-71.89361,-43.38017],[-71.89039,-43.36014],[-71.89607,-43.33915],[-71.90677,-43.32345],[-71.86661,-43.33216],[-71.8393,-43.33418],[-71.80168,-43.31212],[-71.79968,-43.30175],[-71.78612,-43.29644],[-71.7663,-43.30079],[-71.76173,-43.3136],[-71.74536,-43.31938],[-71.73499,-43.31369],[-71.73149,-43.28262],[-71.74636,-43.26692],[-71.74722,-43.25021],[-71.75666,-43.23367],[-71.74024,-43.22061],[-71.72966,-43.1986],[-71.74132,-43.18034],[-71.75418,-43.17682],[-71.76037,-43.1648],[-71.78542,-43.16804],[-71.78851,-43.16047],[-71.8168,-43.14505],[-71.8577,-43.14253],[-71.85713,-43.12925],[-71.88885,-43.12523],[-71.89258,-43.10695],[-71.93342,-43.09793],[-71.94201,-43.09182],[-71.93418,-43.08023],[-71.93547,-43.05346],[-71.96299,-43.039],[-71.97234,-43.04552],[-71.98857,-43.035],[-71.99974,-43.03869],[-72.0132,-43.03043],[-72.02084,-43.01801],[-72.03779,-43.01018],[-72.03982,-42.9907],[-72.05761,-42.98279],[-72.06596,-42.95893],[-72.07448,-42.9485],[-72.09406,-42.94927],[-72.11484,-42.92297],[-72.161,-42.92987],[-72.19562,-42.92708],[-72.21694,-42.93528],[-72.2198,-42.95672],[-72.23395,-42.9628],[-72.21491,-42.97573],[-72.21327,-42.98609],[-72.24111,-42.99516],[-72.22417,-43.0256],[-72.19442,-43.05259],[-72.17441,-43.05219],[-72.16903,-43.06777],[-72.18221,-43.08352],[-72.15871,-43.1025],[-72.15008,-43.12168],[-72.15941,-43.13416],[-72.16385,-43.17407],[-72.17796,-43.18941],[-72.18174,-43.20136],[-72.20354,-43.21474],[-72.22863,-43.22021],[-72.2294,-43.23068],[-72.21336,-43.23933],[-72.20227,-43.23675],[-72.18588,-43.24367],[-72.17524,-43.25989],[-72.1383,-43.28583],[-72.13719,-43.30174],[-72.11057,-43.29835],[-72.11285,-43.31098],[-72.15886,-43.32665],[-72.15402,-43.35304],[-72.15841,-43.36521],[-72.14948,-43.38719],[-72.14977,-43.40629],[-72.1656,-43.41369],[-72.19859,-43.42178],[-72.19267,-43.436],[-72.20168,-43.44628],[-72.22354,-43.45058],[-72.24001,-43.4665]]]},"properties":{"COD_SHAC":"SHAC-10-29","SHAC":"Rio Futaleufu","REGION":"Los Lagos","NOM_ACUIF":"Rio Yelcho","COD_BNA_SH":"0895","COD_REG":"10"}},
{"type":"Feature","geometry":{"type":"Polygon","coordinates":[[[-72.16818,-42.25852],[-72.182,-42.26056],[-72.19661,-42.25326],[-72.22204,-42.24952],[-72.25599,-42.26743],[-72.24887,-42.28855],[-72.2568,-42.29314],[-72.27936,-42.32036],[-72.27615,-42.35357],[-72.2908,-42.35736],[-72.28802,-42.37027],[-72.30225,-42.3776],[-72.30385,-42.39805],[-72.3323,-42.39991],[-72.33722,-42.41029],[-72.35367,-42.41964],[-72.37053,-42.42273],[-72.38201,-42.43383],[-72.38173,-42.44469],[-72.37127,-42.46344],[-72.39002,-42.47765],[-72.40319,-42.48624],[-72.41837,-42.50816],[-72.40615,-42.53547],[-72.40892,-42.55687],[-72.3975,-42.57872],[-72.35966,-42.58799],[-72.34006,-42.59948],[-72.30932,-42.63714],[-72.2875,-42.62773],[-72.24728,-42.65589],[-72.22689,-42.66155],[-72.21703,-42.65188],[-72.18779,-42.6418],[-72.17214,-42.64509],[-72.15812,-42.66775],[-72.15671,-42.67806],[-72.13609,-42.68025],[-72.1222,-42.67176],[-72.11701,-42.65824],[-72.09754,-42.64242],[-72.10297,-42.6303],[-72.11842,-42.62885],[-72.11696,-42.60337],[-72.1038,-42.60037],[-72.09711,-42.58762],[-72.07589,-42.56642],[-72.06465,-42.57242],[-72.05224,-42.56454],[-72.05236,-42.54353],[-72.0433,-42.53876],[-72.02911,-42.51688],[-72.0288,-42.50495],[-72.01257,-42.49572],[-72.01167,-42.48789],[-72.03094,-42.46786],[-72.0329,-42.4572],[-72.04689,-42.45158],[-72.03211,-42.43048],[-72.02868,-42.40668],[-72.0401,-42.39931],[-72.06454,-42.39366],[-72.07413,-42.38355],[-72.0885,-42.3955],[-72.11227,-42.39811],[-72.12974,-42.38615],[-72.13053,-42.35997],[-72.13781,-42.3481],[-72.13828,-42.32752],[-72.12122,-42.32352],[-72.1404,-42.28994],[-72.16818,-42.25852]]]},"properties":{"COD_SHAC":"SHAC-10-43","SHAC":"Vodudahue","REGION":"Los Lagos","NOM_ACUIF":"Costeras Oriente X","COD_BNA_SH":"0945","COD_REG":"10"}},
{"type":"Feature","geometry":{"type":"Polygon","coordinates":[[[-68.71043,-20.91329],[-68.68513,-20.90863],[-68.67563,-20.9015],[-68.65724,-20.90776],[-68.63671,-20.90468],[-68.61876,-20.90606],[-68.5805,-20.90272],[-68.56492,-20.90857],[-68.54293,-20.89231],[-68.55522,-20.86873],[-68.55125,-20.85716],[-68.54816,-20.82006],[-68.55188,-20.80925],[-68.54353,-20.802],[-68.54896,-20.78478],[-68.54398,-20.77062],[-68.5537,-20.75321],[-68.55379,-20.72716],[-68.53152,-20.72007],[-68.52865,-20.69738],[-68.50131,-20.66809],[-68.47737,-20.66391],[-68.4557,-20.64786],[-68.43808,-20.64063],[-68.44397,-20.63266],[-68.46012,-20.62908],[-68.48521,-20.6058],[-68.51415,-20.60406],[-68.52918,-20.57379],[-68.53777,-20.56911],[-68.57691,-20.57066],[-68.58194,-20.55641],[-68.61165,-20.54353],[-68.61453,-20.53616],[-68.64096,-20.5221],[-68.65034,-20.52304],[-68.66492,-20.51457],[-68.69948,-20.5169],[-68.7099,-20.52281],[-68.72763,-20.52432],[-68.73236,-20.50516],[-68.74019,-20.50026],[-68.78193,-20.49442],[-68.81523,-20.48136],[-68.80866,-20.51822],[-68.82277,-20.54077],[-68.81544,-20.5752],[-68.82678,-20.59428],[-68.81359,-20.61928],[-68.8082,-20.65387],[-68.81175,-20.68937],[-68.80094,-20.71049],[-68.78193,-20.71738],[-68.76114,-20.74618],[-68.75728,-20.7657],[-68.76429,-20.77532],[-68.75373,-20.78761],[-68.74667,-20.81102],[-68.73609,-20.83113],[-68.73607,-20.84614],[-68.71909,-20.87134],[-68.72396,-20.88864],[-68.72328,-20.90539],[-68.71043,-20.91329]]]},"properties":{"COD_SHAC":"SHAC-01-01-4","SHAC":"Salar de Coposa","REGION":"Tarapaca","NOM_ACUIF":"Altiplanicas","COD_BNA_SH":"0005","COD_REG":"1"}},
{"type":"Feature","geometry":{"type":"Polygon","coordinates":[[[-69.69201,-20.85709],[-69.70269,-20.85813],[-69.7181,-20.84228],[-69.74614,-20.8483],[-69.74627,-20.85591],[-69.75779,-20.88324],[-69.77809,-20.89068],[-69.78533,-20.90308],[-69.81926,-20.91677],[-69.81187,-20.92673],[-69.79217,-20.9364],[-69.78439,-20.94643],[-69.79697,-20.96441],[-69.78189,-20.97427],[-69.7666,-20.97624],[-69.75255,-20.99042],[-69.74694,-21.01383],[-69.73765,-21.02132],[-69.72334,-21.05089],[-69.72919,-21.07545],[-69.69496,-21.07751],[-69.73175,-21.10338],[-69.75483,-21.11075],[-69.78198,-21.10977],[-69.79916,-21.10414],[-69.82445,-21.11832],[-69.8256,-21.13697],[-69.85242,-21.13384],[-69.86624,-21.14732],[-69.88035,-21.15022],[-69.8838,-21.1589],[-69.89828,-21.16762],[-69.8984,-21.18431],[-69.87819,-21.19486],[-69.86992,-21.21033],[-69.87077,-21.21952],[-69.88695,-21.24805],[-69.8885,-21.28722],[-69.88563,-21.30411],[-69.87665,-21.30594],[-69.84792,-21.28859],[-69.82246,-21.29221],[-69.78941,-21.31743],[-69.79238,-21.33122],[-69.80336,-21.34114],[-69.82108,-21.34257],[-69.83664,-21.35451],[-69.82334,-21.36571],[-69.82318,-21.38638],[-69.80866,-21.41085],[-69.79957,-21.4156],[-69.76482,-21.41819],[-69.73237,-21.42917],[-69.72168,-21.44054],[-69.6909,-21.44647],[-69.68384,-21.44132],[-69.65009,-21.44438],[-69.61957,-21.43962],[-69.59596,-21.4649],[-69.58364,-21.49262],[-69.60919,-21.50264],[-69.61523,-21.50853],[-69.61489,-21.52357],[-69.59203,-21.53107],[-69.58007,-21.54512],[-69.5711,-21.56546],[-69.57203,-21.59851],[-69.56381,-21.60669],[-69.54068,-21.61725],[-69.53806,-21.62606],[-69.50633,-21.62257],[-69.49115,-21.61578],[-69.47169,-21.61344],[-69.44166,-21.62894],[-69.39636,-21.63224],[-69.35195,-21.63351],[-69.3359,-21.63682],[-69.31403,-21.65156],[-69.29084,-21.66292],[-69.26958,-21.67799],[-69.25371,-21.6825],[-69.22676,-21.69593],[-69.20412,-21.7162],[-69.19901,-21.73477],[-69.18073,-21.75672],[-69.16303,-21.75981],[-69.15214,-21.77557],[-69.1259,-21.78837],[-69.10951,-21.78912],[-69.09534,-21.78443],[-69.09097,-21.80151],[-69.08069,-21.81447],[-69.08956,-21.82823],[-69.10635,-21.83297],[-69.10873,-21.84688],[-69.0963,-21.87049],[-69.08603,-21.85901],[-69.04804,-21.84939],[-69.02261,-21.85773],[-69.00053,-21.8588],[-68.97372,-21.86393],[-68.9487,-21.85788],[-68.93038,-21.85904],[-68.90926,-21.85393],[-68.89267,-21.86727],[-68.85401,-21.87476],[-68.8238,-21.89449],[-68.81596,-21.889],[-68.83284,-21.87021],[-68.83927,-21.8568],[-68.84156,-21.83784],[-68.85115,-21.80609],[-68.8467,-21.78],[-68.83894,-21.75773],[-68.83571,-21.72641],[-68.83665,-21.70466],[-68.84685,-21.68574],[-68.84878,-21.66617],[-68.84622,-21.64749],[-68.83995,-21.63693],[-68.83535,-21.61115],[-68.82078,-21.55832],[-68.81395,-21.55968],[-68.80436,-21.53465],[-68.82159,-21.52202],[-68.80975,-21.50305],[-68.81339,-21.49273],[-68.8261,-21.48696],[-68.81391,-21.47197],[-68.82763,-21.43479],[-68.81882,-21.43242],[-68.80203,-21.40594],[-68.80333,-21.39604],[-68.82126,-21.37725],[-68.84515,-21.35801],[-68.85003,-21.32526],[-68.85752,-21.31124],[-68.86133,-21.28757],[-68.84858,-21.29322],[-68.82941,-21.28253],[-68.81305,-21.27899],[-68.81176,-21.25352],[-68.78724,-21.24009],[-68.77056,-21.2453],[-68.75931,-21.23081],[-68.76606,-21.21403],[-68.76078,-21.17374],[-68.77333,-21.16493],[-68.76147,-21.14958],[-68.75058,-21.144],[-68.73141,-21.12564],[-68.72256,-21.1239],[-68.71818,-21.10253],[-68.71202,-21.0994],[-68.70517,-21.07268],[-68.69614,-21.07192],[-68.69522,-21.05737],[-68.70692,-21.03695],[-68.69782,-21.03251],[-68.6846,-21.009],[-68.68502,-20.98967],[-68.67814,-20.97262],[-68.69114,-20.95495],[-68.71201,-20.94622],[-68.72135,-20.95043],[-68.73043,-20.93784],[-68.718,-20.92703],[-68.71043,-20.91329],[-68.72328,-20.90539],[-68.74389,-20.90216],[-68.75891,-20.90433],[-68.76717,-20.89933],[-68.79333,-20.89764],[-68.80912,-20.89214],[-68.82057,-20.87642],[-68.83041,-20.87061],[-68.84856,-20.88667],[-68.88447,-20.89698],[-68.89605,-20.89524],[-68.90013,-20.87854],[-68.92852,-20.87065],[-68.94585,-20.84701],[-68.95295,-20.84695],[-68.99266,-20.85937],[-69.00473,-20.8683],[-69.025,-20.87278],[-69.05433,-20.90182],[-69.06622,-20.90117],[-69.1003,-20.92126],[-69.11639,-20.9225],[-69.12681,-20.91717],[-69.16072,-20.90999],[-69.18386,-20.91117],[-69.20339,-20.91672],[-69.25165,-20.91414],[-69.2614,-20.91939],[-69.34459,-20.94206],[-69.35533,-20.9635],[-69.37959,-20.98398],[-69.41502,-20.99459],[-69.4319,-20.98999],[-69.45433,-20.99637],[-69.46745,-21.00734],[-69.48579,-21.01206],[-69.49498,-21.00774],[-69.52004,-21.00514],[-69.54093,-21.00795],[-69.55403,-20.99578],[-69.56947,-20.97377],[-69.59714,-20.96813],[-69.61502,-20.95893],[-69.62121,-20.93106],[-69.63156,-20.92694],[-69.65887,-20.92753],[-69.67471,-20.91225],[-69.67945,-20.89425],[-69.6616,-20.88003],[-69.66456,-20.87123],[-69.67721,-20.86801],[-69.69201,-20.85709]]]},"properties":{"COD_SHAC":"SHAC-01-05-8","SHAC":"Salar de Llamara","REGION":"Tarapaca","NOM_ACUIF":"Rio Loa","COD_BNA_SH":"0006","COD_REG":"1"}},
{"type":"Feature","geometry":{"type":"Polygon","coordinates":[[[-67.18474,-23.60746],[-67.12404,-23.41774],[-67.04753,-23.17839],[-67.05719,-23.17815],[-67.09225,-23.15953],[-67.10244,-23.16463],[-67.14789,-23.16661],[-67.17499,-23.17688],[-67.178,-23.19055],[-67.17482,-23.20882],[-67.17737,-23.22704],[-67.18963,-23.23443],[-67.19,-23.2563],[-67.20164,-23.26073],[-67.20311,-23.27058],[-67.19473,-23.28007],[-67.2059,-23.29039],[-67.20998,-23.30371],[-67.21952,-23.30627],[-67.24027,-23.32629],[-67.27603,-23.33885],[-67.29554,-23.33575],[-67.30415,-23.34835],[-67.29074,-23.35805],[-67.31619,-23.38339],[-67.31039,-23.38802],[-67.3094,-23.40884],[-67.32224,-23.43317],[-67.34403,-23.43796],[-67.34669,-23.46988],[-67.33332,-23.4915],[-67.33326,-23.50373],[-67.34418,-23.51147],[-67.35445,-23.53551],[-67.3508,-23.54591],[-67.36126,-23.56734],[-67.3476,-23.57626],[-67.31218,-23.58506],[-67.29545,-23.59147],[-67.29157,-23.61536],[-67.26903,-23.62558],[-67.24202,-23.63259],[-67.22314,-23.62535],[-67.19304,-23.63273],[-67.18474,-23.60746]]]},"properties":{"COD_SHAC":"SHAC-02-09-18","SHAC":"Mucar","REGION":"Antofagasta","NOM_ACUIF":"Sico-Mucar","COD_BNA_SH":"0476","COD_REG":"2"}},
{"type":"Feature","geometry":{"type":"Polygon","coordinates":[[[-67.18474,-23.60746],[-67.19304,-23.63273],[-67.22314,-23.62535],[-67.24202,-23.63259],[-67.26903,-23.62558],[-67.29157,-23.61536],[-67.29545,-23.59147],[-67.31218,-23.58506],[-67.3476,-23.57626],[-67.36126,-23.56734],[-67.37163,-23.59556],[-67.36635,-23.60468],[-67.37396,-23.61643],[-67.36017,-23.64428],[-67.35935,-23.6787],[-67.38369,-23.67681],[-67.39605,-23.68182],[-67.39331,-23.69382],[-67.39134,-23.69606],[-67.37925,-23.70886],[-67.33316,-23.72481],[-67.32116,-23.73736],[-67.3353,-23.74707],[-67.3594,-23.75251],[-67.36545,-23.76287],[-67.38698,-23.75888],[-67.40754,-23.76767],[-67.39992,-23.77983],[-67.38883,-23.81357],[-67.37902,-23.81374],[-67.36006,-23.83149],[-67.35308,-23.84526],[-67.35523,-23.85994],[-67.36531,-23.86192],[-67.37321,-23.88189],[-67.36404,-23.90614],[-67.35564,-23.91872],[-67.33588,-23.92528],[-67.33946,-23.9357],[-67.3623,-23.93943],[-67.36489,-23.95393],[-67.37785,-23.96063],[-67.37685,-23.97029],[-67.36972,-23.96939],[-67.35373,-23.99425],[-67.36449,-24.00437],[-67.35819,-24.02097],[-67.32827,-24.01803],[-67.31339,-24.00572],[-67.28891,-23.9312],[-67.18474,-23.60746]]]},"properties":{"COD_SHAC":"SHAC-02-24-34","SHAC":"Sico","REGION":"Antofagasta","NOM_ACUIF":"Sico-Mucar","COD_BNA_SH":"0477","COD_REG":"2"}},
{"type":"Feature","geometry":{"type":"Polygon","coordinates":[[[-70.74544,-26.76243],[-70.76737,-26.76656],[-70.78118,-26.77698],[-70.78559,-26.80771],[-70.79303,-26.8083],[-70.81268,-26.85881],[-70.81279,-26.86827],[-70.82925,-26.87632],[-70.83028,-26.88635],[-70.81344,-26.89727],[-70.80977,-26.92114],[-70.79948,-26.93425],[-70.79978,-26.95125],[-70.80656,-26.96682],[-70.79336,-26.97468],[-70.78851,-26.98979],[-70.79086,-27.00255],[-70.81082,-27.02752],[-70.82042,-27.04388],[-70.80993,-27.05753],[-70.83061,-27.065],[-70.83366,-27.05574],[-70.84904,-27.05224],[-70.84621,-27.07292],[-70.8479,-27.09133],[-70.86035,-27.08645],[-70.86913,-27.09272],[-70.85331,-27.10493],[-70.85542,-27.1202],[-70.8802,-27.13922],[-70.89702,-27.14285],[-70.91709,-27.12593],[-70.92721,-27.11094],[-70.94154,-27.11563],[-70.95412,-27.13859],[-70.96029,-27.16239],[-70.97103,-27.17135],[-70.96769,-27.19844],[-70.95601,-27.20279],[-70.94713,-27.21901],[-70.95382,-27.2264],[-70.95296,-27.26884],[-70.93594,-27.29299],[-70.91742,-27.28442],[-70.88707,-27.28281],[-70.88442,-27.26017],[-70.87583,-27.25236],[-70.85738,-27.25887],[-70.83014,-27.25831],[-70.80209,-27.26273],[-70.79741,-27.24537],[-70.78228,-27.22697],[-70.75421,-27.23053],[-70.74157,-27.24088],[-70.71485,-27.23911],[-70.69146,-27.24795],[-70.65823,-27.25432],[-70.64142,-27.27184],[-70.62696,-27.26912],[-70.62117,-27.27568],[-70.59595,-27.28602],[-70.55374,-27.27835],[-70.5489,-27.27182],[-70.55353,-27.25884],[-70.54373,-27.25186],[-70.54378,-27.23627],[-70.5239,-27.23046],[-70.49833,-27.23817],[-70.48023,-27.24775],[-70.47098,-27.24252],[-70.46449,-27.22322],[-70.44438,-27.21511],[-70.43248,-27.21578],[-70.42402,-27.19797],[-70.42679,-27.178],[-70.38314,-27.14581],[-70.36687,-27.14429],[-70.35259,-27.13483],[-70.33006,-27.13309],[-70.32151,-27.12348],[-70.30707,-27.11793],[-70.31535,-27.09153],[-70.33628,-27.088],[-70.34992,-27.09523],[-70.37033,-27.0829],[-70.38559,-27.08575],[-70.41376,-27.07334],[-70.43105,-27.07971],[-70.45321,-27.07403],[-70.46695,-27.06557],[-70.47137,-27.05394],[-70.49036,-27.05101],[-70.51171,-27.04288],[-70.52869,-27.02607],[-70.54664,-27.01456],[-70.56079,-27.0144],[-70.56263,-27.00429],[-70.57709,-27.00454],[-70.59643,-26.99533],[-70.60582,-26.98132],[-70.63684,-26.96938],[-70.66032,-26.95577],[-70.68227,-26.929],[-70.69161,-26.91162],[-70.70993,-26.90103],[-70.71087,-26.88494],[-70.73106,-26.84396],[-70.74105,-26.83375],[-70.7383,-26.82069],[-70.7476,-26.80494],[-70.72863,-26.78062],[-70.74544,-26.76243]]]},"properties":{"COD_SHAC":"SHAC-03-25-59","SHAC":"Caldera","REGION":"Atacama","NOM_ACUIF":"Costeras III","COD_BNA_SH":"0320","COD_REG":"3"}},
{"type":"Feature","geometry":{"type":"Polygon","coordinates":[[[-70.97458,-28.06011],[-70.99663,-28.05896],[-71.00798,-28.06557],[-71.03642,-28.05159],[-71.04335,-28.06366],[-71.04206,-28.0861],[-71.086,-28.08563],[-71.10489,-28.06748],[-71.12693,-28.09359],[-71.13749,-28.09274],[-71.14718,-28.07966],[-71.15867,-28.08568],[-71.14765,-28.09803],[-71.13749,-28.11851],[-71.12244,-28.13739],[-71.13669,-28.17447],[-71.12134,-28.18488],[-71.12679,-28.20909],[-71.12313,-28.22274],[-71.09649,-28.23516],[-71.09042,-28.2483],[-71.10475,-28.2703],[-71.08743,-28.28644],[-71.0792,-28.28748],[-71.0508,-28.30185],[-71.03279,-28.29143],[-71.02344,-28.28034],[-71.00433,-28.28255],[-70.99115,-28.28938],[-70.95598,-28.27992],[-70.95252,-28.26218],[-70.93257,-28.24664],[-70.93149,-28.23636],[-70.91758,-28.2165],[-70.8958,-28.19741],[-70.88392,-28.19098],[-70.89955,-28.1657],[-70.89293,-28.14468],[-70.89512,-28.13344],[-70.88469,-28.11603],[-70.88344,-28.0956],[-70.88948,-28.07222],[-70.92542,-28.06849],[-70.94567,-28.06886],[-70.95406,-28.0584],[-70.97458,-28.06011]]]},"properties":{"COD_SHAC":"SHAC-03-33-67","SHAC":"Llano de Challe","REGION":"Atacama","NOM_ACUIF":"Quebrada Carrizal","COD_BNA_SH":"0205","COD_REG":"3"}},
{"type":"Feature","geometry":{"type":"Polygon","coordinates":[[[-68.99488,-25.5062],[-69.01115,-25.50356],[-69.02837,-25.5146],[-69.02867,-25.53264],[-69.05092,-25.53505],[-69.0539,-25.5574],[-69.06994,-25.58109],[-69.06611,-25.61771],[-69.05008,-25.63683],[-69.05662,-25.6476],[-69.05607,-25.66112],[-69.05128,-25.67129],[-69.02507,-25.69035],[-69.01364,-25.69928],[-69.01181,-25.71199],[-68.99699,-25.74003],[-68.98417,-25.7473],[-68.97388,-25.75488],[-68.96353,-25.74993],[-68.94546,-25.75845],[-68.92175,-25.74685],[-68.90482,-25.73184],[-68.89487,-25.71223],[-68.87907,-25.70813],[-68.87946,-25.69415],[-68.86615,-25.68771],[-68.85351,-25.68271],[-68.85524,-25.65135],[-68.87386,-25.64591],[-68.87897,-25.61558],[-68.88349,-25.60655],[-68.91302,-25.5856],[-68.92169,-25.55254],[-68.94668,-25.54795],[-68.96844,-25.52409],[-68.97336,-25.50817],[-68.98648,-25.5142],[-68.99488,-25.5062]]]},"properties":{"COD_SHAC":"SHAC-03-02-36","SHAC":"Cerro Blanco","REGION":"Atacama","NOM_ACUIF":"Altiplanicas","COD_BNA_SH":"0325","COD_REG":"3"}},
{"type":"Feature","geometry":{"type":"Polygon","coordinates":[[[-70.68429,-26.57359],[-70.6996,-26.58334],[-70.70061,-26.60202],[-70.7079,-26.60561],[-70.70898,-26.62221],[-70.72335,-26.6466],[-70.71893,-26.66264],[-70.72808,-26.68969],[-70.75799,-26.7095],[-70.75443,-26.72059],[-70.73235,-26.71361],[-70.72537,-26.70572],[-70.70845,-26.71139],[-70.70553,-26.70318],[-70.68154,-26.70711],[-70.66661,-26.70364],[-70.64132,-26.69153],[-70.61797,-26.6892],[-70.61058,-26.67084],[-70.61768,-26.65408],[-70.62837,-26.64692],[-70.62958,-26.62557],[-70.64915,-26.61106],[-70.65887,-26.59659],[-70.68037,-26.58218],[-70.68429,-26.57359]]]},"properties":{"COD_SHAC":"SHAC-03-26-60","SHAC":"Cerro del Obispo","REGION":"Atacama","NOM_ACUIF":"Costeras III","COD_BNA_SH":"0321","COD_REG":"3"}},
{"type":"Feature","geometry":{"type":"Polygon","coordinates":[[[-68.98417,-25.7473],[-68.99699,-25.74003],[-69.01181,-25.71199],[-69.01364,-25.69928],[-69.02507,-25.69035],[-69.04771,-25.69337],[-69.08831,-25.70758],[-69.09283,-25.71544],[-69.07245,-25.71969],[-69.06276,-25.72666],[-69.06795,-25.73907],[-69.08032,-25.7442],[-69.08183,-25.76115],[-69.09655,-25.78021],[-69.09473,-25.79504],[-69.10176,-25.80896],[-69.09575,-25.81593],[-69.09576,-25.83076],[-69.0854,-25.83924],[-69.08391,-25.85861],[-69.07437,-25.87],[-69.05976,-25.8694],[-69.04526,-25.89532],[-69.01492,-25.87436],[-69.00305,-25.87675],[-68.99495,-25.86124],[-68.98662,-25.85623],[-68.99721,-25.83311],[-69.01021,-25.82817],[-69.00173,-25.80686],[-69.00117,-25.79238],[-68.99176,-25.78743],[-68.98417,-25.7473]]]},"properties":{"COD_SHAC":"SHAC-03-27-61","SHAC":"Cerro Encache","REGION":"Atacama","NOM_ACUIF":"Costeras III","COD_BNA_SH":"0318","COD_REG":"3"}},
{"type":"Feature","geometry":{"type":"Polygon","coordinates":[[[-69.31923,-27.49294],[-69.33424,-27.46779],[-69.3632,-27.46202],[-69.37347,-27.44929],[-69.38249,-27.4501],[-69.40018,-27.43901],[-69.425,-27.4408],[-69.43516,-27.44817],[-69.43367,-27.46526],[-69.45053,-27.4837],[-69.45544,-27.4995],[-69.48036,-27.49862],[-69.48581,-27.48378],[-69.5069,-27.48066],[-69.51395,-27.47221],[-69.52634,-27.47733],[-69.52858,-27.49219],[-69.52183,-27.49753],[-69.52406,-27.52013],[-69.54902,-27.55809],[-69.56423,-27.56666],[-69.56578,-27.58044],[-69.58333,-27.59424],[-69.58688,-27.61068],[-69.60025,-27.6141],[-69.60372,-27.62333],[-69.62711,-27.62709],[-69.61493,-27.65017],[-69.62319,-27.65463],[-69.62397,-27.68333],[-69.65109,-27.68557],[-69.66312,-27.69742],[-69.68023,-27.69812],[-69.68885,-27.68909],[-69.70252,-27.69399],[-69.72432,-27.70884],[-69.74349,-27.71215],[-69.75391,-27.70744],[-69.77984,-27.72812],[-69.78628,-27.7501],[-69.7875,-27.77034],[-69.7954,-27.78833],[-69.81812,-27.80579],[-69.82563,-27.81599],[-69.8484,-27.81995],[-69.83953,-27.83837],[-69.82925,-27.84224],[-69.82707,-27.85481],[-69.8164,-27.87007],[-69.82026,-27.87591],[-69.81322,-27.90741],[-69.8221,-27.93116],[-69.84076,-27.94327],[-69.85536,-27.93974],[-69.86773,-27.94571],[-69.87855,-27.96328],[-69.89803,-27.9648],[-69.90719,-27.9746],[-69.92555,-27.97543],[-69.93859,-27.9835],[-69.95476,-27.97903],[-69.97525,-27.98147],[-69.99913,-27.97793],[-70.00637,-27.9847],[-70.00072,-28.02499],[-70.00924,-28.04945],[-70.00463,-28.06713],[-70.00694,-28.09122],[-70.0278,-28.11563],[-70.04286,-28.11494],[-70.04449,-28.09271],[-70.04976,-28.09055],[-70.06059,-28.09508],[-70.06004,-28.11656],[-70.07496,-28.13933],[-70.0748,-28.15795],[-70.08912,-28.19064],[-70.07899,-28.2305],[-70.06522,-28.23346],[-70.0597,-28.24722],[-70.04388,-28.26238],[-70.03452,-28.28327],[-70.05113,-28.34607],[-70.03573,-28.36385],[-70.03348,-28.38035],[-70.02188,-28.40828],[-70.02719,-28.42533],[-70.02218,-28.43637],[-70.03027,-28.45565],[-70.01801,-28.45964],[-70.01938,-28.47756],[-70.01245,-28.49991],[-70.00265,-28.51321],[-70.01109,-28.51926],[-70.01691,-28.53822],[-70.02911,-28.55651],[-70.02065,-28.5638],[-70.01319,-28.58224],[-69.99234,-28.58747],[-69.97462,-28.58001],[-69.94253,-28.60126],[-69.9253,-28.60986],[-69.91515,-28.60764],[-69.88514,-28.6211],[-69.85792,-28.62518],[-69.83147,-28.63963],[-69.80169,-28.64201],[-69.77275,-28.63459],[-69.75983,-28.63663],[-69.74861,-28.62807],[-69.74634,-28.61412],[-69.72988,-28.60599],[-69.72292,-28.57749],[-69.70829,-28.5735],[-69.68888,-28.59177],[-69.66931,-28.58977],[-69.6705,-28.55552],[-69.65206,-28.53156],[-69.664,-28.52231],[-69.66557,-28.48259],[-69.67489,-28.47713],[-69.67345,-28.45926],[-69.66469,-28.44876],[-69.6391,-28.4423],[-69.63729,-28.43186],[-69.6556,-28.41494],[-69.62832,-28.37807],[-69.61875,-28.38768],[-69.60279,-28.39307],[-69.58803,-28.37753],[-69.58347,-28.35328],[-69.5572,-28.34134],[-69.52326,-28.32975],[-69.51932,-28.31142],[-69.5016,-28.28705],[-69.50218,-28.26363],[-69.48756,-28.25632],[-69.47615,-28.23869],[-69.48244,-28.22394],[-69.48014,-28.20506],[-69.46381,-28.19747],[-69.4529,-28.18279],[-69.42077,-28.20743],[-69.39105,-28.22311],[-69.38365,-28.21477],[-69.38105,-28.18212],[-69.36063,-28.17873],[-69.33028,-28.1568],[-69.32352,-28.14299],[-69.30762,-28.1285],[-69.29743,-28.07865],[-69.30099,-28.07066],[-69.27823,-28.05186],[-69.26332,-28.04711],[-69.26717,-28.0089],[-69.25289,-28.00722],[-69.24745,-27.98282],[-69.2106,-27.96437],[-69.18113,-27.972],[-69.1563,-27.94675],[-69.15808,-27.93447],[-69.12902,-27.90498],[-69.13314,-27.87355],[-69.11446,-27.85677],[-69.1154,-27.84279],[-69.10011,-27.81568],[-69.09986,-27.80344],[-69.09115,-27.78766],[-69.0836,-27.73212],[-69.09366,-27.7178],[-69.10271,-27.705],[-69.1145,-27.70668],[-69.12501,-27.69998],[-69.13342,-27.68423],[-69.1536,-27.69239],[-69.17571,-27.69268],[-69.19296,-27.67085],[-69.2081,-27.67632],[-69.23086,-27.64147],[-69.2291,-27.63461],[-69.23621,-27.60958],[-69.24711,-27.59281],[-69.23683,-27.57334],[-69.25594,-27.53929],[-69.27021,-27.53611],[-69.28613,-27.54025],[-69.30423,-27.52537],[-69.31336,-27.51167],[-69.32584,-27.50503],[-69.31923,-27.49294]]]},"properties":{"COD_SHAC":"SHAC-03-38-72","SHAC":"Sector 1 - Aguas Arriba Embalse Lautaro","REGION":"Atacama","NOM_ACUIF":"Rio Copiapo","COD_BNA_SH":"0022","COD_REG":"3"}},
{"type":"Feature","geometry":{"type":"Polygon","coordinates":[[[-69.13319,-27.30228],[-69.14824,-27.29773],[-69.16203,-27.30962],[-69.18041,-27.31728],[-69.20946,-27.32478],[-69.22337,-27.31959],[-69.24977,-27.33892],[-69.25074,-27.35952],[-69.26289,-27.37423],[-69.29027,-27.3887],[-69.28175,-27.39603],[-69.28571,-27.409],[-69.27558,-27.42025],[-69.28116,-27.43528],[-69.30051,-27.46077],[-69.30645,-27.48092],[-69.31923,-27.49294],[-69.32584,-27.50503],[-69.31336,-27.51167],[-69.30423,-27.52537],[-69.28613,-27.54025],[-69.27021,-27.53611],[-69.25594,-27.53929],[-69.23683,-27.57334],[-69.24711,-27.59281],[-69.23621,-27.60958],[-69.2291,-27.63461],[-69.23086,-27.64147],[-69.2081,-27.67632],[-69.19296,-27.67085],[-69.17571,-27.69268],[-69.1536,-27.69239],[-69.13342,-27.68423],[-69.12501,-27.69998],[-69.1145,-27.70668],[-69.10271,-27.705],[-69.09366,-27.7178],[-69.06405,-27.70763],[-69.04386,-27.69672],[-69.04208,-27.68162],[-69.05697,-27.67217],[-69.05463,-27.62083],[-69.04047,-27.59671],[-69.02678,-27.59579],[-69.02056,-27.58399],[-69.00973,-27.58551],[-68.97763,-27.56145],[-68.97442,-27.54509],[-68.98748,-27.52646],[-69.00474,-27.52319],[-69.01167,-27.5129],[-69.00401,-27.49122],[-69.02248,-27.47626],[-69.026,-27.46033],[-69.04374,-27.45144],[-69.05381,-27.43941],[-69.08928,-27.4396],[-69.08077,-27.42086],[-69.08136,-27.39918],[-69.06799,-27.38207],[-69.06956,-27.36884],[-69.07963,-27.36212],[-69.08423,-27.34228],[-69.10535,-27.33977],[-69.12894,-27.32182],[-69.13319,-27.30228]]]},"properties":{"COD_SHAC":"SHAC-03-05-39","SHAC":"Laguna de Negro Francisco","REGION":"Atacama","NOM_ACUIF":"Altiplanicas","COD_BNA_SH":"0327","COD_REG":"3"}},
{"type":"Feature","geometry":{"type":"Polygon","coordinates":[[[-68.54485,-26.78193],[-68.55872,-26.7867],[-68.58568,-26.76386],[-68.59566,-26.76464],[-68.6018,-26.78566],[-68.64581,-26.81244],[-68.64756,-26.82252],[-68.66795,-26.83095],[-68.68198,-26.8555],[-68.69174,-26.863],[-68.6809,-26.88117],[-68.6834,-26.91356],[-68.68752,-26.93383],[-68.68462,-26.94091],[-68.69894,-26.96727],[-68.692,-26.98041],[-68.67008,-26.99029],[-68.63826,-26.98751],[-68.61702,-27.00745],[-68.61365,-27.0264],[-68.57846,-27.03675],[-68.56184,-27.0487],[-68.55569,-27.07319],[-68.56616,-27.08651],[-68.56335,-27.10521],[-68.55681,-27.11355],[-68.54054,-27.10969],[-68.53282,-27.11648],[-68.49591,-27.13594],[-68.48388,-27.12662],[-68.4685,-27.08967],[-68.45335,-27.09335],[-68.445,-27.07702],[-68.42501,-27.06166],[-68.41793,-27.06496],[-68.38932,-27.05492],[-68.34907,-27.03146],[-68.33303,-27.03231],[-68.31026,-27.04019],[-68.29618,-27.03077],[-68.30172,-27.01575],[-68.31666,-26.99691],[-68.32038,-26.98169],[-68.30172,-26.96741],[-68.29134,-26.9486],[-68.29444,-26.9301],[-68.26343,-26.91846],[-68.27065,-26.90863],[-68.29026,-26.89927],[-68.30599,-26.86569],[-68.34566,-26.81674],[-68.3554,-26.81424],[-68.36597,-26.79855],[-68.38189,-26.80665],[-68.4172,-26.80006],[-68.43394,-26.80417],[-68.45897,-26.80124],[-68.46237,-26.79643],[-68.48546,-26.8074],[-68.50297,-26.80926],[-68.51981,-26.79125],[-68.54485,-26.78193]]]},"properties":{"COD_SHAC":"SHAC-03-06-40","SHAC":"Laguna Verde","REGION":"Atacama","NOM_ACUIF":"Altiplanicas","COD_BNA_SH":"0330","COD_REG":"3"}},
{"type":"Feature","geometry":{"type":"Polygon","coordinates":[[[-68.3877,-26.1703],[-68.40819,-26.15983],[-68.42716,-26.13885],[-68.45101,-26.15244],[-68.46095,-26.15091],[-68.47797,-26.13068],[-68.48028,-26.14662],[-68.48831,-26.16469],[-68.50734,-26.17525],[-68.52395,-26.1713],[-68.5544,-26.17057],[-68.56955,-26.17309],[-68.58069,-26.16464],[-68.59087,-26.16785],[-68.61728,-26.16198],[-68.6511,-26.17095],[-68.67008,-26.18422],[-68.67164,-26.21039],[-68.6968,-26.24414],[-68.68622,-26.24973],[-68.69044,-26.26997],[-68.67521,-26.29919],[-68.65973,-26.30879],[-68.6667,-26.31887],[-68.67481,-26.3464],[-68.648,-26.3452],[-68.62875,-26.35342],[-68.62859,-26.37384],[-68.61534,-26.37346],[-68.60903,-26.36634],[-68.60967,-26.34982],[-68.59263,-26.33884],[-68.58437,-26.34161],[-68.56816,-26.332],[-68.55854,-26.28828],[-68.44877,-26.21896],[-68.38291,-26.17869],[-68.38181,-26.17807],[-68.3877,-26.1703]]]},"properties":{"COD_SHAC":"SHAC-03-07-41","SHAC":"Lagunas Bravas","REGION":"Atacama","NOM_ACUIF":"Altiplanicas","COD_BNA_SH":"0331","COD_REG":"3"}},
{"type":"Feature","geometry":{"type":"Polygon","coordinates":[[[-68.73576,-26.8031],[-68.7518,-26.78327],[-68.76986,-26.7834],[-68.7894,-26.76857],[-68.80617,-26.76815],[-68.80614,-26.78475],[-68.81982,-26.80768],[-68.82055,-26.81732],[-68.83381,-26.84091],[-68.8356,-26.861],[-68.85543,-26.85901],[-68.85163,-26.84097],[-68.85667,-26.8322],[-68.88254,-26.82548],[-68.88178,-26.84213],[-68.90456,-26.87252],[-68.91016,-26.8733],[-68.92866,-26.90368],[-68.92721,-26.92672],[-68.93236,-26.94461],[-68.92776,-26.96507],[-68.93204,-27.01128],[-68.92944,-27.02351],[-68.89193,-27.03262],[-68.86965,-27.03028],[-68.84247,-27.04506],[-68.82392,-27.04836],[-68.81674,-27.04253],[-68.78179,-27.04892],[-68.78803,-27.06483],[-68.77887,-27.09907],[-68.75233,-27.1119],[-68.7403,-27.10283],[-68.716,-27.10551],[-68.70712,-27.09988],[-68.69083,-27.10019],[-68.6833,-27.10649],[-68.67252,-27.09831],[-68.65482,-27.13591],[-68.63831,-27.14374],[-68.63327,-27.16125],[-68.61728,-27.16867],[-68.60554,-27.15857],[-68.57658,-27.17694],[-68.56867,-27.16032],[-68.57059,-27.15154],[-68.55615,-27.13335],[-68.56173,-27.1232],[-68.55681,-27.11355],[-68.56335,-27.10521],[-68.56616,-27.08651],[-68.55569,-27.07319],[-68.56184,-27.0487],[-68.57846,-27.03675],[-68.61365,-27.0264],[-68.61702,-27.00745],[-68.63826,-26.98751],[-68.67008,-26.99029],[-68.692,-26.98041],[-68.69894,-26.96727],[-68.68462,-26.94091],[-68.68752,-26.93383],[-68.6834,-26.91356],[-68.6809,-26.88117],[-68.69174,-26.863],[-68.68198,-26.8555],[-68.66795,-26.83095],[-68.64756,-26.82252],[-68.64581,-26.81244],[-68.6754,-26.79002],[-68.69028,-26.78721],[-68.7131,-26.79914],[-68.73576,-26.8031]]]},"properties":{"COD_SHAC":"SHAC-03-09-43","SHAC":"Piedra Pomez","REGION":"Atacama","NOM_ACUIF":"Altiplanicas","COD_BNA_SH":"0333","COD_REG":"3"}},
{"type":"Feature","geometry":{"type":"Polygon","coordinates":[[[-70.45237,-26.51046],[-70.45906,-26.48823],[-70.47485,-26.47406],[-70.50483,-26.46867],[-70.52012,-26.45776],[-70.54241,-26.44931],[-70.55547,-26.45291],[-70.57015,-26.42703],[-70.60649,-26.40755],[-70.62043,-26.37793],[-70.62159,-26.36548],[-70.63833,-26.35275],[-70.65899,-26.36239],[-70.6645,-26.38141],[-70.67305,-26.39075],[-70.69353,-26.38781],[-70.69948,-26.39378],[-70.70036,-26.41859],[-70.68571,-26.44807],[-70.69203,-26.48195],[-70.68906,-26.48864],[-70.70594,-26.51137],[-70.70139,-26.54333],[-70.68532,-26.5509],[-70.68166,-26.55921],[-70.66886,-26.55354],[-70.65624,-26.52912],[-70.62682,-26.52972],[-70.62355,-26.52191],[-70.60474,-26.52005],[-70.57734,-26.52777],[-70.55093,-26.53099],[-70.48349,-26.51886],[-70.46742,-26.52101],[-70.45237,-26.51046]]]},"properties":{"COD_SHAC":"SHAC-03-28-62","SHAC":"Quebrada Animas Viejas","REGION":"Atacama","NOM_ACUIF":"Costeras III","COD_BNA_SH":"0322","COD_REG":"3"}},
{"type":"Feature","geometry":{"type":"Polygon","coordinates":[[[-70.18752,-27.04008],[-70.18897,-27.03042],[-70.20302,-27.00367],[-70.21561,-27.00304],[-70.23183,-26.98069],[-70.24284,-26.97808],[-70.24196,-26.95978],[-70.24827,-26.95217],[-70.24532,-26.93988],[-70.25344,-26.92957],[-70.25162,-26.91397],[-70.2665,-26.9029],[-70.26862,-26.89369],[-70.29525,-26.8787],[-70.31315,-26.87871],[-70.33554,-26.87399],[-70.34886,-26.84714],[-70.36245,-26.83477],[-70.36833,-26.81684],[-70.38095,-26.80544],[-70.40212,-26.79725],[-70.40389,-26.7837],[-70.41654,-26.77447],[-70.43682,-26.77331],[-70.45711,-26.75037],[-70.49518,-26.73496],[-70.52325,-26.73111],[-70.53335,-26.72068],[-70.55856,-26.72049],[-70.57629,-26.71032],[-70.5977,-26.71441],[-70.60655,-26.69835],[-70.61797,-26.6892],[-70.64132,-26.69153],[-70.66661,-26.70364],[-70.68154,-26.70711],[-70.70553,-26.70318],[-70.70845,-26.71139],[-70.72537,-26.70572],[-70.73235,-26.71361],[-70.75443,-26.72059],[-70.73904,-26.73088],[-70.73705,-26.75358],[-70.74544,-26.76243],[-70.72863,-26.78062],[-70.7476,-26.80494],[-70.7383,-26.82069],[-70.74105,-26.83375],[-70.73106,-26.84396],[-70.71087,-26.88494],[-70.70993,-26.90103],[-70.69161,-26.91162],[-70.68227,-26.929],[-70.66032,-26.95577],[-70.63684,-26.96938],[-70.60582,-26.98132],[-70.59643,-26.99533],[-70.57709,-27.00454],[-70.56263,-27.00429],[-70.56079,-27.0144],[-70.54664,-27.01456],[-70.52869,-27.02607],[-70.51171,-27.04288],[-70.49036,-27.05101],[-70.47137,-27.05394],[-70.46695,-27.06557],[-70.45321,-27.07403],[-70.43105,-27.07971],[-70.41376,-27.07334],[-70.38559,-27.08575],[-70.37033,-27.0829],[-70.34992,-27.09523],[-70.33628,-27.088],[-70.31535,-27.09153],[-70.29999,-27.09059],[-70.27884,-27.07159],[-70.25539,-27.06965],[-70.25065,-27.0642],[-70.22482,-27.07261],[-70.20528,-27.07181],[-70.19028,-27.06643],[-70.18752,-27.04008]]]},"properties":{"COD_SHAC":"SHAC-03-29-63","SHAC":"Quebrada del Morado","REGION":"Atacama","NOM_ACUIF":"Costeras III","COD_BNA_SH":"0323","COD_REG":"3"}},
{"type":"Feature","geometry":{"type":"Polygon","coordinates":[[[-69.05607,-25.66112],[-69.07349,-25.65658],[-69.07725,-25.64678],[-69.09966,-25.64247],[-69.10995,-25.61858],[-69.13303,-25.62227],[-69.18997,-25.61983],[-69.20126,-25.62293],[-69.21825,-25.60993],[-69.23783,-25.6121],[-69.24127,-25.60584],[-69.264,-25.60276],[-69.27842,-25.59039],[-69.29128,-25.58817],[-69.33442,-25.55191],[-69.35527,-25.57628],[-69.37327,-25.58131],[-69.3856,-25.5904],[-69.38749,-25.60324],[-69.40198,-25.61161],[-69.41348,-25.6517],[-69.4326,-25.65659],[-69.4417,-25.65401],[-69.46349,-25.65874],[-69.4622,-25.667],[-69.47769,-25.68954],[-69.49931,-25.69685],[-69.52098,-25.69998],[-69.53274,-25.69487],[-69.55895,-25.69197],[-69.56827,-25.70141],[-69.57278,-25.71927],[-69.58454,-25.74459],[-69.60588,-25.73796],[-69.61321,-25.73152],[-69.63168,-25.73999],[-69.67462,-25.74994],[-69.69149,-25.73744],[-69.70969,-25.75004],[-69.70459,-25.76021],[-69.71898,-25.77428],[-69.7346,-25.77434],[-69.7472,-25.78468],[-69.76754,-25.78789],[-69.79503,-25.8067],[-69.81917,-25.81658],[-69.83287,-25.80825],[-69.84816,-25.81344],[-69.88397,-25.80172],[-69.90273,-25.81312],[-69.94038,-25.81459],[-69.95281,-25.80688],[-69.97754,-25.8104],[-69.982,-25.8055],[-70.0038,-25.80667],[-70.01353,-25.82342],[-70.032,-25.84583],[-70.02703,-25.85492],[-70.02719,-25.88524],[-70.04386,-25.89189],[-70.06408,-25.89245],[-70.07546,-25.90476],[-70.08833,-25.89868],[-70.09251,-25.90911],[-70.08493,-25.9198],[-70.08756,-25.95257],[-70.11051,-25.9499],[-70.12877,-25.95487],[-70.15337,-25.95139],[-70.16569,-25.9389],[-70.17955,-25.94322],[-70.19801,-25.94228],[-70.21514,-25.93395],[-70.22491,-25.91876],[-70.24742,-25.92107],[-70.2528,-25.93102],[-70.26514,-25.92171],[-70.283,-25.90054],[-70.30932,-25.89474],[-70.32365,-25.93028],[-70.33187,-25.92316],[-70.35029,-25.93083],[-70.39299,-25.92894],[-70.42058,-25.9531],[-70.42836,-25.95124],[-70.46099,-25.96521],[-70.48277,-25.96762],[-70.49896,-25.98109],[-70.51177,-25.98218],[-70.51228,-25.99778],[-70.52493,-26.00978],[-70.54613,-26.00758],[-70.55127,-26.00254],[-70.57487,-26.00116],[-70.58553,-26.00434],[-70.60391,-26.00169],[-70.61306,-26.02406],[-70.6112,-26.03998],[-70.6205,-26.05755],[-70.6302,-26.06675],[-70.65283,-26.06179],[-70.6617,-26.08837],[-70.6519,-26.11769],[-70.65481,-26.13923],[-70.66705,-26.14252],[-70.67274,-26.16709],[-70.6685,-26.17458],[-70.65504,-26.16341],[-70.62204,-26.17152],[-70.57602,-26.16366],[-70.55548,-26.16596],[-70.53149,-26.16088],[-70.5164,-26.15333],[-70.50815,-26.16932],[-70.48676,-26.17566],[-70.46514,-26.1501],[-70.4508,-26.13892],[-70.43739,-26.12221],[-70.40991,-26.11629],[-70.38945,-26.09738],[-70.37323,-26.10759],[-70.35391,-26.09922],[-70.32347,-26.09809],[-70.31691,-26.12253],[-70.29557,-26.12498],[-70.27819,-26.13492],[-70.26041,-26.12865],[-70.25073,-26.13373],[-70.24209,-26.15367],[-70.24509,-26.17012],[-70.22765,-26.16638],[-70.2186,-26.15748],[-70.20635,-26.15893],[-70.20455,-26.1691],[-70.17816,-26.16762],[-70.17092,-26.15839],[-70.1533,-26.15123],[-70.15501,-26.14417],[-70.11598,-26.1196],[-70.09449,-26.12274],[-70.08156,-26.1185],[-70.0725,-26.13206],[-70.06366,-26.12445],[-70.0497,-26.12602],[-70.03427,-26.11825],[-70.02243,-26.0909],[-70.01062,-26.0789],[-69.99196,-26.08566],[-69.9704,-26.08581],[-69.96238,-26.08993],[-69.90749,-26.09862],[-69.8952,-26.10319],[-69.86134,-26.10639],[-69.81803,-26.11371],[-69.79841,-26.12002],[-69.77945,-26.12098],[-69.73782,-26.12808],[-69.70757,-26.11944],[-69.65745,-26.1134],[-69.64884,-26.11658],[-69.61488,-26.11459],[-69.61492,-26.12376],[-69.59732,-26.13702],[-69.58536,-26.13946],[-69.58612,-26.15151],[-69.57104,-26.17054],[-69.55197,-26.20026],[-69.53698,-26.211],[-69.52625,-26.2089],[-69.52213,-26.2216],[-69.52598,-26.24194],[-69.53958,-26.26048],[-69.52831,-26.26404],[-69.52474,-26.27586],[-69.51084,-26.28407],[-69.47572,-26.28306],[-69.45339,-26.27246],[-69.44876,-26.26506],[-69.4153,-26.25737],[-69.4084,-26.2373],[-69.38422,-26.214],[-69.37721,-26.19869],[-69.37982,-26.18801],[-69.37476,-26.17169],[-69.36205,-26.15765],[-69.34227,-26.15456],[-69.3347,-26.13536],[-69.31507,-26.13226],[-69.30738,-26.1167],[-69.28579,-26.10921],[-69.27794,-26.08573],[-69.28821,-26.07353],[-69.29729,-26.05241],[-69.29295,-26.04695],[-69.3,-26.03179],[-69.31346,-26.02677],[-69.31393,-26.00803],[-69.30422,-25.99244],[-69.27955,-26.00685],[-69.26848,-26.00515],[-69.25107,-26.02283],[-69.23989,-26.04908],[-69.21848,-26.06238],[-69.20622,-26.06552],[-69.18475,-26.07854],[-69.16313,-26.06686],[-69.14952,-26.06821],[-69.12262,-26.05417],[-69.1323,-26.04644],[-69.13247,-26.02786],[-69.12188,-26.00299],[-69.10414,-25.98954],[-69.10676,-25.96414],[-69.09751,-25.95818],[-69.09467,-25.94506],[-69.0843,-25.94081],[-69.08014,-25.91984],[-69.0922,-25.91046],[-69.0852,-25.87979],[-69.07437,-25.87],[-69.08391,-25.85861],[-69.0854,-25.83924],[-69.09576,-25.83076],[-69.09575,-25.81593],[-69.10176,-25.80896],[-69.09473,-25.79504],[-69.09655,-25.78021],[-69.08183,-25.76115],[-69.08032,-25.7442],[-69.06795,-25.73907],[-69.06276,-25.72666],[-69.07245,-25.71969],[-69.09283,-25.71544],[-69.08831,-25.70758],[-69.04771,-25.69337],[-69.02507,-25.69035],[-69.05128,-25.67129],[-69.05607,-25.66112]]]},"properties":{"COD_SHAC":"SHAC-03-31-65","SHAC":"Quebrada Pan de Azucar","REGION":"Atacama","NOM_ACUIF":"Costeras III","COD_BNA_SH":"0216","COD_REG":"3"}},
{"type":"Feature","geometry":{"type":"Polygon","coordinates":[[[-70.20455,-26.1691],[-70.20635,-26.15893],[-70.2186,-26.15748],[-70.22765,-26.16638],[-70.24509,-26.17012],[-70.24209,-26.15367],[-70.25073,-26.13373],[-70.26041,-26.12865],[-70.27819,-26.13492],[-70.29557,-26.12498],[-70.31691,-26.12253],[-70.32347,-26.09809],[-70.35391,-26.09922],[-70.37323,-26.10759],[-70.38945,-26.09738],[-70.40991,-26.11629],[-70.43739,-26.12221],[-70.4508,-26.13892],[-70.46514,-26.1501],[-70.48676,-26.17566],[-70.50815,-26.16932],[-70.5164,-26.15333],[-70.53149,-26.16088],[-70.55548,-26.16596],[-70.57602,-26.16366],[-70.62204,-26.17152],[-70.65504,-26.16341],[-70.6685,-26.17458],[-70.65438,-26.18163],[-70.66847,-26.19767],[-70.66627,-26.21739],[-70.64879,-26.22964],[-70.64515,-26.24771],[-70.65229,-26.26706],[-70.67315,-26.28764],[-70.67358,-26.29739],[-70.66407,-26.30703],[-70.64028,-26.30411],[-70.6327,-26.31644],[-70.61364,-26.30858],[-70.60308,-26.29893],[-70.58968,-26.30208],[-70.56761,-26.29575],[-70.54543,-26.30041],[-70.52945,-26.29412],[-70.49948,-26.30013],[-70.47623,-26.3113],[-70.46359,-26.29604],[-70.44636,-26.28288],[-70.43129,-26.2919],[-70.39557,-26.28151],[-70.38841,-26.27333],[-70.37028,-26.27768],[-70.32526,-26.2708],[-70.29864,-26.28368],[-70.28414,-26.28161],[-70.25855,-26.27059],[-70.25439,-26.26361],[-70.23809,-26.26512],[-70.20658,-26.25444],[-70.2046,-26.23709],[-70.2108,-26.22225],[-70.19504,-26.20151],[-70.203,-26.19152],[-70.1991,-26.18112],[-70.20455,-26.1691]]]},"properties":{"COD_SHAC":"SHAC-03-32-66","SHAC":"Quebrada Peralillo","REGION":"Atacama","NOM_ACUIF":"Costeras III","COD_BNA_SH":"0319","COD_REG":"3"}},
{"type":"Feature","geometry":{"type":"Polygon","coordinates":[[[-69.18475,-26.07854],[-69.20622,-26.06552],[-69.21848,-26.06238],[-69.23989,-26.04908],[-69.25107,-26.02283],[-69.26848,-26.00515],[-69.27955,-26.00685],[-69.30422,-25.99244],[-69.31393,-26.00803],[-69.31346,-26.02677],[-69.3,-26.03179],[-69.29295,-26.04695],[-69.29729,-26.05241],[-69.28821,-26.07353],[-69.27794,-26.08573],[-69.28579,-26.10921],[-69.30738,-26.1167],[-69.31507,-26.13226],[-69.3347,-26.13536],[-69.34227,-26.15456],[-69.36205,-26.15765],[-69.37476,-26.17169],[-69.37982,-26.18801],[-69.37721,-26.19869],[-69.38422,-26.214],[-69.4084,-26.2373],[-69.4153,-26.25737],[-69.44876,-26.26506],[-69.45339,-26.27246],[-69.47572,-26.28306],[-69.51084,-26.28407],[-69.52474,-26.27586],[-69.52831,-26.26404],[-69.53958,-26.26048],[-69.52598,-26.24194],[-69.52213,-26.2216],[-69.52625,-26.2089],[-69.53698,-26.211],[-69.55197,-26.20026],[-69.57104,-26.17054],[-69.58612,-26.15151],[-69.58536,-26.13946],[-69.59732,-26.13702],[-69.61492,-26.12376],[-69.61488,-26.11459],[-69.64884,-26.11658],[-69.65745,-26.1134],[-69.70757,-26.11944],[-69.73782,-26.12808],[-69.77945,-26.12098],[-69.79841,-26.12002],[-69.81803,-26.11371],[-69.86134,-26.10639],[-69.8952,-26.10319],[-69.90749,-26.09862],[-69.96238,-26.08993],[-69.9704,-26.08581],[-69.99196,-26.08566],[-70.01062,-26.0789],[-70.02243,-26.0909],[-70.03427,-26.11825],[-70.0497,-26.12602],[-70.06366,-26.12445],[-70.0725,-26.13206],[-70.08156,-26.1185],[-70.09449,-26.12274],[-70.11598,-26.1196],[-70.15501,-26.14417],[-70.1533,-26.15123],[-70.17092,-26.15839],[-70.17816,-26.16762],[-70.20455,-26.1691],[-70.1991,-26.18112],[-70.203,-26.19152],[-70.19504,-26.20151],[-70.2108,-26.22225],[-70.2046,-26.23709],[-70.20658,-26.25444],[-70.23809,-26.26512],[-70.25439,-26.26361],[-70.25855,-26.27059],[-70.28414,-26.28161],[-70.29864,-26.28368],[-70.32526,-26.2708],[-70.37028,-26.27768],[-70.38841,-26.27333],[-70.39557,-26.28151],[-70.43129,-26.2919],[-70.44636,-26.28288],[-70.46359,-26.29604],[-70.47623,-26.3113],[-70.49948,-26.30013],[-70.52945,-26.29412],[-70.54543,-26.30041],[-70.56761,-26.29575],[-70.58968,-26.30208],[-70.60308,-26.29893],[-70.61364,-26.30858],[-70.6327,-26.31644],[-70.62511,-26.34605],[-70.63833,-26.35275],[-70.62159,-26.36548],[-70.62043,-26.37793],[-70.60649,-26.40755],[-70.57015,-26.42703],[-70.55547,-26.45291],[-70.54241,-26.44931],[-70.52012,-26.45776],[-70.50483,-26.46867],[-70.47485,-26.47406],[-70.45906,-26.48823],[-70.45237,-26.51046],[-70.43049,-26.5182],[-70.41726,-26.50988],[-70.3761,-26.51408],[-70.37047,-26.52465],[-70.3485,-26.5227],[-70.32803,-26.53454],[-70.32224,-26.54804],[-70.30449,-26.55373],[-70.2882,-26.5685],[-70.28334,-26.58357],[-70.27056,-26.59393],[-70.25857,-26.5892],[-70.22872,-26.61298],[-70.21615,-26.61309],[-70.199,-26.62449],[-70.19141,-26.62235],[-70.18006,-26.64343],[-70.15343,-26.64693],[-70.13672,-26.63953],[-70.1173,-26.65232],[-70.0799,-26.65121],[-70.07623,-26.68394],[-70.06161,-26.68635],[-70.0606,-26.69767],[-70.07499,-26.70616],[-70.07649,-26.71364],[-70.06233,-26.72116],[-70.06031,-26.74851],[-70.05149,-26.75905],[-70.03814,-26.76213],[-70.03861,-26.77132],[-70.02523,-26.78798],[-70.03007,-26.80021],[-70.01618,-26.83226],[-69.99824,-26.84601],[-69.96732,-26.845],[-69.95211,-26.83841],[-69.93919,-26.86923],[-69.95082,-26.88113],[-69.94884,-26.90657],[-69.93762,-26.92305],[-69.93666,-26.9398],[-69.94481,-26.97206],[-69.93964,-26.97712],[-69.92846,-26.95895],[-69.92662,-26.94629],[-69.90639,-26.91611],[-69.88578,-26.91837],[-69.87469,-26.90021],[-69.87466,-26.88687],[-69.85014,-26.8786],[-69.81542,-26.88327],[-69.80104,-26.86761],[-69.77045,-26.86611],[-69.75286,-26.84241],[-69.74969,-26.82513],[-69.73814,-26.81812],[-69.73974,-26.80647],[-69.733,-26.79702],[-69.71917,-26.80765],[-69.70971,-26.80787],[-69.69071,-26.82343],[-69.65553,-26.83514],[-69.65365,-26.8408],[-69.6556,-26.88298],[-69.63663,-26.88708],[-69.62262,-26.88093],[-69.61207,-26.88308],[-69.60082,-26.89518],[-69.57499,-26.89395],[-69.56737,-26.88403],[-69.56865,-26.86192],[-69.56572,-26.83036],[-69.54792,-26.81092],[-69.54464,-26.79294],[-69.53587,-26.78781],[-69.52833,-26.77081],[-69.52053,-26.76778],[-69.51181,-26.74839],[-69.51122,-26.73356],[-69.48745,-26.70666],[-69.42065,-26.7065],[-69.39738,-26.69135],[-69.38847,-26.67004],[-69.3664,-26.66407],[-69.34471,-26.67302],[-69.32521,-26.67096],[-69.30624,-26.66278],[-69.28634,-26.66875],[-69.28103,-26.67527],[-69.26129,-26.67321],[-69.26351,-26.65211],[-69.25893,-26.63801],[-69.27018,-26.62105],[-69.25851,-26.60728],[-69.2555,-26.58757],[-69.24169,-26.56675],[-69.21975,-26.56731],[-69.21121,-26.55943],[-69.22338,-26.54186],[-69.23153,-26.53545],[-69.23972,-26.50053],[-69.25763,-26.5005],[-69.2801,-26.48796],[-69.30322,-26.46561],[-69.30579,-26.43885],[-69.29913,-26.39094],[-69.29027,-26.38156],[-69.29369,-26.37113],[-69.28042,-26.33862],[-69.27977,-26.30464],[-69.29231,-26.28065],[-69.28847,-26.25618],[-69.27823,-26.23699],[-69.27682,-26.22078],[-69.26937,-26.21739],[-69.26062,-26.19499],[-69.24513,-26.18139],[-69.23902,-26.1564],[-69.22409,-26.13391],[-69.22201,-26.12152],[-69.20939,-26.09923],[-69.18475,-26.07854]]]},"properties":{"COD_SHAC":"SHAC-03-51-86","SHAC":"Rio Salado","REGION":"Atacama","NOM_ACUIF":"Rio Salado","COD_BNA_SH":"0217","COD_REG":"3"}},
{"type":"Feature","geometry":{"type":"Polygon","coordinates":[[[-68.89101,-25.37762],[-68.91166,-25.37535],[-68.92054,-25.38219],[-68.9528,-25.38568],[-68.96114,-25.39015],[-68.97386,-25.37649],[-68.98895,-25.37925],[-68.98493,-25.40717],[-68.98752,-25.41748],[-69.01347,-25.44885],[-69.0025,-25.46105],[-69.0047,-25.47943],[-68.99645,-25.48977],[-68.99488,-25.5062],[-68.98648,-25.5142],[-68.97336,-25.50817],[-68.96844,-25.52409],[-68.94668,-25.54795],[-68.92169,-25.55254],[-68.91302,-25.5856],[-68.88349,-25.60655],[-68.87897,-25.61558],[-68.87386,-25.64591],[-68.85524,-25.65135],[-68.85351,-25.68271],[-68.86615,-25.68771],[-68.83471,-25.69321],[-68.82153,-25.67771],[-68.80312,-25.66719],[-68.80176,-25.65409],[-68.78198,-25.65028],[-68.7743,-25.64431],[-68.76114,-25.64805],[-68.75157,-25.65842],[-68.73769,-25.64598],[-68.72966,-25.62971],[-68.7279,-25.61038],[-68.70935,-25.59513],[-68.71322,-25.58544],[-68.73193,-25.56585],[-68.72764,-25.53756],[-68.73911,-25.53162],[-68.74489,-25.51742],[-68.77645,-25.51629],[-68.80304,-25.51185],[-68.80443,-25.50192],[-68.82755,-25.50033],[-68.8459,-25.49228],[-68.86095,-25.49242],[-68.86548,-25.48149],[-68.85687,-25.47118],[-68.87193,-25.46151],[-68.8744,-25.4517],[-68.90121,-25.45172],[-68.92311,-25.43161],[-68.92408,-25.41199],[-68.91383,-25.39584],[-68.89101,-25.37762]]]},"properties":{"COD_SHAC":"SHAC-03-12-46","SHAC":"Salar de Agua Amarga","REGION":"Atacama","NOM_ACUIF":"Altiplanicas","COD_BNA_SH":"0209","COD_REG":"3"}},
{"type":"Feature","geometry":{"type":"Polygon","coordinates":[[[-68.72535,-25.39044],[-68.73376,-25.38284],[-68.75075,-25.37937],[-68.76388,-25.39385],[-68.78262,-25.40259],[-68.78256,-25.38997],[-68.80595,-25.38683],[-68.8279,-25.36975],[-68.83682,-25.37831],[-68.85362,-25.38416],[-68.89101,-25.37762],[-68.91383,-25.39584],[-68.92408,-25.41199],[-68.92311,-25.43161],[-68.90121,-25.45172],[-68.8744,-25.4517],[-68.87193,-25.46151],[-68.85687,-25.47118],[-68.86548,-25.48149],[-68.86095,-25.49242],[-68.8459,-25.49228],[-68.82755,-25.50033],[-68.80443,-25.50192],[-68.80304,-25.51185],[-68.77645,-25.51629],[-68.74489,-25.51742],[-68.73492,-25.52076],[-68.71644,-25.51226],[-68.71118,-25.49],[-68.71588,-25.46433],[-68.70533,-25.44524],[-68.7212,-25.41612],[-68.73197,-25.40789],[-68.72535,-25.39044]]]},"properties":{"COD_SHAC":"SHAC-03-15-49","SHAC":"Salar de La Azufrera","REGION":"Atacama","NOM_ACUIF":"Altiplanicas","COD_BNA_SH":"0211","COD_REG":"3"}},
{"type":"Feature","geometry":{"type":"Polygon","coordinates":[[[-68.54486,-25.30012],[-68.55877,-25.30006],[-68.57954,-25.28701],[-68.58928,-25.30131],[-68.61117,-25.29786],[-68.63304,-25.30623],[-68.6397,-25.31573],[-68.65388,-25.31307],[-68.67059,-25.32376],[-68.66732,-25.34212],[-68.68335,-25.36908],[-68.69791,-25.36501],[-68.72535,-25.39044],[-68.73197,-25.40789],[-68.7212,-25.41612],[-68.70533,-25.44524],[-68.71588,-25.46433],[-68.71118,-25.49],[-68.70277,-25.49961],[-68.69169,-25.49947],[-68.66118,-25.52133],[-68.66152,-25.53686],[-68.63531,-25.54536],[-68.60127,-25.52677],[-68.60432,-25.51719],[-68.59618,-25.50632],[-68.58183,-25.50788],[-68.57175,-25.50212],[-68.57837,-25.47696],[-68.5795,-25.45961],[-68.58667,-25.45299],[-68.58869,-25.43614],[-68.5688,-25.41127],[-68.55003,-25.3994],[-68.54788,-25.38839],[-68.53035,-25.38052],[-68.52715,-25.35087],[-68.51908,-25.33996],[-68.5226,-25.33002],[-68.54588,-25.3129],[-68.54486,-25.30012]]]},"properties":{"COD_SHAC":"SHAC-03-14-48","SHAC":"Salar de Gorbea","REGION":"Atacama","NOM_ACUIF":"Altiplanicas","COD_BNA_SH":"0344","COD_REG":"3"}},
{"type":"Feature","geometry":{"type":"Polygon","coordinates":[[[-68.47984,-25.70709],[-68.50293,-25.67349],[-68.51087,-25.67406],[-68.52554,-25.64585],[-68.54025,-25.64198],[-68.54666,-25.63116],[-68.53985,-25.61299],[-68.5417,-25.5977],[-68.53227,-25.58192],[-68.52058,-25.57335],[-68.55146,-25.54006],[-68.56749,-25.55064],[-68.58625,-25.55772],[-68.59895,-25.57034],[-68.61001,-25.59486],[-68.62551,-25.59216],[-68.66635,-25.57693],[-68.68313,-25.58793],[-68.70935,-25.59513],[-68.7279,-25.61038],[-68.72966,-25.62971],[-68.73769,-25.64598],[-68.75157,-25.65842],[-68.76114,-25.64805],[-68.7743,-25.64431],[-68.78198,-25.65028],[-68.75779,-25.68559],[-68.75653,-25.69843],[-68.77482,-25.70994],[-68.77494,-25.72017],[-68.75575,-25.7396],[-68.7492,-25.77627],[-68.74408,-25.78724],[-68.74937,-25.82904],[-68.74574,-25.84452],[-68.73519,-25.85254],[-68.73289,-25.86607],[-68.72425,-25.87672],[-68.70995,-25.88326],[-68.71286,-25.9007],[-68.70535,-25.91176],[-68.69401,-25.91092],[-68.66561,-25.88186],[-68.64835,-25.88269],[-68.64333,-25.89243],[-68.64434,-25.90804],[-68.62732,-25.91584],[-68.58636,-25.90907],[-68.58143,-25.90304],[-68.56217,-25.89979],[-68.54977,-25.88963],[-68.55376,-25.87521],[-68.55263,-25.84436],[-68.60155,-25.79886],[-68.60875,-25.7778],[-68.60683,-25.76366],[-68.5671,-25.76851],[-68.55144,-25.76492],[-68.54868,-25.75172],[-68.53036,-25.74421],[-68.52192,-25.74791],[-68.49368,-25.72262],[-68.47984,-25.70709]]]},"properties":{"COD_SHAC":"SHAC-03-16-50","SHAC":"Salar de La Isla","REGION":"Atacama","NOM_ACUIF":"Altiplanicas","COD_BNA_SH":"0212","COD_REG":"3"}},
{"type":"Feature","geometry":{"type":"Polygon","coordinates":[[[-68.3877,-26.1703],[-68.38644,-26.15426],[-68.40121,-26.08271],[-68.42123,-26.08566],[-68.42941,-26.07783],[-68.42161,-25.97061],[-68.43462,-25.9235],[-68.47815,-25.70807],[-68.47984,-25.70709],[-68.49368,-25.72262],[-68.52192,-25.74791],[-68.53036,-25.74421],[-68.54868,-25.75172],[-68.55144,-25.76492],[-68.5671,-25.76851],[-68.60683,-25.76366],[-68.60875,-25.7778],[-68.60155,-25.79886],[-68.55263,-25.84436],[-68.55376,-25.87521],[-68.54977,-25.88963],[-68.56217,-25.89979],[-68.58143,-25.90304],[-68.58636,-25.90907],[-68.56966,-25.91972],[-68.57102,-25.92923],[-68.55809,-25.94424],[-68.58352,-25.9613],[-68.58412,-25.99543],[-68.57258,-26.00671],[-68.59234,-26.02035],[-68.59945,-26.03971],[-68.59668,-26.05019],[-68.58034,-26.06628],[-68.5673,-26.06472],[-68.55657,-26.08891],[-68.54748,-26.09635],[-68.52027,-26.10388],[-68.49793,-26.12581],[-68.47797,-26.13068],[-68.46095,-26.15091],[-68.45101,-26.15244],[-68.42716,-26.13885],[-68.40819,-26.15983],[-68.3877,-26.1703]]]},"properties":{"COD_SHAC":"SHAC-03-17-51","SHAC":"Salar de Las Parinas","REGION":"Atacama","NOM_ACUIF":"Altiplanicas","COD_BNA_SH":"0338","COD_REG":"3"}},
{"type":"Feature","geometry":{"type":"Polygon","coordinates":[[[-68.88254,-26.82548],[-68.90387,-26.82506],[-68.92469,-26.81324],[-68.94469,-26.82223],[-68.97317,-26.82086],[-68.9804,-26.81575],[-69.00241,-26.81382],[-69.00472,-26.80456],[-69.02811,-26.80042],[-69.02565,-26.78371],[-69.05623,-26.77767],[-69.06062,-26.78679],[-69.07746,-26.78284],[-69.08922,-26.76885],[-69.10457,-26.77506],[-69.12269,-26.77463],[-69.13332,-26.78394],[-69.1496,-26.78941],[-69.17451,-26.77737],[-69.1953,-26.78629],[-69.21206,-26.80176],[-69.21984,-26.8154],[-69.18512,-26.84458],[-69.1833,-26.86602],[-69.19803,-26.90277],[-69.21436,-26.92149],[-69.20933,-26.94894],[-69.20185,-26.96977],[-69.20733,-26.99493],[-69.21497,-27.00238],[-69.2002,-27.01794],[-69.20357,-27.02777],[-69.21595,-27.02899],[-69.22014,-27.04069],[-69.21751,-27.05685],[-69.23087,-27.085],[-69.25662,-27.11188],[-69.2461,-27.11791],[-69.24083,-27.14319],[-69.24341,-27.15893],[-69.20925,-27.15992],[-69.19211,-27.15756],[-69.19284,-27.17889],[-69.18349,-27.19682],[-69.18354,-27.22717],[-69.15576,-27.24284],[-69.14568,-27.28009],[-69.13319,-27.30228],[-69.12894,-27.32182],[-69.10535,-27.33977],[-69.08423,-27.34228],[-69.07963,-27.36212],[-69.06956,-27.36884],[-69.06799,-27.38207],[-69.08136,-27.39918],[-69.08077,-27.42086],[-69.08928,-27.4396],[-69.05381,-27.43941],[-69.04374,-27.45144],[-69.026,-27.46033],[-69.02248,-27.47626],[-69.00401,-27.49122],[-69.01167,-27.5129],[-69.00474,-27.52319],[-68.98748,-27.52646],[-68.94612,-27.52863],[-68.94441,-27.50862],[-68.95186,-27.50327],[-68.95111,-27.48959],[-68.96389,-27.48055],[-68.99059,-27.45347],[-68.97715,-27.43107],[-68.96149,-27.43193],[-68.93863,-27.44526],[-68.92673,-27.4217],[-68.93169,-27.40982],[-68.9143,-27.40195],[-68.89172,-27.39855],[-68.89796,-27.3847],[-68.89022,-27.3716],[-68.8931,-27.35322],[-68.88299,-27.34363],[-68.87112,-27.31668],[-68.84942,-27.31491],[-68.83093,-27.29628],[-68.83008,-27.2878],[-68.84533,-27.27565],[-68.85607,-27.27345],[-68.87024,-27.25796],[-68.87477,-27.2464],[-68.8668,-27.23185],[-68.85939,-27.23094],[-68.85594,-27.21134],[-68.86135,-27.19079],[-68.84343,-27.16623],[-68.84324,-27.15538],[-68.82644,-27.14742],[-68.80995,-27.1448],[-68.79586,-27.12195],[-68.78905,-27.10463],[-68.77887,-27.09907],[-68.78803,-27.06483],[-68.78179,-27.04892],[-68.81674,-27.04253],[-68.82392,-27.04836],[-68.84247,-27.04506],[-68.86965,-27.03028],[-68.89193,-27.03262],[-68.92944,-27.02351],[-68.93204,-27.01128],[-68.92776,-26.96507],[-68.93236,-26.94461],[-68.92721,-26.92672],[-68.92866,-26.90368],[-68.91016,-26.8733],[-68.90456,-26.87252],[-68.88178,-26.84213],[-68.88254,-26.82548]]]},"properties":{"COD_SHAC":"SHAC-03-19-53","SHAC":"Salar de Maricunga","REGION":"Atacama","NOM_ACUIF":"Altiplanicas","COD_BNA_SH":"0213","COD_REG":"3"}},
{"type":"Feature","geometry":{"type":"Polygon","coordinates":[[[-70.56254,-31.5614],[-70.58076,-31.5458],[-70.59173,-31.5455],[-70.6093,-31.53555],[-70.62229,-31.53782],[-70.62112,-31.55722],[-70.64718,-31.58341],[-70.64499,-31.59987],[-70.65507,-31.61616],[-70.67287,-31.62235],[-70.70256,-31.62722],[-70.71599,-31.63739],[-70.73726,-31.61886],[-70.76094,-31.615],[-70.77677,-31.61815],[-70.78412,-31.6268],[-70.80791,-31.63578],[-70.83902,-31.63953],[-70.86136,-31.63736],[-70.89379,-31.65859],[-70.91067,-31.66166],[-70.94314,-31.65943],[-70.95378,-31.67547],[-70.96474,-31.67777],[-70.97804,-31.71797],[-70.99451,-31.73966],[-70.99996,-31.75996],[-70.98637,-31.7781],[-70.95629,-31.75903],[-70.9376,-31.76512],[-70.89265,-31.75446],[-70.8289,-31.77489],[-70.81747,-31.78447],[-70.77829,-31.78921],[-70.76878,-31.77938],[-70.7684,-31.76361],[-70.74049,-31.75713],[-70.71081,-31.76253],[-70.7033,-31.74729],[-70.67508,-31.73106],[-70.66195,-31.73341],[-70.63863,-31.72718],[-70.6329,-31.71137],[-70.6088,-31.69685],[-70.6055,-31.68722],[-70.58377,-31.67911],[-70.5786,-31.67228],[-70.55275,-31.67291],[-70.54808,-31.67816],[-70.55498,-31.69505],[-70.54785,-31.70039],[-70.51338,-31.68959],[-70.51172,-31.67843],[-70.50941,-31.66349],[-70.51354,-31.64684],[-70.53134,-31.63827],[-70.54949,-31.60511],[-70.56356,-31.60255],[-70.56655,-31.58335],[-70.55805,-31.57488],[-70.56254,-31.5614]]]},"properties":{"COD_SHAC":"SHAC-04-54-146","SHAC":"Chalinga","REGION":"Coquimbo","NOM_ACUIF":"Rio Choapa","COD_BNA_SH":"0150","COD_REG":"4"}},
{"type":"Feature","geometry":{"type":"Polygon","coordinates":[[[-70.51172,-31.67843],[-70.51338,-31.68959],[-70.54785,-31.70039],[-70.55498,-31.69505],[-70.54808,-31.67816],[-70.55275,-31.67291],[-70.5786,-31.67228],[-70.58377,-31.67911],[-70.6055,-31.68722],[-70.6088,-31.69685],[-70.6329,-31.71137],[-70.63863,-31.72718],[-70.66195,-31.73341],[-70.67508,-31.73106],[-70.7033,-31.74729],[-70.71081,-31.76253],[-70.74049,-31.75713],[-70.7684,-31.76361],[-70.76878,-31.77938],[-70.77829,-31.78921],[-70.81747,-31.78447],[-70.8289,-31.77489],[-70.89265,-31.75446],[-70.9376,-31.76512],[-70.95629,-31.75903],[-70.98637,-31.7781],[-70.97519,-31.79695],[-70.97993,-31.8038],[-70.96789,-31.82614],[-70.95269,-31.83993],[-70.92284,-31.86104],[-70.88957,-31.88954],[-70.86971,-31.89739],[-70.84926,-31.92655],[-70.82808,-31.9373],[-70.81777,-31.96009],[-70.80348,-31.96997],[-70.79626,-31.99504],[-70.78013,-32.00761],[-70.7589,-32.00652],[-70.73978,-32.01998],[-70.7269,-32.02798],[-70.70077,-32.03402],[-70.68588,-32.06001],[-70.67431,-32.0625],[-70.65653,-32.05557],[-70.64486,-32.07839],[-70.65682,-32.09693],[-70.65158,-32.10603],[-70.6525,-32.13335],[-70.62412,-32.14615],[-70.6135,-32.14591],[-70.5935,-32.16295],[-70.56542,-32.16491],[-70.54645,-32.17305],[-70.53463,-32.1713],[-70.53212,-32.14785],[-70.50355,-32.15711],[-70.50368,-32.17149],[-70.48257,-32.16968],[-70.45632,-32.17154],[-70.44537,-32.18604],[-70.45681,-32.21301],[-70.43277,-32.22719],[-70.43799,-32.27071],[-70.41467,-32.28227],[-70.38397,-32.26617],[-70.37538,-32.26753],[-70.36368,-32.25366],[-70.35308,-32.2542],[-70.34406,-32.2683],[-70.32995,-32.2764],[-70.32116,-32.27289],[-70.31982,-32.26088],[-70.30401,-32.23643],[-70.30867,-32.22528],[-70.29963,-32.20623],[-70.30919,-32.19714],[-70.30662,-32.18665],[-70.31587,-32.17637],[-70.31478,-32.14974],[-70.30338,-32.13852],[-70.32759,-32.12486],[-70.3489,-32.09072],[-70.33519,-32.0771],[-70.33527,-32.06998],[-70.35909,-32.05719],[-70.37515,-32.05371],[-70.38648,-32.04568],[-70.3776,-32.02527],[-70.35245,-32.02591],[-70.34815,-32.03889],[-70.32264,-32.04988],[-70.30562,-32.04691],[-70.28816,-32.05116],[-70.28413,-32.03895],[-70.24862,-32.02216],[-70.25006,-31.9946],[-70.22691,-31.98055],[-70.20819,-31.97798],[-70.20989,-31.96008],[-70.22296,-31.94665],[-70.23321,-31.92461],[-70.24048,-31.91791],[-70.26392,-31.91107],[-70.2731,-31.89004],[-70.28046,-31.88382],[-70.30784,-31.884],[-70.31609,-31.88011],[-70.34536,-31.88593],[-70.36227,-31.8803],[-70.39192,-31.87904],[-70.4219,-31.86035],[-70.42825,-31.85296],[-70.44677,-31.8512],[-70.46073,-31.84124],[-70.45057,-31.80996],[-70.45991,-31.80532],[-70.46719,-31.774],[-70.46787,-31.74936],[-70.45935,-31.73515],[-70.46829,-31.70808],[-70.46788,-31.69715],[-70.48635,-31.68251],[-70.51172,-31.67843]]]},"properties":{"COD_SHAC":"SHAC-04-55-147","SHAC":"Choapa Alto","REGION":"Coquimbo","NOM_ACUIF":"Rio Choapa","COD_BNA_SH":"0151","COD_REG":"4"}},
{"type":"Feature","geometry":{"type":"Polygon","coordinates":[[[-70.96474,-31.67777],[-71.00826,-31.65716],[-71.03183,-31.675],[-71.02623,-31.68397],[-71.05767,-31.69897],[-71.09454,-31.6818],[-71.1323,-31.69091],[-71.16581,-31.68253],[-71.18243,-31.69301],[-71.21249,-31.69492],[-71.23259,-31.68799],[-71.25717,-31.68557],[-71.27221,-31.68873],[-71.27213,-31.69944],[-71.25159,-31.72562],[-71.25407,-31.74628],[-71.22953,-31.78419],[-71.23063,-31.82076],[-71.24332,-31.82665],[-71.237,-31.82826],[-71.22887,-31.84999],[-71.18861,-31.8767],[-71.17619,-31.89763],[-71.15828,-31.89799],[-71.15231,-31.88892],[-71.11812,-31.8783],[-71.0957,-31.87936],[-71.08508,-31.88582],[-71.08049,-31.90391],[-71.07162,-31.90024],[-71.0539,-31.9099],[-71.03579,-31.90786],[-71.01945,-31.92626],[-71.0061,-31.92677],[-70.97269,-31.94477],[-70.96856,-31.96489],[-70.97236,-31.99045],[-70.9653,-31.99622],[-70.97568,-32.04291],[-70.95198,-32.04762],[-70.9418,-32.05911],[-70.93927,-32.07498],[-70.93202,-32.07952],[-70.9149,-32.06343],[-70.90463,-32.06662],[-70.88129,-32.06428],[-70.85703,-32.05215],[-70.82894,-32.04881],[-70.8131,-32.03743],[-70.79967,-32.03436],[-70.79291,-32.04368],[-70.77227,-32.04034],[-70.74683,-32.02775],[-70.73978,-32.01998],[-70.7589,-32.00652],[-70.78013,-32.00761],[-70.79626,-31.99504],[-70.80348,-31.96997],[-70.81777,-31.96009],[-70.82808,-31.9373],[-70.84926,-31.92655],[-70.86971,-31.89739],[-70.88957,-31.88954],[-70.92284,-31.86104],[-70.95269,-31.83993],[-70.96789,-31.82614],[-70.97993,-31.8038],[-70.97519,-31.79695],[-70.98637,-31.7781],[-70.99996,-31.75996],[-70.99451,-31.73966],[-70.97804,-31.71797],[-70.96474,-31.67777]]]},"properties":{"COD_SHAC":"SHAC-04-57-149","SHAC":"Choapa Medio","REGION":"Coquimbo","NOM_ACUIF":"Rio Choapa","COD_BNA_SH":"0148","COD_REG":"4"}},
{"type":"Feature","geometry":{"type":"Polygon","coordinates":[[[-70.54652,-31.3066],[-70.557,-31.30444],[-70.5812,-31.2795],[-70.59544,-31.27948],[-70.60639,-31.28941],[-70.60778,-31.30016],[-70.63692,-31.31448],[-70.65085,-31.32737],[-70.70498,-31.34324],[-70.70488,-31.33323],[-70.71606,-31.31344],[-70.73082,-31.31404],[-70.73634,-31.32733],[-70.75882,-31.33034],[-70.76224,-31.34503],[-70.77091,-31.34812],[-70.80775,-31.38331],[-70.79976,-31.39048],[-70.80257,-31.4142],[-70.83623,-31.42176],[-70.84605,-31.4284],[-70.86756,-31.41307],[-70.88909,-31.40533],[-70.88494,-31.36611],[-70.90663,-31.34816],[-70.91065,-31.33073],[-70.92926,-31.32108],[-70.948,-31.32188],[-71.00816,-31.34975],[-71.01524,-31.3687],[-71.03033,-31.38486],[-71.04912,-31.38355],[-71.05456,-31.36916],[-71.08503,-31.34402],[-71.08785,-31.33241],[-71.11096,-31.33127],[-71.12886,-31.33733],[-71.13837,-31.35323],[-71.13505,-31.37805],[-71.14492,-31.39189],[-71.14206,-31.41064],[-71.14598,-31.42334],[-71.16985,-31.42166],[-71.18478,-31.44737],[-71.20243,-31.46428],[-71.20313,-31.48232],[-71.19174,-31.49362],[-71.19428,-31.50869],[-71.19118,-31.53821],[-71.20899,-31.5557],[-71.21506,-31.58228],[-71.22291,-31.59778],[-71.24114,-31.6007],[-71.2686,-31.6123],[-71.26871,-31.64552],[-71.25593,-31.67226],[-71.23259,-31.68799],[-71.21249,-31.69492],[-71.18243,-31.69301],[-71.16581,-31.68253],[-71.1323,-31.69091],[-71.09454,-31.6818],[-71.05767,-31.69897],[-71.02623,-31.68397],[-71.03183,-31.675],[-71.00826,-31.65716],[-70.96474,-31.67777],[-70.95378,-31.67547],[-70.94314,-31.65943],[-70.91067,-31.66166],[-70.89379,-31.65859],[-70.86136,-31.63736],[-70.83902,-31.63953],[-70.80791,-31.63578],[-70.78412,-31.6268],[-70.77677,-31.61815],[-70.76094,-31.615],[-70.73726,-31.61886],[-70.71599,-31.63739],[-70.70256,-31.62722],[-70.67287,-31.62235],[-70.65507,-31.61616],[-70.64499,-31.59987],[-70.64718,-31.58341],[-70.62112,-31.55722],[-70.62229,-31.53782],[-70.6093,-31.53555],[-70.59173,-31.5455],[-70.58076,-31.5458],[-70.56254,-31.5614],[-70.5515,-31.51056],[-70.56717,-31.50066],[-70.56207,-31.4818],[-70.56922,-31.4728],[-70.55156,-31.45484],[-70.54785,-31.43552],[-70.56001,-31.42077],[-70.55031,-31.40836],[-70.53374,-31.41004],[-70.5397,-31.386],[-70.52832,-31.37022],[-70.53286,-31.35017],[-70.5426,-31.34119],[-70.54652,-31.3066]]]},"properties":{"COD_SHAC":"SHAC-04-58-150","SHAC":"Illapel","REGION":"Coquimbo","NOM_ACUIF":"Rio Choapa","COD_BNA_SH":"0149","COD_REG":"4"}},
{"type":"Feature","geometry":{"type":"Polygon","coordinates":[[[-71.05997,-29.58098],[-71.07205,-29.57919],[-71.08306,-29.59685],[-71.10186,-29.61431],[-71.13925,-29.61529],[-71.14694,-29.62634],[-71.16391,-29.63089],[-71.18644,-29.65336],[-71.20382,-29.65701],[-71.21824,-29.65496],[-71.23026,-29.66689],[-71.24255,-29.66514],[-71.2695,-29.671],[-71.27611,-29.6915],[-71.28748,-29.6928],[-71.30746,-29.65314],[-71.31341,-29.65087],[-71.32166,-29.67318],[-71.31985,-29.68446],[-71.32915,-29.71059],[-71.324,-29.71504],[-71.32564,-29.73312],[-71.34163,-29.74531],[-71.34045,-29.76743],[-71.31907,-29.7789],[-71.31865,-29.79819],[-71.3117,-29.81952],[-71.29846,-29.82611],[-71.28825,-29.82195],[-71.27914,-29.84106],[-71.27452,-29.88657],[-71.25334,-29.88477],[-71.20119,-29.86672],[-71.19754,-29.86114],[-71.21227,-29.83584],[-71.21089,-29.8151],[-71.1966,-29.81315],[-71.18646,-29.79944],[-71.17625,-29.79572],[-71.16973,-29.77466],[-71.18065,-29.75866],[-71.17185,-29.73723],[-71.17209,-29.72771],[-71.15428,-29.68883],[-71.14003,-29.69085],[-71.13144,-29.67901],[-71.10163,-29.66586],[-71.08585,-29.67993],[-71.07428,-29.67582],[-71.06907,-29.6537],[-71.06048,-29.63865],[-71.04717,-29.62904],[-71.04746,-29.61063],[-71.06019,-29.59998],[-71.05997,-29.58098]]]},"properties":{"COD_SHAC":"SHAC-04-64-156","SHAC":"Serena Norte","REGION":"Coquimbo","NOM_ACUIF":"Rio Elqui","COD_BNA_SH":"0145","COD_REG":"4"}},
{"type":"Feature","geometry":{"type":"Polygon","coordinates":[[[-71.62583,-30.58783],[-71.65224,-30.57111],[-71.67547,-30.59131],[-71.68041,-30.60824],[-71.68425,-30.64023],[-71.68295,-30.66175],[-71.67279,-30.68277],[-71.67225,-30.70843],[-71.70296,-30.71922],[-71.70836,-30.72687],[-71.69887,-30.73202],[-71.67963,-30.74414],[-71.66958,-30.74568],[-71.66405,-30.77249],[-71.64844,-30.76268],[-71.6179,-30.77162],[-71.5891,-30.75276],[-71.5842,-30.72967],[-71.55055,-30.72864],[-71.5517,-30.71663],[-71.53807,-30.69476],[-71.53579,-30.67275],[-71.55152,-30.64823],[-71.5479,-30.64015],[-71.55733,-30.62831],[-71.55497,-30.61881],[-71.57009,-30.60728],[-71.57812,-30.59507],[-71.62583,-30.58783]]]},"properties":{"COD_SHAC":"SHAC-04-71-163","SHAC":"Limari Desembocadura","REGION":"Coquimbo","NOM_ACUIF":"Rio Limari","COD_BNA_SH":"0353","COD_REG":"4"}},
{"type":"Feature","geometry":{"type":"Polygon","coordinates":[[[-70.89341,-30.57482],[-70.90541,-30.57153],[-70.93579,-30.57552],[-70.95573,-30.58411],[-70.97965,-30.6113],[-70.97452,-30.62404],[-70.99519,-30.65483],[-70.98694,-30.66606],[-70.99487,-30.68927],[-71.01711,-30.69581],[-71.02602,-30.7039],[-71.03761,-30.70304],[-71.0218,-30.7192],[-71.00803,-30.72359],[-71.00428,-30.73201],[-70.98733,-30.73805],[-70.95661,-30.72809],[-70.90433,-30.7306],[-70.89627,-30.74541],[-70.89676,-30.7581],[-70.8864,-30.77985],[-70.87533,-30.79081],[-70.87368,-30.80692],[-70.87997,-30.81509],[-70.88057,-30.84599],[-70.88918,-30.85941],[-70.87573,-30.86194],[-70.85442,-30.87685],[-70.84727,-30.87526],[-70.81988,-30.89322],[-70.82552,-30.91876],[-70.81127,-30.94458],[-70.80205,-30.95043],[-70.82546,-30.98037],[-70.82372,-31.01808],[-70.81386,-31.0294],[-70.8026,-31.05839],[-70.7911,-31.0613],[-70.78492,-31.07282],[-70.77038,-31.08488],[-70.77495,-31.09244],[-70.7543,-31.10669],[-70.72126,-31.11624],[-70.70672,-31.11517],[-70.68308,-31.14215],[-70.65021,-31.16269],[-70.63235,-31.15509],[-70.6222,-31.16601],[-70.60675,-31.19902],[-70.61036,-31.22333],[-70.60066,-31.24716],[-70.59544,-31.27948],[-70.5812,-31.2795],[-70.557,-31.30444],[-70.54652,-31.3066],[-70.52888,-31.27913],[-70.52757,-31.25097],[-70.53356,-31.24606],[-70.51737,-31.23248],[-70.52275,-31.21888],[-70.51537,-31.19751],[-70.52551,-31.19037],[-70.50926,-31.14563],[-70.49949,-31.13992],[-70.49926,-31.12273],[-70.47779,-31.11543],[-70.46676,-31.10425],[-70.45768,-31.08477],[-70.43892,-31.09623],[-70.42515,-31.12867],[-70.41771,-31.13419],[-70.40918,-31.1671],[-70.37904,-31.15359],[-70.36167,-31.13443],[-70.36782,-31.10603],[-70.32938,-31.06344],[-70.32178,-31.04291],[-70.29894,-31.04737],[-70.27005,-31.04325],[-70.2727,-31.02789],[-70.28893,-31.02401],[-70.29876,-30.99755],[-70.30405,-30.99341],[-70.29473,-30.97509],[-70.30059,-30.96037],[-70.31666,-30.95009],[-70.32378,-30.9309],[-70.30718,-30.8961],[-70.30728,-30.88504],[-70.29633,-30.8556],[-70.28071,-30.83232],[-70.27751,-30.81329],[-70.29181,-30.80005],[-70.28529,-30.78346],[-70.27384,-30.78149],[-70.27498,-30.76231],[-70.29454,-30.75657],[-70.3283,-30.75862],[-70.37249,-30.75458],[-70.37948,-30.76],[-70.40682,-30.75779],[-70.42927,-30.76137],[-70.4626,-30.75288],[-70.48551,-30.75047],[-70.59359,-30.76614],[-70.62364,-30.77675],[-70.65522,-30.79641],[-70.67737,-30.79732],[-70.68669,-30.80866],[-70.70306,-30.81107],[-70.72,-30.79939],[-70.73224,-30.80328],[-70.74896,-30.79494],[-70.75421,-30.77935],[-70.76521,-30.77609],[-70.77488,-30.75623],[-70.79621,-30.74302],[-70.8136,-30.74236],[-70.8394,-30.73247],[-70.86435,-30.71621],[-70.88421,-30.71535],[-70.87993,-30.68943],[-70.89685,-30.68563],[-70.93007,-30.69781],[-70.91878,-30.65709],[-70.9077,-30.64403],[-70.87999,-30.63491],[-70.87209,-30.61938],[-70.8787,-30.59492],[-70.89341,-30.57482]]]},"properties":{"COD_SHAC":"SHAC-04-74-166","SHAC":"Rio Grande","REGION":"Coquimbo","NOM_ACUIF":"Rio Limari","COD_BNA_SH":"0356","COD_REG":"4"}},
{"type":"Feature","geometry":{"type":"Polygon","coordinates":[[[-70.25711,-30.69487],[-70.28569,-30.69358],[-70.30338,-30.67577],[-70.33265,-30.67462],[-70.33639,-30.65922],[-70.37403,-30.6574],[-70.40223,-30.63254],[-70.41429,-30.63484],[-70.42652,-30.62084],[-70.43497,-30.59281],[-70.43289,-30.58631],[-70.45765,-30.55808],[-70.47674,-30.5673],[-70.48743,-30.56118],[-70.50084,-30.56458],[-70.5207,-30.56152],[-70.53577,-30.57112],[-70.52953,-30.58585],[-70.55853,-30.60763],[-70.5557,-30.62339],[-70.56573,-30.63393],[-70.58275,-30.63799],[-70.59029,-30.64643],[-70.62694,-30.62652],[-70.66291,-30.621],[-70.69082,-30.63077],[-70.70297,-30.6562],[-70.72937,-30.64972],[-70.75669,-30.66001],[-70.78011,-30.65943],[-70.80002,-30.66928],[-70.8289,-30.6675],[-70.85161,-30.68584],[-70.87993,-30.68943],[-70.88421,-30.71535],[-70.86435,-30.71621],[-70.8394,-30.73247],[-70.8136,-30.74236],[-70.79621,-30.74302],[-70.77488,-30.75623],[-70.76521,-30.77609],[-70.75421,-30.77935],[-70.74896,-30.79494],[-70.73224,-30.80328],[-70.72,-30.79939],[-70.70306,-30.81107],[-70.68669,-30.80866],[-70.67737,-30.79732],[-70.65522,-30.79641],[-70.62364,-30.77675],[-70.59359,-30.76614],[-70.48551,-30.75047],[-70.4626,-30.75288],[-70.42927,-30.76137],[-70.40682,-30.75779],[-70.37948,-30.76],[-70.37249,-30.75458],[-70.3283,-30.75862],[-70.29454,-30.75657],[-70.27498,-30.76231],[-70.2625,-30.7379],[-70.24574,-30.72929],[-70.25636,-30.7149],[-70.25711,-30.69487]]]},"properties":{"COD_SHAC":"SHAC-04-79-171","SHAC":"Rio Rapel","REGION":"Coquimbo","NOM_ACUIF":"Rio Limari","COD_BNA_SH":"0361","COD_REG":"4"}},
{"type":"Feature","geometry":{"type":"Polygon","coordinates":[[[-71.08414,-29.30776],[-71.10728,-29.29617],[-71.12767,-29.30012],[-71.15678,-29.29699],[-71.17099,-29.28471],[-71.18302,-29.28276],[-71.21037,-29.29522],[-71.22321,-29.28738],[-71.23502,-29.28849],[-71.2416,-29.30486],[-71.2436,-29.32408],[-71.23801,-29.34418],[-71.24291,-29.35872],[-71.24142,-29.38468],[-71.26435,-29.39729],[-71.26629,-29.41554],[-71.25625,-29.42497],[-71.25589,-29.43863],[-71.2472,-29.45482],[-71.26037,-29.46815],[-71.26427,-29.48352],[-71.27745,-29.50253],[-71.26606,-29.51467],[-71.26457,-29.53039],[-71.27108,-29.54032],[-71.26958,-29.55258],[-71.22188,-29.56497],[-71.20789,-29.54632],[-71.18784,-29.5335],[-71.17165,-29.5308],[-71.15358,-29.53682],[-71.14416,-29.53283],[-71.14176,-29.51633],[-71.14569,-29.50633],[-71.13651,-29.49084],[-71.13642,-29.47848],[-71.11417,-29.44248],[-71.10197,-29.43564],[-71.08071,-29.41011],[-71.07639,-29.40048],[-71.09065,-29.38212],[-71.08836,-29.36273],[-71.09479,-29.35328],[-71.08348,-29.34052],[-71.08414,-29.30776]]]},"properties":{"COD_SHAC":"SHAC-04-80-172","SHAC":"Los Choros Altos","REGION":"Coquimbo","NOM_ACUIF":"Rio Los Choros","COD_BNA_SH":"0142","COD_REG":"4"}},
{"type":"Feature","geometry":{"type":"Polygon","coordinates":[[[-71.06688,-29.18626],[-71.0741,-29.1916],[-71.08812,-29.1772],[-71.10527,-29.16567],[-71.11679,-29.17094],[-71.14505,-29.16613],[-71.16529,-29.18263],[-71.18762,-29.1789],[-71.20331,-29.18581],[-71.22929,-29.18372],[-71.24314,-29.17577],[-71.26577,-29.17698],[-71.27833,-29.18431],[-71.26966,-29.20637],[-71.27682,-29.23533],[-71.28993,-29.25407],[-71.31221,-29.27123],[-71.32697,-29.27845],[-71.36687,-29.30461],[-71.34711,-29.3229],[-71.31112,-29.32226],[-71.29668,-29.32451],[-71.28602,-29.33248],[-71.30005,-29.36444],[-71.3095,-29.37795],[-71.27662,-29.39623],[-71.26435,-29.39729],[-71.24142,-29.38468],[-71.24291,-29.35872],[-71.23801,-29.34418],[-71.2436,-29.32408],[-71.2416,-29.30486],[-71.23502,-29.28849],[-71.22321,-29.28738],[-71.21037,-29.29522],[-71.18302,-29.28276],[-71.17099,-29.28471],[-71.15678,-29.29699],[-71.12767,-29.30012],[-71.10728,-29.29617],[-71.08414,-29.30776],[-71.0921,-29.29403],[-71.08707,-29.28001],[-71.08948,-29.26915],[-71.08149,-29.25274],[-71.08722,-29.22911],[-71.06499,-29.19317],[-71.06688,-29.18626]]]},"properties":{"COD_SHAC":"SHAC-04-81-173","SHAC":"Los Choros Bajos","REGION":"Coquimbo","NOM_ACUIF":"Rio Los Choros","COD_BNA_SH":"0143","COD_REG":"4"}},
{"type":"Feature","geometry":{"type":"Polygon","coordinates":[[[-71.46639,-29.11317],[-71.49678,-29.13448],[-71.50397,-29.14513],[-71.49853,-29.16208],[-71.48791,-29.17635],[-71.49899,-29.18504],[-71.48673,-29.20585],[-71.46404,-29.2268],[-71.46621,-29.24615],[-71.46001,-29.25609],[-71.44232,-29.25397],[-71.43054,-29.25825],[-71.40071,-29.27738],[-71.36687,-29.30461],[-71.32697,-29.27845],[-71.31221,-29.27123],[-71.28993,-29.25407],[-71.27682,-29.23533],[-71.26966,-29.20637],[-71.27833,-29.18431],[-71.2887,-29.17983],[-71.31639,-29.15665],[-71.35175,-29.14182],[-71.36991,-29.14545],[-71.39579,-29.1273],[-71.4066,-29.1135],[-71.42725,-29.11828],[-71.46186,-29.11946],[-71.46639,-29.11317]]]},"properties":{"COD_SHAC":"SHAC-04-82-174","SHAC":"Playa Los Choros","REGION":"Coquimbo","NOM_ACUIF":"Rio Los Choros","COD_BNA_SH":"0532","COD_REG":"4"}},
{"type":"Feature","geometry":{"type":"Polygon","coordinates":[[[-70.97396,-29.13691],[-70.98179,-29.12906],[-70.99413,-29.12969],[-71.01095,-29.12289],[-71.02239,-29.13281],[-71.02302,-29.15137],[-71.05891,-29.17049],[-71.06688,-29.18626],[-71.06499,-29.19317],[-71.08722,-29.22911],[-71.08149,-29.25274],[-71.08948,-29.26915],[-71.08707,-29.28001],[-71.0921,-29.29403],[-71.08414,-29.30776],[-71.08348,-29.34052],[-71.09479,-29.35328],[-71.08836,-29.36273],[-71.09065,-29.38212],[-71.07639,-29.40048],[-71.08071,-29.41011],[-71.10197,-29.43564],[-71.11417,-29.44248],[-71.13642,-29.47848],[-71.13651,-29.49084],[-71.14569,-29.50633],[-71.14176,-29.51633],[-71.13197,-29.51256],[-71.11769,-29.51979],[-71.10512,-29.51585],[-71.09483,-29.5227],[-71.06441,-29.52964],[-71.03938,-29.52155],[-71.03733,-29.49177],[-71.02064,-29.48522],[-71.00474,-29.46066],[-71.00543,-29.43914],[-70.97805,-29.43351],[-70.96539,-29.40702],[-70.97388,-29.3881],[-70.97024,-29.36436],[-70.95241,-29.3593],[-70.95008,-29.32401],[-70.96811,-29.31535],[-70.97707,-29.30564],[-70.97929,-29.28485],[-70.99228,-29.27148],[-70.98333,-29.22955],[-70.97221,-29.21943],[-70.96412,-29.19576],[-70.97165,-29.19324],[-70.97484,-29.1756],[-70.96725,-29.16273],[-70.97311,-29.15571],[-70.97396,-29.13691]]]},"properties":{"COD_SHAC":"SHAC-04-83-175","SHAC":"Punta Colorada","REGION":"Coquimbo","NOM_ACUIF":"Rio Los Choros","COD_BNA_SH":"0141","COD_REG":"4"}},
{"type":"Feature","geometry":{"type":"Polygon","coordinates":[[[-70.54539,-29.04685],[-70.55304,-29.04379],[-70.57003,-29.05372],[-70.5971,-29.05146],[-70.61121,-29.03636],[-70.62912,-29.04256],[-70.64572,-29.04229],[-70.64619,-29.05344],[-70.68692,-29.04763],[-70.72852,-29.06036],[-70.7159,-29.08511],[-70.72717,-29.08941],[-70.73052,-29.104],[-70.7469,-29.10388],[-70.78368,-29.11952],[-70.79682,-29.1321],[-70.84258,-29.14373],[-70.88756,-29.14326],[-70.90336,-29.13011],[-70.91848,-29.13607],[-70.95796,-29.12786],[-70.97396,-29.13691],[-70.97311,-29.15571],[-70.96725,-29.16273],[-70.97484,-29.1756],[-70.97165,-29.19324],[-70.96412,-29.19576],[-70.97221,-29.21943],[-70.98333,-29.22955],[-70.99228,-29.27148],[-70.97929,-29.28485],[-70.97707,-29.30564],[-70.96811,-29.31535],[-70.95008,-29.32401],[-70.95241,-29.3593],[-70.97024,-29.36436],[-70.97388,-29.3881],[-70.96539,-29.40702],[-70.97805,-29.43351],[-71.00543,-29.43914],[-71.00474,-29.46066],[-71.02064,-29.48522],[-71.03733,-29.49177],[-71.03938,-29.52155],[-71.01604,-29.54675],[-71.0212,-29.56319],[-71.01493,-29.57885],[-71.00439,-29.58424],[-70.99307,-29.60045],[-70.97233,-29.59539],[-70.93821,-29.581],[-70.91211,-29.55237],[-70.89069,-29.54609],[-70.87867,-29.54719],[-70.86627,-29.55883],[-70.8565,-29.55295],[-70.84395,-29.56107],[-70.83826,-29.59517],[-70.82788,-29.60584],[-70.82025,-29.62822],[-70.80274,-29.61614],[-70.78483,-29.62311],[-70.76783,-29.62134],[-70.76576,-29.62967],[-70.741,-29.61954],[-70.70996,-29.63076],[-70.69491,-29.65273],[-70.69563,-29.67585],[-70.68483,-29.68901],[-70.68198,-29.68326],[-70.64764,-29.69522],[-70.62998,-29.68906],[-70.60782,-29.69807],[-70.59941,-29.71054],[-70.57302,-29.69626],[-70.57665,-29.67087],[-70.58888,-29.66126],[-70.57821,-29.65043],[-70.57357,-29.63638],[-70.57979,-29.62019],[-70.57359,-29.61131],[-70.55759,-29.60484],[-70.5507,-29.59432],[-70.55256,-29.58162],[-70.54314,-29.57106],[-70.55447,-29.56089],[-70.54845,-29.54321],[-70.53265,-29.5224],[-70.53395,-29.50534],[-70.52448,-29.49578],[-70.53086,-29.46326],[-70.52679,-29.45385],[-70.52949,-29.43706],[-70.54349,-29.42114],[-70.54589,-29.4017],[-70.52201,-29.36316],[-70.50908,-29.35722],[-70.47417,-29.36044],[-70.45613,-29.33724],[-70.44465,-29.33083],[-70.45718,-29.31908],[-70.46614,-29.29539],[-70.47917,-29.28762],[-70.46327,-29.26816],[-70.46852,-29.25647],[-70.46763,-29.24044],[-70.47984,-29.22542],[-70.49876,-29.21489],[-70.49563,-29.16498],[-70.5098,-29.1409],[-70.53305,-29.1269],[-70.52694,-29.10659],[-70.53879,-29.1039],[-70.54264,-29.08333],[-70.53461,-29.06148],[-70.54539,-29.04685]]]},"properties":{"COD_SHAC":"SHAC-04-84-176","SHAC":"Tres Cruces","REGION":"Coquimbo","NOM_ACUIF":"Rio Los Choros","COD_BNA_SH":"0140","COD_REG":"4"}},
{"type":"Feature","geometry":{"type":"Polygon","coordinates":[[[-71.04088,-32.03294],[-71.06466,-32.03143],[-71.08731,-32.04179],[-71.09981,-32.02517],[-71.11635,-32.024],[-71.14622,-32.01082],[-71.16852,-32.00886],[-71.18833,-32.01833],[-71.19662,-32.00323],[-71.21737,-31.99972],[-71.2286,-31.98957],[-71.23979,-31.99575],[-71.24328,-32.02313],[-71.2423,-32.03784],[-71.2319,-32.061],[-71.22937,-32.08403],[-71.2219,-32.08919],[-71.21702,-32.10819],[-71.22134,-32.12787],[-71.21279,-32.12844],[-71.1916,-32.15262],[-71.18221,-32.17172],[-71.16762,-32.16811],[-71.14487,-32.15266],[-71.13451,-32.15207],[-71.13074,-32.13958],[-71.10645,-32.12457],[-71.08413,-32.10132],[-71.06892,-32.09579],[-71.04543,-32.0756],[-71.0295,-32.07395],[-71.0432,-32.0479],[-71.04088,-32.03294]]]},"properties":{"COD_SHAC":"SHAC-04-85-177","SHAC":"Aguas Arriba Embalse Culimo","REGION":"Coquimbo","NOM_ACUIF":"Rio Quilimari","COD_BNA_SH":"0233","COD_REG":"4"}},
{"type":"Feature","geometry":{"type":"Polygon","coordinates":[[[-71.35099,-32.11669],[-71.36501,-32.11365],[-71.38789,-32.1283],[-71.37735,-32.16656],[-71.38857,-32.18862],[-71.37101,-32.19928],[-71.36079,-32.19787],[-71.33807,-32.20228],[-71.30932,-32.19092],[-71.28926,-32.191],[-71.28475,-32.18079],[-71.29879,-32.15365],[-71.30975,-32.14172],[-71.32158,-32.14222],[-71.35186,-32.1273],[-71.35099,-32.11669]]]},"properties":{"COD_SHAC":"SHAC-04-88-180","SHAC":"Guanguali","REGION":"Coquimbo","NOM_ACUIF":"Rio Quilimari","COD_BNA_SH":"0222","COD_REG":"4"}},
{"type":"Feature","geometry":{"type":"Polygon","coordinates":[[[-71.30114,-32.10703],[-71.31075,-32.10549],[-71.32126,-32.08525],[-71.33323,-32.07067],[-71.34737,-32.08002],[-71.34424,-32.09345],[-71.35099,-32.11669],[-71.35186,-32.1273],[-71.32158,-32.14222],[-71.30975,-32.14172],[-71.29879,-32.15365],[-71.28475,-32.18079],[-71.27339,-32.17888],[-71.25076,-32.16514],[-71.24217,-32.14299],[-71.25524,-32.13416],[-71.2793,-32.12272],[-71.30114,-32.10703]]]},"properties":{"COD_SHAC":"SHAC-04-90-182","SHAC":"Los Condores","REGION":"Coquimbo","NOM_ACUIF":"Rio Quilimari","COD_BNA_SH":"0220","COD_REG":"4"}},
{"type":"Feature","geometry":{"type":"Polygon","coordinates":[[[-71.41693,-32.18612],[-71.41481,-32.16752],[-71.41911,-32.14925],[-71.42576,-32.14529],[-71.44191,-32.11793],[-71.44107,-32.10923],[-71.45745,-32.11021],[-71.46559,-32.1201],[-71.45307,-32.13543],[-71.44267,-32.16747],[-71.44642,-32.17012],[-71.43443,-32.1807],[-71.41693,-32.18612]]]},"properties":{"COD_SHAC":"SHAC-04-91-183","SHAC":"Los Maquis","REGION":"Coquimbo","NOM_ACUIF":"Rio Quilimari","COD_BNA_SH":"0223","COD_REG":"4"}},
{"type":"Feature","geometry":{"type":"Polygon","coordinates":[[[-71.22134,-32.12787],[-71.21702,-32.10819],[-71.2219,-32.08919],[-71.22937,-32.08403],[-71.2319,-32.061],[-71.2423,-32.03784],[-71.24328,-32.02313],[-71.25984,-32.0574],[-71.27531,-32.05784],[-71.28258,-32.06776],[-71.2806,-32.07833],[-71.29574,-32.08856],[-71.26517,-32.1138],[-71.25524,-32.13416],[-71.24217,-32.14299],[-71.22134,-32.12787]]]},"properties":{"COD_SHAC":"SHAC-04-92-184","SHAC":"Pangalillo","REGION":"Coquimbo","NOM_ACUIF":"Rio Quilimari","COD_BNA_SH":"0363","COD_REG":"4"}},
{"type":"Feature","geometry":{"type":"Polygon","coordinates":[[[-70.50965,-33.09236],[-70.5254,-33.05762],[-70.55186,-33.04186],[-70.54181,-33.02054],[-70.55928,-32.99533],[-70.59209,-32.96764],[-70.58994,-32.96129],[-70.59906,-32.94372],[-70.61172,-32.94888],[-70.64211,-32.94632],[-70.66977,-32.95562],[-70.70917,-32.95644],[-70.71919,-32.94848],[-70.72924,-32.96076],[-70.74268,-32.96037],[-70.7592,-32.97026],[-70.77218,-32.98545],[-70.79387,-32.98929],[-70.83241,-33.01528],[-70.83763,-33.05365],[-70.87654,-33.05667],[-70.88885,-33.06987],[-70.87787,-33.08203],[-70.8867,-33.09868],[-70.88219,-33.13238],[-70.8868,-33.14224],[-70.88448,-33.1645],[-70.89158,-33.19405],[-70.90118,-33.20163],[-70.8859,-33.21305],[-70.88222,-33.2271],[-70.86347,-33.22195],[-70.85074,-33.19562],[-70.85616,-33.18093],[-70.82643,-33.18234],[-70.79908,-33.16901],[-70.75942,-33.17999],[-70.7212,-33.16541],[-70.69524,-33.1648],[-70.67546,-33.17088],[-70.64149,-33.16993],[-70.62332,-33.1523],[-70.60535,-33.1297],[-70.59817,-33.12605],[-70.56958,-33.13291],[-70.55861,-33.12944],[-70.55114,-33.12755],[-70.54161,-33.10765],[-70.51436,-33.09971],[-70.50965,-33.09236]]]},"properties":{"COD_SHAC":"SHAC-13-21-267","SHAC":"Chacabuco Polpaico","REGION":"Metropolitana de Santiago","NOM_ACUIF":"Rio Maipo","COD_BNA_SH":"0118","COD_REG":"13"}},
{"type":"Feature","geometry":{"type":"Polygon","coordinates":[[[-70.37585,-33.10664],[-70.38868,-33.07977],[-70.4053,-33.06893],[-70.39725,-33.03667],[-70.42613,-33.02174],[-70.43843,-33.02537],[-70.45956,-33.04755],[-70.48112,-33.07875],[-70.50965,-33.09236],[-70.51436,-33.09971],[-70.54161,-33.10765],[-70.55114,-33.12755],[-70.55861,-33.12944],[-70.55066,-33.1422],[-70.56891,-33.15461],[-70.57144,-33.17589],[-70.5846,-33.19161],[-70.58404,-33.20823],[-70.57015,-33.22394],[-70.56561,-33.23625],[-70.55974,-33.24177],[-70.5236,-33.23797],[-70.50758,-33.21879],[-70.47315,-33.2185],[-70.46103,-33.18973],[-70.45954,-33.17492],[-70.43754,-33.14911],[-70.43306,-33.13759],[-70.41333,-33.12159],[-70.40156,-33.12124],[-70.37585,-33.10664]]]},"properties":{"COD_SHAC":"SHAC-13-25-271","SHAC":"Colina Superior","REGION":"Metropolitana de Santiago","NOM_ACUIF":"Rio Maipo","COD_BNA_SH":"0113","COD_REG":"13"}},
{"type":"Feature","geometry":{"type":"Polygon","coordinates":[[[-71.05861,-33.6371],[-71.07285,-33.62783],[-71.09512,-33.6337],[-71.1149,-33.63346],[-71.1293,-33.64558],[-71.13432,-33.65804],[-71.17715,-33.66254],[-71.19451,-33.65261],[-71.21235,-33.65973],[-71.24895,-33.66732],[-71.24947,-33.69434],[-71.27407,-33.70118],[-71.29579,-33.69444],[-71.32308,-33.70756],[-71.33967,-33.70812],[-71.35349,-33.71602],[-71.35159,-33.72933],[-71.36036,-33.74506],[-71.38946,-33.73776],[-71.39795,-33.75077],[-71.42491,-33.7532],[-71.42863,-33.76415],[-71.44079,-33.76529],[-71.45,-33.78878],[-71.44477,-33.80668],[-71.42666,-33.80306],[-71.37047,-33.81528],[-71.36223,-33.83111],[-71.3529,-33.83719],[-71.35182,-33.87125],[-71.32758,-33.86412],[-71.30277,-33.86164],[-71.31565,-33.82461],[-71.31005,-33.80083],[-71.31995,-33.78931],[-71.30488,-33.74951],[-71.27198,-33.7411],[-71.26192,-33.75214],[-71.23689,-33.76003],[-71.21996,-33.76985],[-71.20775,-33.74422],[-71.19952,-33.74205],[-71.19161,-33.72331],[-71.15546,-33.72382],[-71.1393,-33.73665],[-71.11962,-33.73718],[-71.11947,-33.67061],[-71.07038,-33.67144],[-71.0724,-33.65274],[-71.05861,-33.6371]]]},"properties":{"COD_SHAC":"SHAC-13-33-279","SHAC":"Melipilla","REGION":"Metropolitana de Santiago","NOM_ACUIF":"Rio Maipo","COD_BNA_SH":"0550","COD_REG":"13"}},
{"type":"Feature","geometry":{"type":"Polygon","coordinates":[[[-71.23513,-33.56537],[-71.24756,-33.55424],[-71.26909,-33.54416],[-71.28455,-33.54796],[-71.30046,-33.54479],[-71.33055,-33.54718],[-71.32803,-33.55836],[-71.33264,-33.57788],[-71.32896,-33.58236],[-71.33933,-33.61013],[-71.35944,-33.62294],[-71.38387,-33.62444],[-71.39535,-33.64167],[-71.40002,-33.66261],[-71.41852,-33.65617],[-71.43119,-33.66376],[-71.43759,-33.68044],[-71.4239,-33.68531],[-71.4202,-33.70523],[-71.39626,-33.72025],[-71.38946,-33.73776],[-71.36036,-33.74506],[-71.35159,-33.72933],[-71.35349,-33.71602],[-71.33967,-33.70812],[-71.32308,-33.70756],[-71.29579,-33.69444],[-71.27407,-33.70118],[-71.24947,-33.69434],[-71.24895,-33.66732],[-71.21235,-33.65973],[-71.19451,-33.65261],[-71.17715,-33.66254],[-71.13432,-33.65804],[-71.1293,-33.64558],[-71.1149,-33.63346],[-71.16854,-33.61012],[-71.19156,-33.61658],[-71.20366,-33.60251],[-71.21813,-33.60128],[-71.21515,-33.58208],[-71.22016,-33.57221],[-71.23513,-33.56537]]]},"properties":{"COD_SHAC":"SHAC-13-38-284","SHAC":"Puangue Bajo","REGION":"Metropolitana de Santiago","NOM_ACUIF":"Rio Maipo","COD_BNA_SH":"0126","COD_REG":"13"}},
{"type":"Feature","geometry":{"type":"Polygon","coordinates":[[[-70.91984,-33.48881],[-70.92895,-33.47739],[-70.94532,-33.47027],[-70.95529,-33.44485],[-70.94822,-33.42952],[-70.95146,-33.41132],[-70.94826,-33.38562],[-70.9685,-33.37574],[-70.98523,-33.35966],[-70.98634,-33.35057],[-71.00244,-33.33303],[-71.01901,-33.33539],[-71.03699,-33.34497],[-71.06619,-33.37894],[-71.08952,-33.38898],[-71.11632,-33.39579],[-71.12566,-33.41462],[-71.1103,-33.43146],[-71.10944,-33.4419],[-71.12355,-33.44669],[-71.1496,-33.44903],[-71.1655,-33.44522],[-71.18762,-33.45042],[-71.18987,-33.44237],[-71.23277,-33.42633],[-71.25609,-33.40934],[-71.27749,-33.40394],[-71.30239,-33.4123],[-71.32895,-33.40827],[-71.34057,-33.41419],[-71.34253,-33.4336],[-71.33654,-33.45636],[-71.33938,-33.47428],[-71.35241,-33.49089],[-71.34928,-33.49851],[-71.35113,-33.52784],[-71.332,-33.53451],[-71.33055,-33.54718],[-71.30046,-33.54479],[-71.28455,-33.54796],[-71.26909,-33.54416],[-71.24756,-33.55424],[-71.23513,-33.56537],[-71.20943,-33.56331],[-71.19208,-33.54647],[-71.17967,-33.55348],[-71.16333,-33.55468],[-71.12864,-33.54735],[-71.0921,-33.55261],[-71.07781,-33.54912],[-71.06713,-33.55518],[-71.04547,-33.55475],[-71.01404,-33.54167],[-70.99854,-33.5383],[-70.9856,-33.54655],[-70.95361,-33.55],[-70.9477,-33.56035],[-70.92916,-33.54629],[-70.92105,-33.51037],[-70.92919,-33.50117],[-70.91984,-33.48881]]]},"properties":{"COD_SHAC":"SHAC-13-39-285","SHAC":"Puangue Medio","REGION":"Metropolitana de Santiago","NOM_ACUIF":"Rio Maipo","COD_BNA_SH":"0445","COD_REG":"13"}},
{"type":"Feature","geometry":{"type":"Polygon","coordinates":[[[-70.72855,-32.92479],[-70.76173,-32.92893],[-70.77128,-32.93512],[-70.80261,-32.92436],[-70.81309,-32.93131],[-70.84283,-32.92289],[-70.8872,-32.93812],[-70.89659,-32.93322],[-70.91595,-32.94408],[-70.92921,-32.9676],[-70.93975,-32.97235],[-70.95361,-32.96557],[-70.97209,-32.97555],[-70.9872,-32.97805],[-71.01388,-32.97577],[-71.02724,-32.98809],[-71.02658,-33.00536],[-71.01367,-33.03727],[-71.00185,-33.05012],[-71.02902,-33.08341],[-71.01496,-33.09805],[-71.01944,-33.11031],[-71.01216,-33.13808],[-71.01452,-33.1499],[-71.00409,-33.15597],[-70.9888,-33.17633],[-70.97974,-33.17291],[-70.963,-33.1777],[-70.94747,-33.17168],[-70.91138,-33.20252],[-70.90118,-33.20163],[-70.89158,-33.19405],[-70.88448,-33.1645],[-70.8868,-33.14224],[-70.88219,-33.13238],[-70.8867,-33.09868],[-70.87787,-33.08203],[-70.88885,-33.06987],[-70.87654,-33.05667],[-70.83763,-33.05365],[-70.83241,-33.01528],[-70.79387,-32.98929],[-70.77218,-32.98545],[-70.7592,-32.97026],[-70.74268,-32.96037],[-70.72924,-32.96076],[-70.71919,-32.94848],[-70.72305,-32.92595],[-70.72855,-32.92479]]]},"properties":{"COD_SHAC":"SHAC-13-42-288","SHAC":"Tiltil","REGION":"Metropolitana de Santiago","NOM_ACUIF":"Rio Maipo","COD_BNA_SH":"0117","COD_REG":"13"}},
{"type":"Feature","geometry":{"type":"Polygon","coordinates":[[[-71.39134,-33.99055],[-71.42205,-33.9965],[-71.41103,-34.00814],[-71.41315,-34.03546],[-71.41646,-34.05566],[-71.41173,-34.06213],[-71.38741,-34.06767],[-71.36611,-34.05985],[-71.35151,-34.0648],[-71.34152,-34.05036],[-71.3133,-34.04411],[-71.29461,-34.02683],[-71.32182,-34.0155],[-71.33225,-34.00505],[-71.37289,-34.00254],[-71.39134,-33.99055]]]},"properties":{"COD_SHAC":"SHAC-13-16-262","SHAC":"San Vicente","REGION":"Metropolitana de Santiago","NOM_ACUIF":"Estero Yali","COD_BNA_SH":"0186","COD_REG":"13"}},
{"type":"Feature","geometry":{"type":"Polygon","coordinates":[[[-71.61671,-33.59401],[-71.6217,-33.59499],[-71.63393,-33.62634],[-71.6153,-33.63404],[-71.61929,-33.64675],[-71.60483,-33.66796],[-71.5989,-33.70089],[-71.58437,-33.71346],[-71.57901,-33.73536],[-71.5632,-33.75454],[-71.564,-33.76532],[-71.54968,-33.77414],[-71.54788,-33.7852],[-71.53531,-33.79076],[-71.53028,-33.80836],[-71.53484,-33.81741],[-71.51089,-33.83262],[-71.51175,-33.84064],[-71.49739,-33.85589],[-71.47684,-33.86236],[-71.46062,-33.86748],[-71.44984,-33.86054],[-71.46971,-33.84107],[-71.45476,-33.82449],[-71.46442,-33.81359],[-71.44477,-33.80668],[-71.45,-33.78878],[-71.44079,-33.76529],[-71.42863,-33.76415],[-71.42491,-33.7532],[-71.39795,-33.75077],[-71.38946,-33.73776],[-71.39626,-33.72025],[-71.4202,-33.70523],[-71.4239,-33.68531],[-71.43759,-33.68044],[-71.43119,-33.66376],[-71.41852,-33.65617],[-71.43573,-33.62869],[-71.45337,-33.62511],[-71.48397,-33.61182],[-71.49975,-33.61454],[-71.52381,-33.6077],[-71.55388,-33.61371],[-71.55755,-33.62421],[-71.5833,-33.63004],[-71.59807,-33.62496],[-71.59468,-33.5948],[-71.61671,-33.59401]]]},"properties":{"COD_SHAC":"SHAC-05-63-242","SHAC":"Maipo Desembocadura","REGION":"Valparaiso","NOM_ACUIF":"Rio Maipo","COD_BNA_SH":"0547","COD_REG":"5"}},
{"type":"Feature","geometry":{"type":"Polygon","coordinates":[[[-71.56553,-33.98319],[-71.56813,-33.96497],[-71.54745,-33.93661],[-71.55577,-33.92917],[-71.57177,-33.9267],[-71.58987,-33.90331],[-71.61268,-33.88078],[-71.62401,-33.87444],[-71.6481,-33.88639],[-71.66028,-33.8815],[-71.68291,-33.884],[-71.68862,-33.87547],[-71.6874,-33.85854],[-71.69713,-33.8475],[-71.72081,-33.85111],[-71.75195,-33.84743],[-71.78376,-33.83303],[-71.79356,-33.81927],[-71.81357,-33.81636],[-71.81739,-33.83805],[-71.82185,-33.87462],[-71.80697,-33.87566],[-71.79986,-33.89347],[-71.77761,-33.89783],[-71.73494,-33.92764],[-71.71949,-33.92967],[-71.70382,-33.92192],[-71.68577,-33.92178],[-71.67937,-33.91019],[-71.64556,-33.93261],[-71.63183,-33.94721],[-71.62185,-33.94607],[-71.59415,-33.95987],[-71.58806,-33.98882],[-71.56553,-33.98319]]]},"properties":{"COD_SHAC":"SHAC-13-01-225","SHAC":"Maitenlahue","REGION":"Metropolitana de Santiago","NOM_ACUIF":"Maitenlahue","COD_BNA_SH":"0474","COD_REG":"13"}},
{"type":"Feature","geometry":{"type":"Polygon","coordinates":[[[-71.564,-33.76532],[-71.57472,-33.75618],[-71.60496,-33.76144],[-71.6562,-33.76008],[-71.66103,-33.75129],[-71.68512,-33.73066],[-71.7083,-33.74464],[-71.76294,-33.7648],[-71.77972,-33.76558],[-71.7942,-33.77298],[-71.7963,-33.79287],[-71.81357,-33.81636],[-71.79356,-33.81927],[-71.78376,-33.83303],[-71.75195,-33.84743],[-71.72081,-33.85111],[-71.69713,-33.8475],[-71.6874,-33.85854],[-71.68862,-33.87547],[-71.68291,-33.884],[-71.66028,-33.8815],[-71.6481,-33.88639],[-71.62401,-33.87444],[-71.61268,-33.88078],[-71.58987,-33.90331],[-71.57177,-33.9267],[-71.55577,-33.92917],[-71.54745,-33.93661],[-71.56813,-33.96497],[-71.56553,-33.98319],[-71.55693,-33.98108],[-71.54005,-33.99226],[-71.5231,-33.99175],[-71.49869,-33.99806],[-71.47112,-34.01103],[-71.48276,-33.9863],[-71.49637,-33.97583],[-71.50409,-33.96256],[-71.49078,-33.95452],[-71.49348,-33.93605],[-71.51137,-33.9074],[-71.48874,-33.905],[-71.49006,-33.86997],[-71.47684,-33.86236],[-71.49739,-33.85589],[-71.51175,-33.84064],[-71.51089,-33.83262],[-71.53484,-33.81741],[-71.53028,-33.80836],[-71.53531,-33.79076],[-71.54788,-33.7852],[-71.54968,-33.77414],[-71.564,-33.76532]]]},"properties":{"COD_SHAC":"SHAC-13-18-264","SHAC":"Yali Bajo El Prado","REGION":"Metropolitana de Santiago","NOM_ACUIF":"Estero Yali","COD_BNA_SH":"0183","COD_REG":"13"}},
{"type":"Feature","geometry":{"type":"Polygon","coordinates":[[[-70.09438,-33.05148],[-70.0803,-33.02859],[-70.0567,-33.02919],[-70.03122,-33.02046],[-70.02321,-33.00698],[-70.02161,-32.98971],[-70.02808,-32.96737],[-70.02076,-32.95653],[-70.00224,-32.94557],[-70.00791,-32.93135],[-69.99255,-32.9084],[-69.98943,-32.89795],[-70.00416,-32.88122],[-70.03758,-32.87291],[-70.05675,-32.85681],[-70.05543,-32.83154],[-70.07859,-32.82295],[-70.08696,-32.8052],[-70.10834,-32.80001],[-70.11576,-32.76691],[-70.13217,-32.75602],[-70.13763,-32.73152],[-70.14761,-32.72839],[-70.14276,-32.69182],[-70.14607,-32.6517],[-70.15118,-32.63638],[-70.17095,-32.62486],[-70.16129,-32.59416],[-70.14931,-32.5808],[-70.12604,-32.57648],[-70.12801,-32.55177],[-70.12339,-32.53496],[-70.14138,-32.4983],[-70.1466,-32.46683],[-70.16681,-32.4544],[-70.1937,-32.44962],[-70.2139,-32.43856],[-70.21887,-32.42835],[-70.23323,-32.43084],[-70.2381,-32.4433],[-70.23426,-32.45522],[-70.24859,-32.46059],[-70.25591,-32.4741],[-70.28015,-32.47258],[-70.29948,-32.47694],[-70.31338,-32.49165],[-70.31641,-32.51068],[-70.32903,-32.52201],[-70.33437,-32.54295],[-70.35582,-32.58108],[-70.39472,-32.60199],[-70.40311,-32.5897],[-70.41711,-32.58522],[-70.42655,-32.59704],[-70.46415,-32.59429],[-70.48165,-32.59764],[-70.51321,-32.59869],[-70.53355,-32.59273],[-70.5362,-32.58175],[-70.55276,-32.56905],[-70.57625,-32.5707],[-70.58543,-32.592],[-70.60438,-32.59869],[-70.62209,-32.61111],[-70.61956,-32.62917],[-70.62406,-32.64082],[-70.64086,-32.66374],[-70.65633,-32.67356],[-70.66394,-32.6877],[-70.68048,-32.69468],[-70.7102,-32.69585],[-70.72772,-32.70036],[-70.75364,-32.72334],[-70.78941,-32.70999],[-70.78542,-32.72199],[-70.76914,-32.74006],[-70.76437,-32.75092],[-70.77125,-32.76374],[-70.76135,-32.7816],[-70.76314,-32.80009],[-70.7532,-32.80796],[-70.76723,-32.82499],[-70.76214,-32.8469],[-70.7546,-32.86046],[-70.75411,-32.87917],[-70.73782,-32.88916],[-70.72855,-32.92479],[-70.72305,-32.92595],[-70.71919,-32.94848],[-70.70917,-32.95644],[-70.66977,-32.95562],[-70.64211,-32.94632],[-70.61172,-32.94888],[-70.59906,-32.94372],[-70.58994,-32.96129],[-70.59209,-32.96764],[-70.55928,-32.99533],[-70.54181,-33.02054],[-70.55186,-33.04186],[-70.5254,-33.05762],[-70.50965,-33.09236],[-70.48112,-33.07875],[-70.45956,-33.04755],[-70.43843,-33.02537],[-70.42613,-33.02174],[-70.39725,-33.03667],[-70.4053,-33.06893],[-70.38868,-33.07977],[-70.37585,-33.10664],[-70.35116,-33.10539],[-70.34165,-33.09693],[-70.32826,-33.09643],[-70.29698,-33.11598],[-70.29091,-33.12835],[-70.26658,-33.13266],[-70.27018,-33.14841],[-70.25937,-33.16954],[-70.25959,-33.18265],[-70.24181,-33.18617],[-70.23562,-33.16615],[-70.22474,-33.15008],[-70.23094,-33.1385],[-70.219,-33.12777],[-70.20167,-33.12302],[-70.20084,-33.11019],[-70.18396,-33.10308],[-70.15552,-33.11268],[-70.15824,-33.09829],[-70.13226,-33.09325],[-70.12942,-33.07985],[-70.1012,-33.05215],[-70.09438,-33.05148]]]},"properties":{"COD_SHAC":"SHAC-05-47-226","SHAC":"Acuifero 1 - San Felipe","REGION":"Valparaiso","NOM_ACUIF":"Rio Aconcagua","COD_BNA_SH":"0372","COD_REG":"5"}},
{"type":"Feature","geometry":{"type":"Polygon","coordinates":[[[-70.32116,-32.27289],[-70.32995,-32.2764],[-70.34406,-32.2683],[-70.35308,-32.2542],[-70.36368,-32.25366],[-70.37538,-32.26753],[-70.38397,-32.26617],[-70.41467,-32.28227],[-70.41103,-32.29811],[-70.44327,-32.33851],[-70.46866,-32.33673],[-70.4687,-32.34996],[-70.48348,-32.35627],[-70.51726,-32.35182],[-70.53403,-32.35596],[-70.55271,-32.37207],[-70.57354,-32.36932],[-70.58117,-32.37642],[-70.59771,-32.36562],[-70.61312,-32.36999],[-70.61907,-32.38321],[-70.61398,-32.39525],[-70.62075,-32.40908],[-70.61577,-32.41794],[-70.63519,-32.44053],[-70.63806,-32.45905],[-70.65308,-32.45871],[-70.65697,-32.46682],[-70.66587,-32.48367],[-70.68047,-32.48736],[-70.69094,-32.49649],[-70.71837,-32.50879],[-70.72143,-32.52885],[-70.74885,-32.52762],[-70.77919,-32.54729],[-70.78591,-32.57257],[-70.81033,-32.58287],[-70.79649,-32.60426],[-70.81392,-32.61887],[-70.81979,-32.63072],[-70.82219,-32.64438],[-70.83309,-32.66255],[-70.83915,-32.68457],[-70.82273,-32.69067],[-70.78941,-32.70999],[-70.75364,-32.72334],[-70.72772,-32.70036],[-70.7102,-32.69585],[-70.68048,-32.69468],[-70.66394,-32.6877],[-70.65633,-32.67356],[-70.64086,-32.66374],[-70.62406,-32.64082],[-70.61956,-32.62917],[-70.62209,-32.61111],[-70.60438,-32.59869],[-70.58543,-32.592],[-70.57625,-32.5707],[-70.55276,-32.56905],[-70.5362,-32.58175],[-70.53355,-32.59273],[-70.51321,-32.59869],[-70.48165,-32.59764],[-70.46415,-32.59429],[-70.42655,-32.59704],[-70.41711,-32.58522],[-70.40311,-32.5897],[-70.39472,-32.60199],[-70.35582,-32.58108],[-70.33437,-32.54295],[-70.32903,-32.52201],[-70.31641,-32.51068],[-70.31338,-32.49165],[-70.29948,-32.47694],[-70.28015,-32.47258],[-70.25591,-32.4741],[-70.24859,-32.46059],[-70.23426,-32.45522],[-70.2381,-32.4433],[-70.23323,-32.43084],[-70.23806,-32.40417],[-70.22085,-32.37899],[-70.22816,-32.35644],[-70.21977,-32.34517],[-70.22261,-32.32457],[-70.24087,-32.31676],[-70.26312,-32.2914],[-70.28535,-32.29203],[-70.29677,-32.27823],[-70.32116,-32.27289]]]},"properties":{"COD_SHAC":"SHAC-05-48-227","SHAC":"Acuifero 2 - Putaendo","REGION":"Valparaiso","NOM_ACUIF":"Rio Aconcagua","COD_BNA_SH":"0373","COD_REG":"5"}},
{"type":"Feature","geometry":{"type":"Polygon","coordinates":[[[-70.76723,-32.82499],[-70.78613,-32.83155],[-70.81246,-32.83292],[-70.83263,-32.82897],[-70.85449,-32.82729],[-70.86954,-32.83225],[-70.8882,-32.82698],[-70.90216,-32.83437],[-70.93304,-32.82931],[-70.94794,-32.82386],[-71.00806,-32.8468],[-71.01283,-32.8554],[-71.0337,-32.86701],[-71.03839,-32.8816],[-71.02922,-32.89962],[-71.03038,-32.92482],[-71.0131,-32.94121],[-71.01388,-32.97577],[-70.9872,-32.97805],[-70.97209,-32.97555],[-70.95361,-32.96557],[-70.93975,-32.97235],[-70.92921,-32.9676],[-70.91595,-32.94408],[-70.89659,-32.93322],[-70.8872,-32.93812],[-70.84283,-32.92289],[-70.81309,-32.93131],[-70.80261,-32.92436],[-70.77128,-32.93512],[-70.76173,-32.92893],[-70.72855,-32.92479],[-70.73782,-32.88916],[-70.75411,-32.87917],[-70.7546,-32.86046],[-70.76214,-32.8469],[-70.76723,-32.82499]]]},"properties":{"COD_SHAC":"SHAC-05-51-230","SHAC":"Acuifero 5 - Llay Llay","REGION":"Valparaiso","NOM_ACUIF":"Rio Aconcagua","COD_BNA_SH":"0376","COD_REG":"5"}},
{"type":"Feature","geometry":{"type":"Polygon","coordinates":[[[-71.35543,-32.94431],[-71.37657,-32.9408],[-71.39408,-32.94891],[-71.40026,-32.95798],[-71.41779,-32.9665],[-71.43367,-33.00055],[-71.40957,-33.01077],[-71.38325,-33.01382],[-71.37154,-33.02529],[-71.35756,-33.02948],[-71.33041,-33.04689],[-71.31401,-33.07765],[-71.31702,-33.08765],[-71.29338,-33.09751],[-71.27405,-33.11661],[-71.26774,-33.11623],[-71.24656,-33.13163],[-71.23578,-33.1437],[-71.21588,-33.14082],[-71.19771,-33.16083],[-71.18696,-33.15066],[-71.16579,-33.13905],[-71.13455,-33.13547],[-71.13666,-33.1212],[-71.12192,-33.11458],[-71.10522,-33.11359],[-71.07086,-33.09581],[-71.06214,-33.10165],[-71.03896,-33.09771],[-71.02902,-33.08341],[-71.00185,-33.05012],[-71.01367,-33.03727],[-71.02658,-33.00536],[-71.02724,-32.98809],[-71.04502,-32.98952],[-71.07185,-32.98308],[-71.08355,-32.97587],[-71.09652,-32.97721],[-71.12021,-32.95369],[-71.13525,-32.96566],[-71.15573,-32.97283],[-71.18301,-32.97076],[-71.25359,-32.97189],[-71.28128,-32.96033],[-71.29369,-32.96047],[-71.31417,-32.94811],[-71.32941,-32.95131],[-71.35543,-32.94431]]]},"properties":{"COD_SHAC":"SHAC-05-55-234","SHAC":"Acuifero 9 - Limache","REGION":"Valparaiso","NOM_ACUIF":"Rio Aconcagua","COD_BNA_SH":"0380","COD_REG":"5"}},
{"type":"Feature","geometry":{"type":"Polygon","coordinates":[[[-71.59119,-33.40051],[-71.61831,-33.39152],[-71.6261,-33.38184],[-71.66005,-33.35638],[-71.67625,-33.36438],[-71.69535,-33.36657],[-71.69255,-33.38856],[-71.70374,-33.41342],[-71.69865,-33.43292],[-71.68845,-33.44212],[-71.64918,-33.43166],[-71.62221,-33.41711],[-71.59642,-33.41373],[-71.59119,-33.40051]]]},"properties":{"COD_SHAC":"SHAC-05-19-197","SHAC":"Algarrobo","REGION":"Valparaiso","NOM_ACUIF":"Cuencas Costeras V Sur","COD_BNA_SH":"0099","COD_REG":"5"}},
{"type":"Feature","geometry":{"type":"Polygon","coordinates":[[[-71.42171,-32.60608],[-71.43582,-32.60307],[-71.42967,-32.63126],[-71.43118,-32.64183],[-71.44323,-32.64998],[-71.44195,-32.66743],[-71.42029,-32.67042],[-71.40139,-32.66337],[-71.40788,-32.65556],[-71.4095,-32.62674],[-71.42171,-32.60608]]]},"properties":{"COD_SHAC":"SHAC-05-13-191","SHAC":"La Laguna -  Catapilco","REGION":"Valparaiso","NOM_ACUIF":"Cuencas Costeras V Norte","COD_BNA_SH":"0992","COD_REG":"5"}},
{"type":"Feature","geometry":{"type":"Polygon","coordinates":[[[-71.51484,-32.91956],[-71.53361,-32.92996],[-71.55078,-32.9279],[-71.55352,-32.94156],[-71.54683,-32.96602],[-71.52091,-32.95477],[-71.51272,-32.95543],[-71.51635,-32.94103],[-71.51484,-32.91956]]]},"properties":{"COD_SHAC":"SHAC-05-20-198","SHAC":"Concon","REGION":"Valparaiso","NOM_ACUIF":"Cuencas Costeras V Sur","COD_BNA_SH":"0084","COD_REG":"5"}},
{"type":"Feature","geometry":{"type":"Polygon","coordinates":[[[-71.60016,-33.47226],[-71.64432,-33.44389],[-71.68095,-33.44832],[-71.65866,-33.46166],[-71.6458,-33.4795],[-71.63497,-33.50271],[-71.60016,-33.47226]]]},"properties":{"COD_SHAC":"SHAC-05-22-200","SHAC":"El Tabo","REGION":"Valparaiso","NOM_ACUIF":"Cuencas Costeras V Sur","COD_BNA_SH":"0101","COD_REG":"5"}},
{"type":"Feature","geometry":{"type":"Polygon","coordinates":[[[-71.35113,-33.52784],[-71.38069,-33.5206],[-71.39629,-33.50783],[-71.43505,-33.5105],[-71.46297,-33.50408],[-71.47872,-33.49262],[-71.50787,-33.48971],[-71.51864,-33.47714],[-71.54808,-33.47109],[-71.56644,-33.48299],[-71.60016,-33.47226],[-71.63497,-33.50271],[-71.61784,-33.50434],[-71.60486,-33.52897],[-71.60697,-33.55016],[-71.62646,-33.55205],[-71.60171,-33.56201],[-71.56745,-33.56006],[-71.55665,-33.56939],[-71.54337,-33.56516],[-71.51659,-33.57149],[-71.50204,-33.58182],[-71.49099,-33.57495],[-71.47782,-33.5775],[-71.41402,-33.60827],[-71.38352,-33.59194],[-71.37365,-33.59179],[-71.36259,-33.57879],[-71.33264,-33.57788],[-71.32803,-33.55836],[-71.33055,-33.54718],[-71.332,-33.53451],[-71.35113,-33.52784]]]},"properties":{"COD_SHAC":"SHAC-05-23-201","SHAC":"Estero Cartagena","REGION":"Valparaiso","NOM_ACUIF":"Cuencas Costeras V Sur","COD_BNA_SH":"0102","COD_REG":"5"}},
{"type":"Feature","geometry":{"type":"Polygon","coordinates":[[[-71.34057,-33.41419],[-71.35132,-33.4134],[-71.36603,-33.40287],[-71.39986,-33.39831],[-71.43176,-33.41729],[-71.44567,-33.41583],[-71.4707,-33.42034],[-71.48495,-33.40961],[-71.50008,-33.41124],[-71.52877,-33.40431],[-71.55695,-33.40778],[-71.59119,-33.40051],[-71.59642,-33.41373],[-71.62221,-33.41711],[-71.64918,-33.43166],[-71.68845,-33.44212],[-71.68095,-33.44832],[-71.64432,-33.44389],[-71.60016,-33.47226],[-71.56644,-33.48299],[-71.54808,-33.47109],[-71.51864,-33.47714],[-71.50787,-33.48971],[-71.47872,-33.49262],[-71.46297,-33.50408],[-71.43505,-33.5105],[-71.39629,-33.50783],[-71.38069,-33.5206],[-71.35113,-33.52784],[-71.34928,-33.49851],[-71.35241,-33.49089],[-71.33938,-33.47428],[-71.33654,-33.45636],[-71.34253,-33.4336],[-71.34057,-33.41419]]]},"properties":{"COD_SHAC":"SHAC-05-26-204","SHAC":"Estero El Rosario - Costeras V","REGION":"Valparaiso","NOM_ACUIF":"Cuencas Costeras V Sur","COD_BNA_SH":"0100","COD_REG":"5"}},
{"type":"Feature","geometry":{"type":"Polygon","coordinates":[[[-71.32895,-33.40827],[-71.33713,-33.39134],[-71.34117,-33.3714],[-71.37635,-33.37327],[-71.39655,-33.35876],[-71.4428,-33.35239],[-71.45856,-33.37506],[-71.48629,-33.3633],[-71.49845,-33.36555],[-71.51605,-33.35543],[-71.55353,-33.35959],[-71.57259,-33.36661],[-71.59647,-33.36787],[-71.61784,-33.35608],[-71.64692,-33.35092],[-71.65427,-33.34928],[-71.65488,-33.35075],[-71.66005,-33.35638],[-71.6261,-33.38184],[-71.61831,-33.39152],[-71.59119,-33.40051],[-71.55695,-33.40778],[-71.52877,-33.40431],[-71.50008,-33.41124],[-71.48495,-33.40961],[-71.4707,-33.42034],[-71.44567,-33.41583],[-71.43176,-33.41729],[-71.39986,-33.39831],[-71.36603,-33.40287],[-71.35132,-33.4134],[-71.34057,-33.41419],[-71.32895,-33.40827]]]},"properties":{"COD_SHAC":"SHAC-05-30-208","SHAC":"Estero San Jeronimo","REGION":"Valparaiso","NOM_ACUIF":"Cuencas Costeras V Sur","COD_BNA_SH":"0098","COD_REG":"5"}},
{"type":"Feature","geometry":{"type":"Polygon","coordinates":[[[-71.42029,-32.67042],[-71.44195,-32.66743],[-71.4494,-32.68693],[-71.47383,-32.71354],[-71.50751,-32.71023],[-71.49723,-32.74312],[-71.49373,-32.72826],[-71.48174,-32.72256],[-71.46465,-32.72323],[-71.43673,-32.70134],[-71.42838,-32.67872],[-71.42029,-32.67042]]]},"properties":{"COD_SHAC":"SHAC-05-12-190","SHAC":"Horcon","REGION":"Valparaiso","NOM_ACUIF":"Cuencas Costeras V Norte","COD_BNA_SH":"0079","COD_REG":"5"}},
{"type":"Feature","geometry":{"type":"Polygon","coordinates":[[[-70.41467,-32.28227],[-70.43799,-32.27071],[-70.43277,-32.22719],[-70.45681,-32.21301],[-70.46874,-32.21888],[-70.48273,-32.23387],[-70.50428,-32.23854],[-70.52299,-32.25685],[-70.53208,-32.25292],[-70.57812,-32.24908],[-70.60734,-32.26033],[-70.62987,-32.25526],[-70.65257,-32.263],[-70.67954,-32.2606],[-70.68659,-32.26858],[-70.70469,-32.27299],[-70.73738,-32.27428],[-70.75416,-32.27971],[-70.75473,-32.2933],[-70.77537,-32.31717],[-70.78691,-32.33508],[-70.79181,-32.35126],[-70.79299,-32.37419],[-70.80053,-32.37874],[-70.78907,-32.39632],[-70.78691,-32.41497],[-70.77578,-32.43028],[-70.7605,-32.43169],[-70.73397,-32.44],[-70.71354,-32.45189],[-70.6955,-32.44346],[-70.67828,-32.45679],[-70.65697,-32.46682],[-70.65308,-32.45871],[-70.63806,-32.45905],[-70.63519,-32.44053],[-70.61577,-32.41794],[-70.62075,-32.40908],[-70.61398,-32.39525],[-70.61907,-32.38321],[-70.61312,-32.36999],[-70.59771,-32.36562],[-70.58117,-32.37642],[-70.57354,-32.36932],[-70.55271,-32.37207],[-70.53403,-32.35596],[-70.51726,-32.35182],[-70.48348,-32.35627],[-70.4687,-32.34996],[-70.46866,-32.33673],[-70.44327,-32.33851],[-70.41103,-32.29811],[-70.41467,-32.28227]]]},"properties":{"COD_SHAC":"SHAC-05-58-237","SHAC":"Sector 5 - Estero Alicahue","REGION":"Valparaiso","NOM_ACUIF":"Rio La Ligua","COD_BNA_SH":"0487","COD_REG":"5"}},
{"type":"Feature","geometry":{"type":"Polygon","coordinates":[[[-70.6525,-32.13335],[-70.65158,-32.10603],[-70.65682,-32.09693],[-70.64486,-32.07839],[-70.65653,-32.05557],[-70.67431,-32.0625],[-70.68588,-32.06001],[-70.70077,-32.03402],[-70.7269,-32.02798],[-70.73978,-32.01998],[-70.74683,-32.02775],[-70.77227,-32.04034],[-70.79291,-32.04368],[-70.79967,-32.03436],[-70.8131,-32.03743],[-70.82894,-32.04881],[-70.85703,-32.05215],[-70.88129,-32.06428],[-70.86886,-32.09585],[-70.8774,-32.10356],[-70.88886,-32.12691],[-70.88716,-32.14493],[-70.8776,-32.15221],[-70.85713,-32.14937],[-70.83824,-32.16453],[-70.83983,-32.18484],[-70.83087,-32.20827],[-70.80835,-32.20812],[-70.78947,-32.21373],[-70.76674,-32.20322],[-70.75704,-32.19315],[-70.72913,-32.1936],[-70.70325,-32.19054],[-70.67851,-32.18061],[-70.67365,-32.15376],[-70.6525,-32.13335]]]},"properties":{"COD_SHAC":"SHAC-05-64-243","SHAC":"Sector 1 - Rio Pedernal","REGION":"Valparaiso","NOM_ACUIF":"Rio Petorca","COD_BNA_SH":"0492","COD_REG":"5"}},
{"type":"Feature","geometry":{"type":"Polygon","coordinates":[[[-70.97568,-32.04291],[-70.98814,-32.04534],[-71.01492,-32.03397],[-71.04088,-32.03294],[-71.0432,-32.0479],[-71.0295,-32.07395],[-71.04543,-32.0756],[-71.06892,-32.09579],[-71.08413,-32.10132],[-71.10645,-32.12457],[-71.13074,-32.13958],[-71.13451,-32.15207],[-71.14487,-32.15266],[-71.16762,-32.16811],[-71.18221,-32.17172],[-71.18424,-32.19121],[-71.16194,-32.22738],[-71.1733,-32.26238],[-71.15909,-32.28494],[-71.15771,-32.29785],[-71.13456,-32.31077],[-71.12644,-32.32999],[-71.10494,-32.33608],[-71.09103,-32.31878],[-71.07434,-32.3231],[-71.07724,-32.30541],[-71.06245,-32.29966],[-71.05604,-32.27813],[-71.0628,-32.25825],[-71.0531,-32.24464],[-71.0327,-32.23695],[-71.0263,-32.20461],[-71.01614,-32.18926],[-70.99007,-32.18875],[-70.96343,-32.17183],[-70.95183,-32.17344],[-70.92727,-32.15492],[-70.88716,-32.14493],[-70.88886,-32.12691],[-70.8774,-32.10356],[-70.86886,-32.09585],[-70.88129,-32.06428],[-70.90463,-32.06662],[-70.9149,-32.06343],[-70.93202,-32.07952],[-70.93927,-32.07498],[-70.9418,-32.05911],[-70.95198,-32.04762],[-70.97568,-32.04291]]]},"properties":{"COD_SHAC":"SHAC-05-66-245","SHAC":"Sector 2 - Estero Las Palmas","REGION":"Valparaiso","NOM_ACUIF":"Rio Petorca","COD_BNA_SH":"0494","COD_REG":"5"}},
{"type":"Feature","geometry":{"type":"Polygon","coordinates":[[[-70.45681,-32.21301],[-70.44537,-32.18604],[-70.45632,-32.17154],[-70.48257,-32.16968],[-70.50368,-32.17149],[-70.50355,-32.15711],[-70.53212,-32.14785],[-70.53463,-32.1713],[-70.54645,-32.17305],[-70.56542,-32.16491],[-70.5935,-32.16295],[-70.6135,-32.14591],[-70.62412,-32.14615],[-70.6525,-32.13335],[-70.67365,-32.15376],[-70.67851,-32.18061],[-70.70325,-32.19054],[-70.72913,-32.1936],[-70.75704,-32.19315],[-70.76674,-32.20322],[-70.78947,-32.21373],[-70.80835,-32.20812],[-70.83087,-32.20827],[-70.82502,-32.21842],[-70.81104,-32.2221],[-70.81328,-32.23628],[-70.82453,-32.24716],[-70.82136,-32.25779],[-70.83201,-32.26811],[-70.80284,-32.27223],[-70.76833,-32.28505],[-70.75416,-32.27971],[-70.73738,-32.27428],[-70.70469,-32.27299],[-70.68659,-32.26858],[-70.67954,-32.2606],[-70.65257,-32.263],[-70.62987,-32.25526],[-70.60734,-32.26033],[-70.57812,-32.24908],[-70.53208,-32.25292],[-70.52299,-32.25685],[-70.50428,-32.23854],[-70.48273,-32.23387],[-70.46874,-32.21888],[-70.45681,-32.21301]]]},"properties":{"COD_SHAC":"SHAC-05-67-246","SHAC":"Sector 3 - Rio del Sobrante","REGION":"Valparaiso","NOM_ACUIF":"Rio Petorca","COD_BNA_SH":"0495","COD_REG":"5"}},
{"type":"Feature","geometry":{"type":"Polygon","coordinates":[[[-71.18221,-32.17172],[-71.1916,-32.15262],[-71.21279,-32.12844],[-71.22134,-32.12787],[-71.24217,-32.14299],[-71.25076,-32.16514],[-71.27339,-32.17888],[-71.28475,-32.18079],[-71.28926,-32.191],[-71.28223,-32.19738],[-71.28902,-32.21827],[-71.28554,-32.23195],[-71.29613,-32.26343],[-71.29175,-32.27375],[-71.30913,-32.28973],[-71.315,-32.30102],[-71.33316,-32.30666],[-71.33623,-32.31652],[-71.35142,-32.33238],[-71.3725,-32.33648],[-71.35895,-32.34773],[-71.36587,-32.35753],[-71.39233,-32.35966],[-71.3921,-32.37292],[-71.40499,-32.38181],[-71.40777,-32.40521],[-71.39735,-32.41106],[-71.37427,-32.40284],[-71.34186,-32.41108],[-71.3203,-32.40385],[-71.31547,-32.3956],[-71.29649,-32.39569],[-71.29151,-32.39112],[-71.26909,-32.39415],[-71.25532,-32.40024],[-71.23467,-32.38987],[-71.22719,-32.37324],[-71.20096,-32.38674],[-71.18301,-32.38171],[-71.16483,-32.39157],[-71.15222,-32.41696],[-71.13574,-32.43895],[-71.10381,-32.42195],[-71.09565,-32.4222],[-71.07698,-32.40533],[-71.06804,-32.38926],[-71.03613,-32.37076],[-71.02828,-32.34795],[-71.01692,-32.33491],[-71.02749,-32.33042],[-71.04593,-32.3321],[-71.05501,-32.32285],[-71.07434,-32.3231],[-71.09103,-32.31878],[-71.10494,-32.33608],[-71.12644,-32.32999],[-71.13456,-32.31077],[-71.15771,-32.29785],[-71.15909,-32.28494],[-71.1733,-32.26238],[-71.16194,-32.22738],[-71.18424,-32.19121],[-71.18221,-32.17172]]]},"properties":{"COD_SHAC":"SHAC-05-68-247","SHAC":"Sector 4 - Rio Petorca Poniente","REGION":"Valparaiso","NOM_ACUIF":"Rio Petorca","COD_BNA_SH":"0496","COD_REG":"5"}},
{"type":"Feature","geometry":{"type":"Polygon","coordinates":[[[-71.65093,-33.22547],[-71.6672,-33.21747],[-71.6861,-33.21649],[-71.68059,-33.23424],[-71.69479,-33.2452],[-71.67521,-33.26573],[-71.67033,-33.27852],[-71.65925,-33.26212],[-71.65635,-33.24649],[-71.64844,-33.23594],[-71.65093,-33.22547]]]},"properties":{"COD_SHAC":"SHAC-05-33-211","SHAC":"Punta Gallo","REGION":"Valparaiso","NOM_ACUIF":"Cuencas Costeras V Sur","COD_BNA_SH":"0094","COD_REG":"5"}},
{"type":"Feature","geometry":{"type":"Polygon","coordinates":[[[-71.42202,-32.28881],[-71.43196,-32.27765],[-71.47396,-32.28003],[-71.47518,-32.3031],[-71.46927,-32.34606],[-71.46092,-32.34645],[-71.46479,-32.33118],[-71.43507,-32.31975],[-71.43867,-32.30623],[-71.42416,-32.29994],[-71.42202,-32.28881]]]},"properties":{"COD_SHAC":"SHAC-05-14-192","SHAC":"Punta Pichicuy","REGION":"Valparaiso","NOM_ACUIF":"Cuencas Costeras V Norte","COD_BNA_SH":"0069","COD_REG":"5"}},
{"type":"Feature","geometry":{"type":"Polygon","coordinates":[[[-71.69642,-33.16009],[-71.68495,-33.17295],[-71.68922,-33.18778],[-71.70182,-33.19228],[-71.69784,-33.20967],[-71.6861,-33.21649],[-71.6672,-33.21747],[-71.65093,-33.22547],[-71.62555,-33.21237],[-71.5967,-33.17587],[-71.60269,-33.16915],[-71.64196,-33.16734],[-71.67028,-33.15873],[-71.69642,-33.16009]]]},"properties":{"COD_SHAC":"SHAC-05-34-212","SHAC":"Quintay","REGION":"Valparaiso","NOM_ACUIF":"Cuencas Costeras V Sur","COD_BNA_SH":"0093","COD_REG":"5"}},
{"type":"Feature","geometry":{"type":"Polygon","coordinates":[[[-71.48875,-32.76725],[-71.49955,-32.77878],[-71.52583,-32.78228],[-71.52821,-32.76968],[-71.53757,-32.76583],[-71.547,-32.80481],[-71.53613,-32.82803],[-71.5228,-32.83054],[-71.51065,-32.87393],[-71.5128,-32.88736],[-71.4891,-32.89177],[-71.47154,-32.88746],[-71.47492,-32.88189],[-71.46558,-32.85352],[-71.47393,-32.85367],[-71.47464,-32.82619],[-71.45124,-32.7925],[-71.46501,-32.78734],[-71.48875,-32.76725]]]},"properties":{"COD_SHAC":"SHAC-05-01-179","SHAC":"Dunas de Quintero","REGION":"Valparaiso","NOM_ACUIF":"Cuencas Costeras V Norte","COD_BNA_SH":"0364","COD_REG":"5"}},
{"type":"Feature","geometry":{"type":"Polygon","coordinates":[[[-71.62729,-33.03044],[-71.64313,-33.01938],[-71.65426,-33.02763],[-71.66196,-33.04834],[-71.66314,-33.07139],[-71.6684,-33.08307],[-71.66276,-33.09127],[-71.65263,-33.09466],[-71.62724,-33.07787],[-71.62645,-33.07409],[-71.64831,-33.0509],[-71.64598,-33.03731],[-71.62729,-33.03044]]]},"properties":{"COD_SHAC":"SHAC-05-36-214","SHAC":"Rocas El Caracol","REGION":"Valparaiso","NOM_ACUIF":"Cuencas Costeras V Sur","COD_BNA_SH":"0089","COD_REG":"5"}},
{"type":"Feature","geometry":{"type":"Polygon","coordinates":[[[-71.50144,-32.1783],[-71.54222,-32.17693],[-71.54073,-32.19561],[-71.53388,-32.19866],[-71.52086,-32.22709],[-71.51205,-32.23933],[-71.50144,-32.1783]]]},"properties":{"COD_SHAC":"SHAC-05-15-193","SHAC":"Rocas Pichidangui","REGION":"Valparaiso","NOM_ACUIF":"Cuencas Costeras V Norte","COD_BNA_SH":"0065","COD_REG":"5"}},
{"type":"Feature","geometry":{"type":"Polygon","coordinates":[[[-71.67486,-33.1025],[-71.70061,-33.10229],[-71.73029,-33.08903],[-71.74076,-33.09831],[-71.73622,-33.11823],[-71.70826,-33.13609],[-71.70064,-33.11996],[-71.67625,-33.12133],[-71.67486,-33.1025]]]},"properties":{"COD_SHAC":"SHAC-05-37-215","SHAC":"Rocas Punta Curaumilla","REGION":"Valparaiso","NOM_ACUIF":"Cuencas Costeras V Sur","COD_BNA_SH":"0090","COD_REG":"5"}},
{"type":"Feature","geometry":{"type":"Polygon","coordinates":[[[-71.41527,-32.41074],[-71.42388,-32.40899],[-71.42949,-32.43013],[-71.42649,-32.44457],[-71.4355,-32.44974],[-71.43111,-32.46096],[-71.43092,-32.48182],[-71.41899,-32.47945],[-71.41974,-32.45907],[-71.40921,-32.45084],[-71.41749,-32.43554],[-71.41983,-32.41628],[-71.41527,-32.41074]]]},"properties":{"COD_SHAC":"SHAC-05-17-195","SHAC":"Rocas Punta La Ligua","REGION":"Valparaiso","NOM_ACUIF":"Cuencas Costeras V Norte","COD_BNA_SH":"0071","COD_REG":"5"}},
{"type":"Feature","geometry":{"type":"Polygon","coordinates":[[[-71.4509,-32.50395],[-71.47106,-32.50463],[-71.47637,-32.52254],[-71.46832,-32.53012],[-71.46158,-32.5519],[-71.46576,-32.56243],[-71.4561,-32.57846],[-71.44786,-32.56198],[-71.43294,-32.54724],[-71.45231,-32.5368],[-71.45903,-32.51788],[-71.4509,-32.50395]]]},"properties":{"COD_SHAC":"SHAC-05-18-196","SHAC":"Rocas Zapallar","REGION":"Valparaiso","NOM_ACUIF":"Cuencas Costeras V Norte","COD_BNA_SH":"0074","COD_REG":"5"}},
{"type":"Feature","geometry":{"type":"Polygon","coordinates":[[[-71.62729,-33.03044],[-71.64598,-33.03731],[-71.64831,-33.0509],[-71.62645,-33.07409],[-71.62724,-33.07787],[-71.60152,-33.09429],[-71.55121,-33.1034],[-71.52468,-33.10123],[-71.52128,-33.09675],[-71.5344,-33.07531],[-71.55695,-33.06798],[-71.56336,-33.04609],[-71.56557,-33.02024],[-71.61271,-33.04293],[-71.62729,-33.03044]]]},"properties":{"COD_SHAC":"SHAC-05-41-219","SHAC":"Sector Valparaiso","REGION":"Valparaiso","NOM_ACUIF":"Cuencas Costeras V Sur","COD_BNA_SH":"0088","COD_REG":"5"}},
{"type":"Feature","geometry":{"type":"Polygon","coordinates":[[[-71.81739,-33.83805],[-71.83055,-33.86106],[-71.82603,-33.88683],[-71.83478,-33.90293],[-71.79986,-33.89347],[-71.80697,-33.87566],[-71.82185,-33.87462],[-71.81739,-33.83805]]]},"properties":{"COD_SHAC":"SHAC-05-69-332","SHAC":"Altos de Rapel","REGION":"Valparaiso","NOM_ACUIF":"Rio Rapel","COD_BNA_SH":"0549","COD_REG":"5"}},
{"type":"Feature","geometry":{"type":"Polygon","coordinates":[[[-70.54347,-34.0968],[-70.56807,-34.08851],[-70.5819,-34.06915],[-70.60055,-34.06247],[-70.62114,-34.07949],[-70.63882,-34.0534],[-70.6635,-34.0549],[-70.67892,-34.07062],[-70.70825,-34.05666],[-70.72874,-34.03806],[-70.72884,-34.02831],[-70.74342,-34.02146],[-70.75347,-34.00968],[-70.79472,-34.00042],[-70.81831,-34.03479],[-70.84445,-34.0281],[-70.88849,-34.0389],[-70.89106,-34.07466],[-70.91929,-34.07718],[-70.9355,-34.0861],[-70.94141,-34.10384],[-70.92925,-34.13606],[-70.91496,-34.14381],[-70.90642,-34.15182],[-70.88865,-34.15663],[-70.86915,-34.17875],[-70.83912,-34.19321],[-70.79452,-34.19424],[-70.76183,-34.19233],[-70.73744,-34.20882],[-70.73356,-34.22057],[-70.71777,-34.23008],[-70.7165,-34.2421],[-70.70544,-34.26288],[-70.71528,-34.26665],[-70.72103,-34.30061],[-70.70174,-34.31334],[-70.68277,-34.31592],[-70.67066,-34.33071],[-70.66964,-34.37607],[-70.66369,-34.38426],[-70.673,-34.39543],[-70.67036,-34.42414],[-70.66473,-34.43683],[-70.67431,-34.44394],[-70.67046,-34.46094],[-70.65905,-34.4626],[-70.61548,-34.44877],[-70.60737,-34.434],[-70.60051,-34.41012],[-70.60607,-34.38673],[-70.60096,-34.36167],[-70.58936,-34.35348],[-70.58618,-34.3422],[-70.59607,-34.32829],[-70.61244,-34.30868],[-70.6035,-34.29987],[-70.60141,-34.27676],[-70.60884,-34.25564],[-70.59177,-34.22607],[-70.59379,-34.21962],[-70.57301,-34.19137],[-70.56743,-34.15744],[-70.57462,-34.14965],[-70.5722,-34.13618],[-70.5606,-34.11657],[-70.54347,-34.0968]]]},"properties":{"COD_SHAC":"SHAC-06-51-342","SHAC":"Graneros - Rancagua","REGION":"Libertador General Bernardo O'Higgins","NOM_ACUIF":"Cachapoal","COD_BNA_SH":"0421","COD_REG":"6"}},
{"type":"Feature","geometry":{"type":"Polygon","coordinates":[[[-71.83746,-33.98658],[-71.84473,-33.95666],[-71.86946,-33.95161],[-71.88334,-33.96377],[-71.88419,-33.97906],[-71.8526,-33.97644],[-71.83746,-33.98658]]]},"properties":{"COD_SHAC":"SHAC-06-01-291","SHAC":"Caleta Matanzas","REGION":"Libertador General Bernardo O'Higgins","NOM_ACUIF":"Costeras VI","COD_BNA_SH":"0386","COD_REG":"6"}},
{"type":"Feature","geometry":{"type":"Polygon","coordinates":[[[-71.65072,-34.13471],[-71.64294,-34.12647],[-71.65479,-34.10084],[-71.6543,-34.08522],[-71.62522,-34.06944],[-71.62724,-34.05925],[-71.6198,-34.04534],[-71.64026,-34.04023],[-71.66192,-34.0136],[-71.67997,-34.00656],[-71.6885,-33.98061],[-71.70564,-33.96739],[-71.7244,-33.98997],[-71.72375,-33.99937],[-71.73945,-34.02126],[-71.76196,-34.036],[-71.76909,-34.03865],[-71.78473,-34.06418],[-71.79362,-34.08628],[-71.7891,-34.09752],[-71.77113,-34.11649],[-71.75141,-34.13089],[-71.75656,-34.13949],[-71.7545,-34.15494],[-71.76472,-34.17213],[-71.73898,-34.20179],[-71.72761,-34.19259],[-71.72284,-34.17315],[-71.71471,-34.17297],[-71.70212,-34.15884],[-71.67057,-34.13507],[-71.65072,-34.13471]]]},"properties":{"COD_SHAC":"SHAC-06-48-339","SHAC":"Estero El Rosario - Costeras VI","REGION":"Libertador General Bernardo O'Higgins","NOM_ACUIF":"Rio Rapel","COD_BNA_SH":"0418","COD_REG":"6"}},
{"type":"Feature","geometry":{"type":"Polygon","coordinates":[[[-72.01633,-34.38059],[-72.02662,-34.3938],[-72.03246,-34.41845],[-72.04969,-34.42676],[-72.02537,-34.48035],[-72.02844,-34.50826],[-72.04697,-34.53198],[-72.05357,-34.56101],[-72.04221,-34.59581],[-72.04488,-34.61797],[-72.0304,-34.60774],[-72.01521,-34.6101],[-72.01519,-34.57924],[-72.01973,-34.54407],[-71.99818,-34.53834],[-71.98378,-34.53888],[-71.98026,-34.5197],[-71.96051,-34.51643],[-71.95513,-34.50585],[-71.93771,-34.48968],[-71.96653,-34.47033],[-71.98816,-34.46309],[-72.00454,-34.42832],[-72.01019,-34.42509],[-72.01688,-34.40892],[-72.01292,-34.38838],[-72.01633,-34.38059]]]},"properties":{"COD_SHAC":"SHAC-06-12-302","SHAC":"Laguna de Cahuil","REGION":"Libertador General Bernardo O'Higgins","NOM_ACUIF":"Costeras VI","COD_BNA_SH":"0396","COD_REG":"6"}},
{"type":"Feature","geometry":{"type":"Polygon","coordinates":[[[-71.96097,-34.17119],[-71.96957,-34.16299],[-71.98811,-34.15852],[-71.99159,-34.13673],[-72.00768,-34.13115],[-72.00311,-34.14799],[-72.00264,-34.17452],[-71.99888,-34.19819],[-71.9818,-34.22886],[-71.98258,-34.2702],[-71.9719,-34.29983],[-71.97748,-34.32153],[-71.97643,-34.35136],[-71.99027,-34.37332],[-71.9758,-34.37312],[-71.95148,-34.36297],[-71.9342,-34.34913],[-71.91822,-34.35403],[-71.90624,-34.34555],[-71.87871,-34.36309],[-71.86847,-34.35411],[-71.876,-34.33505],[-71.87176,-34.324],[-71.85005,-34.30873],[-71.89042,-34.27412],[-71.87787,-34.25946],[-71.8834,-34.23901],[-71.91531,-34.21149],[-71.92713,-34.20937],[-71.95664,-34.18683],[-71.96097,-34.17119]]]},"properties":{"COD_SHAC":"SHAC-06-13-303","SHAC":"Las Quebradas","REGION":"Libertador General Bernardo O'Higgins","NOM_ACUIF":"Costeras VI","COD_BNA_SH":"0397","COD_REG":"6"}},
{"type":"Feature","geometry":{"type":"Polygon","coordinates":[[[-70.48061,-34.06863],[-70.48559,-34.05749],[-70.50404,-34.05407],[-70.51454,-34.02654],[-70.51239,-34.00763],[-70.52271,-34.00813],[-70.54316,-33.99904],[-70.5452,-33.97819],[-70.5422,-33.94616],[-70.53265,-33.92027],[-70.53933,-33.89608],[-70.53387,-33.88458],[-70.54849,-33.88061],[-70.5774,-33.89573],[-70.5872,-33.89206],[-70.61717,-33.90151],[-70.63544,-33.91611],[-70.6439,-33.93326],[-70.66315,-33.93769],[-70.6851,-33.9219],[-70.69281,-33.91033],[-70.71052,-33.90606],[-70.73155,-33.92206],[-70.74417,-33.92366],[-70.7545,-33.93706],[-70.77241,-33.94197],[-70.797,-33.93133],[-70.80792,-33.94564],[-70.83285,-33.9516],[-70.84141,-33.95467],[-70.81053,-33.9824],[-70.81226,-33.98883],[-70.79472,-34.00042],[-70.75347,-34.00968],[-70.74342,-34.02146],[-70.72884,-34.02831],[-70.72874,-34.03806],[-70.70825,-34.05666],[-70.67892,-34.07062],[-70.6635,-34.0549],[-70.63882,-34.0534],[-70.62114,-34.07949],[-70.60055,-34.06247],[-70.5819,-34.06915],[-70.56807,-34.08851],[-70.54347,-34.0968],[-70.53334,-34.08975],[-70.52844,-34.07452],[-70.50597,-34.06908],[-70.48061,-34.06863]]]},"properties":{"COD_SHAC":"SHAC-06-41-331","SHAC":"Codegua","REGION":"Libertador General Bernardo O'Higgins","NOM_ACUIF":"Rio Maipo","COD_BNA_SH":"0410","COD_REG":"6"}},
{"type":"Feature","geometry":{"type":"Polygon","coordinates":[[[-71.50984,-34.78751],[-71.52775,-34.79589],[-71.54971,-34.80038],[-71.56228,-34.79076],[-71.5886,-34.79162],[-71.59342,-34.77669],[-71.61513,-34.7757],[-71.62538,-34.768],[-71.64107,-34.76739],[-71.65966,-34.757],[-71.67935,-34.75142],[-71.69659,-34.76342],[-71.70804,-34.76048],[-71.72933,-34.76924],[-71.73563,-34.75594],[-71.7641,-34.7518],[-71.75877,-34.76635],[-71.74054,-34.78001],[-71.72957,-34.7817],[-71.6906,-34.80792],[-71.67151,-34.83165],[-71.65369,-34.82979],[-71.62799,-34.83768],[-71.63017,-34.86104],[-71.61332,-34.86696],[-71.61043,-34.88117],[-71.59838,-34.88255],[-71.57834,-34.86663],[-71.57026,-34.87748],[-71.5584,-34.87264],[-71.51455,-34.87579],[-71.4948,-34.89234],[-71.48236,-34.89202],[-71.46643,-34.9041],[-71.43998,-34.88028],[-71.42196,-34.88369],[-71.4224,-34.90194],[-71.39902,-34.89393],[-71.39702,-34.9038],[-71.36154,-34.91345],[-71.36364,-34.90006],[-71.38387,-34.89066],[-71.38843,-34.86055],[-71.37997,-34.83765],[-71.35623,-34.82558],[-71.36487,-34.81326],[-71.39207,-34.81216],[-71.3977,-34.80257],[-71.42435,-34.80842],[-71.43666,-34.81581],[-71.47325,-34.81079],[-71.48377,-34.82267],[-71.49618,-34.81784],[-71.50984,-34.78751]]]},"properties":{"COD_SHAC":"SHAC-06-37-327","SHAC":"Estero Quiahue","REGION":"Libertador General Bernardo O'Higgins","NOM_ACUIF":"Estero Nilahue","COD_BNA_SH":"0406","COD_REG":"6"}},
{"type":"Feature","geometry":{"type":"Polygon","coordinates":[[[-71.63017,-34.86104],[-71.62799,-34.83768],[-71.65369,-34.82979],[-71.67151,-34.83165],[-71.6906,-34.80792],[-71.72957,-34.7817],[-71.74054,-34.78001],[-71.75877,-34.76635],[-71.7641,-34.7518],[-71.78167,-34.76304],[-71.78647,-34.77453],[-71.7831,-34.80312],[-71.79557,-34.82523],[-71.77445,-34.84656],[-71.77311,-34.85984],[-71.75108,-34.88677],[-71.73213,-34.90048],[-71.72617,-34.9138],[-71.71972,-34.91397],[-71.70505,-34.92008],[-71.68318,-34.92171],[-71.67028,-34.90696],[-71.6683,-34.89246],[-71.67368,-34.87688],[-71.66138,-34.85575],[-71.63017,-34.86104]]]},"properties":{"COD_SHAC":"SHAC-06-38-328","SHAC":"Nilahue antes de Quiahue","REGION":"Libertador General Bernardo O'Higgins","NOM_ACUIF":"Estero Nilahue","COD_BNA_SH":"0407","COD_REG":"6"}},
{"type":"Feature","geometry":{"type":"Polygon","coordinates":[[[-71.86764,-34.06169],[-71.87226,-34.02303],[-71.88487,-34.00431],[-71.8872,-33.98937],[-71.89036,-33.99814],[-71.92054,-34.02816],[-71.93792,-34.03777],[-71.9433,-34.04637],[-71.94391,-34.06669],[-71.92165,-34.05771],[-71.90371,-34.06214],[-71.86764,-34.06169]]]},"properties":{"COD_SHAC":"SHAC-06-15-305","SHAC":"Polcura","REGION":"Libertador General Bernardo O'Higgins","NOM_ACUIF":"Costeras VI","COD_BNA_SH":"0399","COD_REG":"6"}},
{"type":"Feature","geometry":{"type":"Polygon","coordinates":[[[-71.90371,-34.06214],[-71.92165,-34.05771],[-71.94391,-34.06669],[-71.95307,-34.08219],[-71.97311,-34.09295],[-71.96273,-34.09701],[-71.93385,-34.08742],[-71.91114,-34.07553],[-71.90371,-34.06214]]]},"properties":{"COD_SHAC":"SHAC-06-16-306","SHAC":"Punta Tuman","REGION":"Libertador General Bernardo O'Higgins","NOM_ACUIF":"Costeras VI","COD_BNA_SH":"0400","COD_REG":"6"}},
{"type":"Feature","geometry":{"type":"Polygon","coordinates":[[[-71.63183,-33.94721],[-71.64556,-33.93261],[-71.67937,-33.91019],[-71.68577,-33.92178],[-71.70382,-33.92192],[-71.71949,-33.92967],[-71.73494,-33.92764],[-71.77761,-33.89783],[-71.79986,-33.89347],[-71.83478,-33.90293],[-71.83517,-33.90318],[-71.84779,-33.92488],[-71.83046,-33.94226],[-71.82374,-33.95498],[-71.80939,-33.95762],[-71.80515,-33.97118],[-71.81116,-34.00229],[-71.76865,-34.02612],[-71.76196,-34.036],[-71.73945,-34.02126],[-71.72375,-33.99937],[-71.7244,-33.98997],[-71.70564,-33.96739],[-71.70357,-33.95983],[-71.68089,-33.94893],[-71.66299,-33.94514],[-71.63183,-33.94721]]]},"properties":{"COD_SHAC":"SHAC-06-60-351","SHAC":"Rio Rapel bajo junta estero Rosario","REGION":"Libertador General Bernardo O'Higgins","NOM_ACUIF":"Rio Rapel","COD_BNA_SH":"0430","COD_REG":"6"}},
{"type":"Feature","geometry":{"type":"Polygon","coordinates":[[[-71.81913,-34.7096],[-71.8244,-34.72014],[-71.8385,-34.72575],[-71.86384,-34.75187],[-71.88393,-34.75123],[-71.89557,-34.74595],[-71.91074,-34.72154],[-71.92748,-34.72368],[-71.95891,-34.67712],[-71.98561,-34.68697],[-71.99706,-34.70556],[-71.99603,-34.71483],[-72.01656,-34.73205],[-72.03091,-34.73923],[-72.01186,-34.76603],[-72.01555,-34.77846],[-72.0341,-34.78959],[-72.03527,-34.80188],[-72.02049,-34.81345],[-72.00968,-34.83579],[-71.99664,-34.828],[-71.97571,-34.82523],[-71.95829,-34.80613],[-71.94437,-34.81057],[-71.93123,-34.80319],[-71.91512,-34.81469],[-71.86411,-34.81767],[-71.84585,-34.82563],[-71.84096,-34.83699],[-71.81349,-34.83945],[-71.79557,-34.82523],[-71.7831,-34.80312],[-71.78647,-34.77453],[-71.78167,-34.76304],[-71.80529,-34.73303],[-71.81017,-34.71459],[-71.81913,-34.7096]]]},"properties":{"COD_SHAC":"SHAC-06-08-298","SHAC":"Estero San Pedro","REGION":"Libertador General Bernardo O'Higgins","NOM_ACUIF":"Costeras VI","COD_BNA_SH":"0392","COD_REG":"6"}},
{"type":"Feature","geometry":{"type":"Polygon","coordinates":[[[-71.96667,-34.66729],[-71.98621,-34.6598],[-72.00578,-34.65936],[-72.01598,-34.67852],[-72.04461,-34.66291],[-72.04619,-34.63937],[-72.05254,-34.66026],[-72.05307,-34.68019],[-72.06849,-34.70663],[-72.05573,-34.71142],[-72.03091,-34.73923],[-72.01656,-34.73205],[-71.99603,-34.71483],[-71.99706,-34.70556],[-71.98561,-34.68697],[-71.95891,-34.67712],[-71.96667,-34.66729]]]},"properties":{"COD_SHAC":"SHAC-06-10-300","SHAC":"Laguna Boyeruca","REGION":"Libertador General Bernardo O'Higgins","NOM_ACUIF":"Costeras VI","COD_BNA_SH":"0394","COD_REG":"6"}},
{"type":"Feature","geometry":{"type":"Polygon","coordinates":[[[-70.81508,-34.85037],[-70.83177,-34.81399],[-70.83399,-34.78849],[-70.84164,-34.77821],[-70.863,-34.7673],[-70.86876,-34.74938],[-70.88798,-34.7337],[-70.89532,-34.70973],[-70.88484,-34.68948],[-70.88512,-34.67327],[-70.89594,-34.66184],[-70.91381,-34.65838],[-70.94933,-34.64236],[-70.96801,-34.63019],[-70.992,-34.6262],[-71.00997,-34.63173],[-71.01911,-34.64425],[-71.04009,-34.65512],[-71.06474,-34.67684],[-71.08345,-34.67873],[-71.11287,-34.6958],[-71.10857,-34.71087],[-71.12921,-34.72446],[-71.13518,-34.74508],[-71.1293,-34.77728],[-71.1232,-34.78314],[-71.07556,-34.79394],[-71.04912,-34.7975],[-71.03062,-34.80871],[-71.01894,-34.83037],[-70.99533,-34.85601],[-71.00347,-34.86472],[-71.00466,-34.89527],[-70.99936,-34.90417],[-70.99983,-34.92284],[-70.98864,-34.93824],[-70.94043,-34.92847],[-70.92756,-34.93133],[-70.91022,-34.91525],[-70.88474,-34.90179],[-70.87718,-34.90206],[-70.85797,-34.88876],[-70.82135,-34.874],[-70.81508,-34.85037]]]},"properties":{"COD_SHAC":"SHAC-06-44-335","SHAC":"Chimbarongo","REGION":"Libertador General Bernardo O'Higgins","NOM_ACUIF":"Tinguiririca","COD_BNA_SH":"0523","COD_REG":"6"}},
{"type":"Feature","geometry":{"type":"Polygon","coordinates":[[[-70.7084,-34.54903],[-70.72795,-34.517],[-70.74435,-34.51735],[-70.76115,-34.50883],[-70.76493,-34.5006],[-70.78355,-34.4907],[-70.8181,-34.45497],[-70.84105,-34.44751],[-70.85864,-34.46434],[-70.88498,-34.47679],[-70.92114,-34.48411],[-70.92396,-34.49066],[-70.94358,-34.49745],[-70.95593,-34.51619],[-70.97326,-34.51442],[-70.99575,-34.51974],[-71.00491,-34.51233],[-71.01631,-34.52781],[-71.03077,-34.54447],[-71.04746,-34.58445],[-71.00997,-34.63173],[-70.992,-34.6262],[-70.96801,-34.63019],[-70.94933,-34.64236],[-70.91381,-34.65838],[-70.89594,-34.66184],[-70.88512,-34.67327],[-70.88484,-34.68948],[-70.89532,-34.70973],[-70.88798,-34.7337],[-70.86876,-34.74938],[-70.863,-34.7673],[-70.84164,-34.77821],[-70.83399,-34.78849],[-70.83177,-34.81399],[-70.81508,-34.85037],[-70.79621,-34.85313],[-70.78964,-34.85985],[-70.76941,-34.85951],[-70.75146,-34.87518],[-70.73311,-34.85936],[-70.73582,-34.84992],[-70.75188,-34.8415],[-70.75954,-34.80272],[-70.75296,-34.77571],[-70.75671,-34.7632],[-70.76929,-34.75305],[-70.77297,-34.74094],[-70.7582,-34.71634],[-70.77138,-34.69451],[-70.76192,-34.68558],[-70.75815,-34.67637],[-70.74358,-34.67398],[-70.73415,-34.6521],[-70.73274,-34.62925],[-70.75039,-34.61472],[-70.74171,-34.60421],[-70.73407,-34.57635],[-70.71854,-34.56887],[-70.7084,-34.54903]]]},"properties":{"COD_SHAC":"SHAC-06-61-352","SHAC":"San Fernando","REGION":"Libertador General Bernardo O'Higgins","NOM_ACUIF":"Tinguiririca","COD_BNA_SH":"0431","COD_REG":"6"}},
{"type":"Feature","geometry":{"type":"Polygon","coordinates":[[[-71.26594,-34.58069],[-71.30191,-34.58498],[-71.31937,-34.59004],[-71.33037,-34.57574],[-71.34486,-34.57025],[-71.4105,-34.57489],[-71.43653,-34.55374],[-71.4463,-34.55637],[-71.4663,-34.5408],[-71.49143,-34.52707],[-71.51587,-34.53878],[-71.52266,-34.55704],[-71.50993,-34.5677],[-71.50399,-34.58263],[-71.48275,-34.59722],[-71.48263,-34.60974],[-71.45653,-34.6212],[-71.4533,-34.64689],[-71.43363,-34.64787],[-71.42885,-34.66166],[-71.41081,-34.68223],[-71.40381,-34.70346],[-71.42397,-34.73344],[-71.42897,-34.75107],[-71.43886,-34.75342],[-71.46449,-34.74221],[-71.47708,-34.74418],[-71.49068,-34.77441],[-71.49861,-34.77386],[-71.50984,-34.78751],[-71.49618,-34.81784],[-71.48377,-34.82267],[-71.47325,-34.81079],[-71.43666,-34.81581],[-71.42435,-34.80842],[-71.3977,-34.80257],[-71.39207,-34.81216],[-71.36487,-34.81326],[-71.35623,-34.82558],[-71.33747,-34.82864],[-71.3191,-34.81757],[-71.31288,-34.8036],[-71.30021,-34.7955],[-71.28019,-34.7915],[-71.26584,-34.79931],[-71.26154,-34.82442],[-71.24692,-34.82752],[-71.23188,-34.82383],[-71.2118,-34.83535],[-71.1946,-34.82212],[-71.18959,-34.80561],[-71.15318,-34.79949],[-71.14299,-34.78786],[-71.1232,-34.78314],[-71.1293,-34.77728],[-71.13518,-34.74508],[-71.12921,-34.72446],[-71.10857,-34.71087],[-71.11287,-34.6958],[-71.08345,-34.67873],[-71.06474,-34.67684],[-71.04009,-34.65512],[-71.01911,-34.64425],[-71.00997,-34.63173],[-71.04746,-34.58445],[-71.03077,-34.54447],[-71.08121,-34.55219],[-71.08722,-34.56043],[-71.10533,-34.55895],[-71.12668,-34.56852],[-71.13336,-34.58074],[-71.19539,-34.58763],[-71.21677,-34.59436],[-71.2225,-34.58633],[-71.24309,-34.57657],[-71.25237,-34.58357],[-71.26594,-34.58069]]]},"properties":{"COD_SHAC":"SHAC-06-64-355","SHAC":"Tinguiririca Superior","REGION":"Libertador General Bernardo O'Higgins","NOM_ACUIF":"Tinguiririca","COD_BNA_SH":"0434","COD_REG":"6"}},
{"type":"Feature","geometry":{"type":"Polygon","coordinates":[[[-71.96288,-34.12058],[-71.95607,-34.10449],[-71.93385,-34.08742],[-71.96273,-34.09701],[-71.97311,-34.09295],[-71.98488,-34.12067],[-72.00768,-34.13115],[-71.99159,-34.13673],[-71.98811,-34.15852],[-71.96957,-34.16299],[-71.96097,-34.17119],[-71.95384,-34.15727],[-71.95906,-34.14826],[-71.95524,-34.13363],[-71.96288,-34.12058]]]},"properties":{"COD_SHAC":"SHAC-06-02-292","SHAC":"Caleta Topocalma","REGION":"Libertador General Bernardo O'Higgins","NOM_ACUIF":"Costeras VI","COD_BNA_SH":"0387","COD_REG":"6"}},
{"type":"Feature","geometry":{"type":"Polygon","coordinates":[[[-72.30496,-35.77236],[-72.31987,-35.77097],[-72.32841,-35.78694],[-72.35005,-35.7847],[-72.36233,-35.79386],[-72.37649,-35.78704],[-72.39728,-35.78892],[-72.4053,-35.82148],[-72.42047,-35.82505],[-72.42758,-35.83335],[-72.4445,-35.83452],[-72.44953,-35.84511],[-72.4694,-35.85147],[-72.46312,-35.87082],[-72.4528,-35.87191],[-72.44326,-35.89658],[-72.43006,-35.90453],[-72.4613,-35.9437],[-72.48262,-35.93003],[-72.48538,-35.91958],[-72.51136,-35.92037],[-72.52025,-35.92435],[-72.52249,-35.94001],[-72.55382,-35.96196],[-72.56741,-35.96765],[-72.56037,-35.99121],[-72.52392,-36.00459],[-72.5098,-36.02567],[-72.5182,-36.03429],[-72.52565,-36.05597],[-72.545,-36.07227],[-72.58596,-36.09351],[-72.59683,-36.09197],[-72.5914,-36.10271],[-72.62237,-36.12831],[-72.6403,-36.13671],[-72.67904,-36.14324],[-72.69076,-36.16169],[-72.68647,-36.17005],[-72.65633,-36.17806],[-72.66081,-36.19487],[-72.6491,-36.20119],[-72.63464,-36.23564],[-72.63887,-36.25416],[-72.61911,-36.268],[-72.6081,-36.27923],[-72.57188,-36.28195],[-72.50448,-36.28258],[-72.47679,-36.28949],[-72.47551,-36.28418],[-72.49195,-36.26237],[-72.49554,-36.23211],[-72.51095,-36.21993],[-72.49762,-36.20158],[-72.5055,-36.18813],[-72.47639,-36.18045],[-72.47131,-36.18663],[-72.44605,-36.19677],[-72.42243,-36.19358],[-72.40037,-36.19737],[-72.38017,-36.21384],[-72.35615,-36.21776],[-72.30241,-36.19356],[-72.27046,-36.2004],[-72.25629,-36.18219],[-72.25382,-36.16223],[-72.23547,-36.14818],[-72.21662,-36.13991],[-72.214,-36.13331],[-72.18996,-36.12322],[-72.19701,-36.10582],[-72.18987,-36.08913],[-72.18734,-36.06726],[-72.16717,-36.06212],[-72.14437,-36.06592],[-72.12874,-36.05419],[-72.09834,-36.04908],[-72.08291,-36.0417],[-72.09297,-36.0094],[-72.09356,-35.9946],[-72.08829,-35.96985],[-72.05962,-35.937],[-72.05994,-35.92615],[-72.0625,-35.92014],[-72.09505,-35.92032],[-72.12681,-35.92535],[-72.16399,-35.91137],[-72.17741,-35.90979],[-72.22336,-35.89183],[-72.23625,-35.86921],[-72.22964,-35.86597],[-72.2416,-35.83725],[-72.27821,-35.81491],[-72.2925,-35.80137],[-72.30496,-35.77236]]]},"properties":{"COD_SHAC":"SHAC-07-06-363","SHAC":"Cauquenes","REGION":"Maule","NOM_ACUIF":"Rio Maule","COD_BNA_SH":"0520","COD_REG":"7"}},
{"type":"Feature","geometry":{"type":"Polygon","coordinates":[[[-71.36154,-34.91345],[-71.39702,-34.9038],[-71.40496,-34.9235],[-71.41804,-34.93065],[-71.42656,-34.95273],[-71.44168,-34.9589],[-71.46143,-34.97387],[-71.46229,-34.98344],[-71.48306,-34.9963],[-71.5001,-34.99909],[-71.53556,-34.99641],[-71.56639,-35.00801],[-71.57969,-35.02156],[-71.59943,-35.00998],[-71.61126,-34.9951],[-71.61905,-34.99644],[-71.63139,-34.97775],[-71.64346,-34.98018],[-71.65416,-34.9681],[-71.66097,-34.951],[-71.67536,-34.94116],[-71.68576,-34.94424],[-71.71067,-34.92711],[-71.71972,-34.91397],[-71.72617,-34.9138],[-71.74914,-34.92724],[-71.76148,-34.92554],[-71.76576,-34.93732],[-71.8113,-34.93658],[-71.86559,-34.94275],[-71.88689,-34.93677],[-71.90522,-34.93769],[-71.91198,-34.94731],[-71.93405,-34.94604],[-71.93727,-34.95475],[-71.95365,-34.95743],[-71.96373,-34.96543],[-71.99219,-34.96319],[-72.00652,-34.95687],[-72.03324,-34.95817],[-72.04212,-34.97007],[-72.0583,-34.97304],[-72.06279,-34.95528],[-72.07969,-34.95565],[-72.09246,-34.9656],[-72.11284,-34.9612],[-72.1219,-34.97155],[-72.15707,-34.97107],[-72.17756,-34.96192],[-72.18736,-34.95153],[-72.18788,-34.99732],[-72.18638,-35.03718],[-72.16279,-35.05418],[-72.16085,-35.0644],[-72.14801,-35.08104],[-72.12303,-35.08058],[-72.10074,-35.06293],[-72.07449,-35.06689],[-72.08251,-35.09646],[-72.07151,-35.13906],[-72.06527,-35.15397],[-72.03046,-35.15063],[-72.00695,-35.15442],[-71.99193,-35.14637],[-71.9767,-35.16296],[-71.95542,-35.17896],[-71.93733,-35.19727],[-71.92071,-35.18191],[-71.90962,-35.17742],[-71.90081,-35.1874],[-71.90078,-35.18744],[-71.88679,-35.19454],[-71.87824,-35.21499],[-71.86991,-35.21334],[-71.86984,-35.21326],[-71.86093,-35.20496],[-71.85043,-35.21477],[-71.85041,-35.21477],[-71.83857,-35.2131],[-71.83853,-35.2131],[-71.83411,-35.20844],[-71.83407,-35.20843],[-71.82495,-35.20094],[-71.82479,-35.20089],[-71.80682,-35.19578],[-71.78589,-35.18445],[-71.77426,-35.16949],[-71.77399,-35.16923],[-71.76953,-35.14937],[-71.73773,-35.1457],[-71.71602,-35.15031],[-71.70327,-35.16269],[-71.68067,-35.16081],[-71.67287,-35.17463],[-71.67286,-35.19818],[-71.66483,-35.2088],[-71.6298,-35.21982],[-71.62884,-35.22809],[-71.59399,-35.22069],[-71.58202,-35.20564],[-71.56627,-35.21258],[-71.55647,-35.22735],[-71.56173,-35.24612],[-71.54392,-35.23311],[-71.53741,-35.24278],[-71.51721,-35.2323],[-71.48785,-35.19974],[-71.46727,-35.18376],[-71.45082,-35.17841],[-71.45724,-35.16564],[-71.44001,-35.1527],[-71.41469,-35.11876],[-71.41019,-35.09851],[-71.40178,-35.08173],[-71.38289,-35.08324],[-71.3771,-35.0719],[-71.36307,-35.06877],[-71.35848,-35.05972],[-71.37881,-35.05297],[-71.39314,-35.02667],[-71.38771,-34.96891],[-71.37126,-34.95452],[-71.37059,-34.93821],[-71.35895,-34.92617],[-71.36154,-34.91345]]]},"properties":{"COD_SHAC":"SHAC-07-04-361","SHAC":"Mataquito","REGION":"Maule","NOM_ACUIF":"Rio Mataquito","COD_BNA_SH":"0435","COD_REG":"7"}},
{"type":"Feature","geometry":{"type":"Polygon","coordinates":[[[-70.81508,-34.85037],[-70.82135,-34.874],[-70.85797,-34.88876],[-70.87718,-34.90206],[-70.88474,-34.90179],[-70.91022,-34.91525],[-70.92756,-34.93133],[-70.94043,-34.92847],[-70.98864,-34.93824],[-70.99983,-34.92284],[-70.99936,-34.90417],[-71.00466,-34.89527],[-71.00347,-34.86472],[-70.99533,-34.85601],[-71.01894,-34.83037],[-71.03062,-34.80871],[-71.04912,-34.7975],[-71.07556,-34.79394],[-71.1232,-34.78314],[-71.14299,-34.78786],[-71.15318,-34.79949],[-71.18959,-34.80561],[-71.1946,-34.82212],[-71.2118,-34.83535],[-71.23188,-34.82383],[-71.24692,-34.82752],[-71.26154,-34.82442],[-71.26584,-34.79931],[-71.28019,-34.7915],[-71.30021,-34.7955],[-71.31288,-34.8036],[-71.3191,-34.81757],[-71.33747,-34.82864],[-71.35623,-34.82558],[-71.37997,-34.83765],[-71.38843,-34.86055],[-71.38387,-34.89066],[-71.36364,-34.90006],[-71.36154,-34.91345],[-71.35895,-34.92617],[-71.37059,-34.93821],[-71.37126,-34.95452],[-71.38771,-34.96891],[-71.39314,-35.02667],[-71.37881,-35.05297],[-71.35848,-35.05972],[-71.36307,-35.06877],[-71.3771,-35.0719],[-71.38289,-35.08324],[-71.37892,-35.09984],[-71.36629,-35.11084],[-71.36308,-35.12648],[-71.35197,-35.12308],[-71.3234,-35.1246],[-71.25821,-35.14594],[-71.24161,-35.15697],[-71.18966,-35.17963],[-71.16828,-35.185],[-71.15182,-35.20085],[-71.12987,-35.23639],[-71.114,-35.2313],[-71.08455,-35.24019],[-71.07131,-35.25796],[-71.06492,-35.27887],[-71.05689,-35.28667],[-71.0336,-35.29486],[-71.03352,-35.33171],[-71.01627,-35.33381],[-70.99871,-35.36182],[-70.96416,-35.37908],[-70.94154,-35.38431],[-70.92127,-35.38097],[-70.92,-35.40425],[-70.90412,-35.41281],[-70.89293,-35.4256],[-70.87722,-35.43088],[-70.8447,-35.46362],[-70.82492,-35.47424],[-70.81807,-35.49866],[-70.82074,-35.50865],[-70.78616,-35.50426],[-70.78906,-35.517],[-70.76616,-35.52324],[-70.76548,-35.56045],[-70.75117,-35.55977],[-70.73366,-35.54403],[-70.72284,-35.54385],[-70.7003,-35.52956],[-70.68655,-35.51457],[-70.66503,-35.52592],[-70.63289,-35.51351],[-70.60471,-35.49719],[-70.57056,-35.4974],[-70.54147,-35.51893],[-70.53333,-35.52164],[-70.50653,-35.50477],[-70.49629,-35.52084],[-70.49697,-35.54115],[-70.48958,-35.57837],[-70.46439,-35.59903],[-70.44103,-35.59391],[-70.42844,-35.59901],[-70.4236,-35.61834],[-70.41303,-35.62825],[-70.40261,-35.6272],[-70.39127,-35.60917],[-70.38859,-35.5966],[-70.3972,-35.58585],[-70.40422,-35.56285],[-70.40927,-35.53286],[-70.39832,-35.52246],[-70.37987,-35.51422],[-70.39448,-35.49258],[-70.42226,-35.4868],[-70.44377,-35.46934],[-70.44664,-35.46171],[-70.4328,-35.43658],[-70.45069,-35.42565],[-70.44019,-35.41267],[-70.44907,-35.4065],[-70.44687,-35.38639],[-70.4216,-35.37108],[-70.42666,-35.34883],[-70.43645,-35.33099],[-70.43448,-35.31749],[-70.46103,-35.3193],[-70.46773,-35.31256],[-70.49632,-35.32212],[-70.51285,-35.30974],[-70.53132,-35.30887],[-70.56726,-35.29887],[-70.58198,-35.27248],[-70.57816,-35.25841],[-70.56349,-35.23586],[-70.55846,-35.21998],[-70.54268,-35.20169],[-70.52927,-35.19834],[-70.50227,-35.2047],[-70.47025,-35.20171],[-70.43988,-35.19373],[-70.42333,-35.18369],[-70.39152,-35.17322],[-70.37822,-35.17314],[-70.37158,-35.14935],[-70.3613,-35.13505],[-70.37023,-35.11114],[-70.35768,-35.09878],[-70.37414,-35.08259],[-70.37252,-35.05887],[-70.37696,-35.04956],[-70.3613,-35.03472],[-70.36512,-35.00555],[-70.37848,-34.99741],[-70.4152,-34.98434],[-70.4623,-34.99758],[-70.47887,-34.99358],[-70.49056,-34.97455],[-70.511,-34.97194],[-70.52635,-34.9649],[-70.52329,-34.95063],[-70.53862,-34.94997],[-70.54171,-34.93367],[-70.56635,-34.93921],[-70.57075,-34.95492],[-70.61471,-34.96074],[-70.61837,-34.98502],[-70.63344,-34.98098],[-70.66707,-34.96183],[-70.6693,-34.94602],[-70.68449,-34.92782],[-70.69554,-34.92613],[-70.71219,-34.91398],[-70.72395,-34.89479],[-70.73943,-34.89081],[-70.75146,-34.87518],[-70.76941,-34.85951],[-70.78964,-34.85985],[-70.79621,-34.85313],[-70.81508,-34.85037]]]},"properties":{"COD_SHAC":"SHAC-07-05-362","SHAC":"Teno - Lontue","REGION":"Maule","NOM_ACUIF":"Rio Mataquito","COD_BNA_SH":"0436","COD_REG":"7"}},
{"type":"Feature","geometry":{"type":"Polygon","coordinates":[[[-71.09547,-30.49764],[-71.07018,-30.49404],[-71.05132,-30.50392],[-71.03657,-30.52123],[-71.03176,-30.54322],[-71.01745,-30.55096],[-70.99316,-30.54311],[-70.98041,-30.5473],[-70.97025,-30.54035],[-70.93808,-30.53594],[-70.92679,-30.50989],[-70.91595,-30.50694],[-70.89188,-30.50952],[-70.86952,-30.53406],[-70.85421,-30.54196],[-70.84156,-30.53732],[-70.8076,-30.53335],[-70.79588,-30.52396],[-70.79069,-30.50714],[-70.77586,-30.52379],[-70.75926,-30.52868],[-70.73328,-30.52525],[-70.72583,-30.51046],[-70.70865,-30.51091],[-70.69782,-30.49328],[-70.68388,-30.50346],[-70.66539,-30.50258],[-70.64912,-30.51168],[-70.63936,-30.51091],[-70.62393,-30.52422],[-70.60888,-30.51463],[-70.60091,-30.49784],[-70.57475,-30.49838],[-70.56389,-30.5094],[-70.55365,-30.51107],[-70.53827,-30.52567],[-70.54505,-30.5354],[-70.5207,-30.56152],[-70.50084,-30.56458],[-70.48743,-30.56118],[-70.47674,-30.5673],[-70.45765,-30.55808],[-70.43289,-30.58631],[-70.43497,-30.59281],[-70.42652,-30.62084],[-70.41429,-30.63484],[-70.40223,-30.63254],[-70.37403,-30.6574],[-70.33639,-30.65922],[-70.33265,-30.67462],[-70.30338,-30.67577],[-70.28569,-30.69358],[-70.25711,-30.69487],[-70.25342,-30.67894],[-70.23933,-30.66928],[-70.25063,-30.6617],[-70.24665,-30.63511],[-70.23812,-30.61375],[-70.22509,-30.60643],[-70.22054,-30.58074],[-70.20725,-30.5707],[-70.20551,-30.55703],[-70.18914,-30.55174],[-70.19577,-30.53865],[-70.18096,-30.51099],[-70.19517,-30.49185],[-70.20739,-30.48651],[-70.24493,-30.48885],[-70.26674,-30.48171],[-70.27323,-30.47208],[-70.29306,-30.46655],[-70.28413,-30.45633],[-70.28495,-30.44308],[-70.314,-30.41478],[-70.34019,-30.40632],[-70.36073,-30.41905],[-70.35891,-30.43093],[-70.37718,-30.43699],[-70.38625,-30.44766],[-70.39873,-30.45091],[-70.41756,-30.42647],[-70.43296,-30.42665],[-70.44981,-30.39438],[-70.47348,-30.39973],[-70.48583,-30.39489],[-70.49341,-30.38048],[-70.4838,-30.36506],[-70.49107,-30.35237],[-70.51177,-30.33243],[-70.52592,-30.32911],[-70.52708,-30.31414],[-70.53858,-30.29791],[-70.54345,-30.28043],[-70.53728,-30.25719],[-70.55776,-30.22734],[-70.56541,-30.21005],[-70.57414,-30.2083],[-70.57601,-30.22635],[-70.5868,-30.23317],[-70.60525,-30.23147],[-70.62979,-30.21626],[-70.64721,-30.22166],[-70.66411,-30.21641],[-70.6868,-30.22631],[-70.69015,-30.23498],[-70.72083,-30.25077],[-70.76092,-30.24168],[-70.77395,-30.23632],[-70.78481,-30.24579],[-70.80042,-30.23929],[-70.82888,-30.25606],[-70.86105,-30.24297],[-70.88433,-30.24017],[-70.90305,-30.22856],[-70.89817,-30.21863],[-70.92547,-30.21849],[-70.93323,-30.23873],[-70.97902,-30.24028],[-70.98025,-30.24595],[-71.00819,-30.24925],[-71.01096,-30.26163],[-71.00539,-30.26512],[-71.01329,-30.30097],[-71.03503,-30.32849],[-71.04704,-30.33126],[-71.05887,-30.35775],[-71.07958,-30.36779],[-71.06894,-30.38386],[-71.06796,-30.39997],[-71.05406,-30.43701],[-71.0594,-30.44811],[-71.07383,-30.45144],[-71.07538,-30.45971],[-71.08901,-30.47342],[-71.09547,-30.49764]]]},"properties":{"COD_SHAC":"SHAC-04-75-167","SHAC":"Rio Hurtado","REGION":"Coquimbo","NOM_ACUIF":"Rio Limari","COD_BNA_SH":"0357","COD_REG":"4"}},
{"type":"Feature","geometry":{"type":"Polygon","coordinates":[[[-69.68888,-28.59177],[-69.70829,-28.5735],[-69.72292,-28.57749],[-69.72988,-28.60599],[-69.74634,-28.61412],[-69.74861,-28.62807],[-69.75983,-28.63663],[-69.77275,-28.63459],[-69.80169,-28.64201],[-69.83147,-28.63963],[-69.85792,-28.62518],[-69.88514,-28.6211],[-69.91515,-28.60764],[-69.9253,-28.60986],[-69.94253,-28.60126],[-69.97462,-28.58001],[-69.99234,-28.58747],[-70.01319,-28.58224],[-70.01524,-28.59415],[-70.03558,-28.6066],[-70.0465,-28.60399],[-70.05692,-28.61488],[-70.05443,-28.62578],[-70.0696,-28.63828],[-70.08461,-28.61918],[-70.09269,-28.61488],[-70.10785,-28.59006],[-70.12223,-28.58],[-70.14609,-28.57839],[-70.16419,-28.58118],[-70.17401,-28.59494],[-70.18728,-28.60246],[-70.19966,-28.6276],[-70.22398,-28.64019],[-70.22925,-28.65354],[-70.25384,-28.68378],[-70.26251,-28.68296],[-70.28221,-28.69311],[-70.28991,-28.69002],[-70.3141,-28.71054],[-70.32952,-28.66641],[-70.34837,-28.66548],[-70.3576,-28.64831],[-70.38205,-28.6309],[-70.39345,-28.6471],[-70.42747,-28.66474],[-70.42129,-28.68171],[-70.4335,-28.71307],[-70.4454,-28.72199],[-70.47009,-28.72139],[-70.47968,-28.72765],[-70.48788,-28.74297],[-70.48087,-28.76042],[-70.46386,-28.77541],[-70.43823,-28.78933],[-70.40896,-28.81239],[-70.39149,-28.84028],[-70.39125,-28.85765],[-70.37836,-28.87722],[-70.39031,-28.89281],[-70.38785,-28.91972],[-70.40059,-28.92331],[-70.3873,-28.94909],[-70.37794,-28.9525],[-70.36846,-28.98237],[-70.39363,-29.00072],[-70.38958,-29.014],[-70.3978,-29.03087],[-70.39166,-29.05235],[-70.35909,-29.05691],[-70.34144,-29.07528],[-70.32552,-29.08247],[-70.32767,-29.10272],[-70.3246,-29.12053],[-70.31664,-29.12433],[-70.2959,-29.16093],[-70.2946,-29.16962],[-70.27867,-29.17722],[-70.25881,-29.17121],[-70.23307,-29.18633],[-70.2285,-29.19837],[-70.21626,-29.19931],[-70.1985,-29.21229],[-70.19349,-29.22805],[-70.17923,-29.25213],[-70.16636,-29.28202],[-70.17971,-29.2939],[-70.17122,-29.30062],[-70.13777,-29.30505],[-70.13673,-29.29637],[-70.12388,-29.28656],[-70.11113,-29.28542],[-70.09895,-29.29338],[-70.09293,-29.3046],[-70.06248,-29.32593],[-70.04499,-29.32318],[-70.02083,-29.32889],[-69.99649,-29.30361],[-70.00014,-29.28999],[-69.98528,-29.27655],[-69.97059,-29.2742],[-69.94617,-29.26249],[-69.93586,-29.24577],[-69.95207,-29.21611],[-69.94421,-29.20485],[-69.95281,-29.19062],[-69.92745,-29.18805],[-69.90493,-29.16988],[-69.90159,-29.15966],[-69.88889,-29.15565],[-69.88125,-29.1419],[-69.83949,-29.12964],[-69.78888,-29.13414],[-69.79074,-29.11254],[-69.78521,-29.10063],[-69.79606,-29.08198],[-69.79105,-29.0647],[-69.7882,-29.0301],[-69.77677,-29.01294],[-69.7681,-28.99003],[-69.75396,-28.98365],[-69.76322,-28.97457],[-69.7548,-28.95904],[-69.75373,-28.93654],[-69.76663,-28.92521],[-69.76329,-28.89447],[-69.74602,-28.8818],[-69.74147,-28.86631],[-69.74432,-28.85105],[-69.72783,-28.848],[-69.72206,-28.83268],[-69.70863,-28.81584],[-69.70934,-28.79022],[-69.69281,-28.77271],[-69.70319,-28.74949],[-69.71766,-28.74161],[-69.72741,-28.72366],[-69.73095,-28.70594],[-69.73009,-28.6777],[-69.721,-28.66113],[-69.70092,-28.64198],[-69.70223,-28.62193],[-69.68782,-28.60441],[-69.68888,-28.59177]]]},"properties":{"COD_SHAC":"SHAC-03-44-78","SHAC":"El Transito","REGION":"Atacama","NOM_ACUIF":"Rio Huasco","COD_BNA_SH":"0195","COD_REG":"3"}},
{"type":"Feature","geometry":{"type":"Polygon","coordinates":[[[-70.02083,-29.32889],[-70.04499,-29.32318],[-70.06248,-29.32593],[-70.09293,-29.3046],[-70.09895,-29.29338],[-70.11113,-29.28542],[-70.12388,-29.28656],[-70.13673,-29.29637],[-70.13777,-29.30505],[-70.17122,-29.30062],[-70.17971,-29.2939],[-70.16636,-29.28202],[-70.17923,-29.25213],[-70.19349,-29.22805],[-70.1985,-29.21229],[-70.21626,-29.19931],[-70.2285,-29.19837],[-70.23307,-29.18633],[-70.25881,-29.17121],[-70.27867,-29.17722],[-70.2946,-29.16962],[-70.2959,-29.16093],[-70.31664,-29.12433],[-70.3246,-29.12053],[-70.32767,-29.10272],[-70.32552,-29.08247],[-70.34144,-29.07528],[-70.35909,-29.05691],[-70.39166,-29.05235],[-70.3978,-29.03087],[-70.38958,-29.014],[-70.39363,-29.00072],[-70.36846,-28.98237],[-70.37794,-28.9525],[-70.3873,-28.94909],[-70.40059,-28.92331],[-70.38785,-28.91972],[-70.39031,-28.89281],[-70.37836,-28.87722],[-70.39125,-28.85765],[-70.39149,-28.84028],[-70.40896,-28.81239],[-70.43823,-28.78933],[-70.46386,-28.77541],[-70.48087,-28.76042],[-70.49959,-28.79108],[-70.49366,-28.82833],[-70.4866,-28.84013],[-70.48533,-28.85823],[-70.49681,-28.86246],[-70.50355,-28.88115],[-70.50249,-28.90725],[-70.50992,-28.91906],[-70.50328,-28.94725],[-70.51447,-28.95299],[-70.51529,-28.97242],[-70.49996,-28.97539],[-70.51163,-29.01065],[-70.52962,-29.03309],[-70.54539,-29.04685],[-70.53461,-29.06148],[-70.54264,-29.08333],[-70.53879,-29.1039],[-70.52694,-29.10659],[-70.53305,-29.1269],[-70.5098,-29.1409],[-70.49563,-29.16498],[-70.49876,-29.21489],[-70.47984,-29.22542],[-70.46763,-29.24044],[-70.46852,-29.25647],[-70.46327,-29.26816],[-70.47917,-29.28762],[-70.46614,-29.29539],[-70.45718,-29.31908],[-70.44465,-29.33083],[-70.45613,-29.33724],[-70.47417,-29.36044],[-70.46543,-29.36347],[-70.45768,-29.38225],[-70.44157,-29.38837],[-70.45103,-29.39772],[-70.43604,-29.43699],[-70.45004,-29.45467],[-70.45071,-29.47837],[-70.44438,-29.48804],[-70.42694,-29.49432],[-70.41949,-29.51137],[-70.42319,-29.53031],[-70.41866,-29.54046],[-70.40072,-29.55763],[-70.38249,-29.56684],[-70.38267,-29.58031],[-70.36631,-29.58241],[-70.33795,-29.60003],[-70.32618,-29.63183],[-70.30639,-29.63528],[-70.28055,-29.65873],[-70.27236,-29.67703],[-70.27453,-29.68604],[-70.25941,-29.70402],[-70.23314,-29.70914],[-70.21532,-29.70113],[-70.20368,-29.70267],[-70.19202,-29.69447],[-70.17144,-29.70303],[-70.15225,-29.70363],[-70.14484,-29.71602],[-70.13373,-29.71977],[-70.11873,-29.73673],[-70.10311,-29.7418],[-70.08022,-29.7349],[-70.06836,-29.73857],[-70.04919,-29.73393],[-70.03237,-29.74259],[-70.01588,-29.74379],[-69.99397,-29.75241],[-69.98561,-29.75054],[-69.97328,-29.73501],[-69.9434,-29.73494],[-69.93831,-29.72617],[-69.91601,-29.72768],[-69.9041,-29.73629],[-69.88778,-29.74041],[-69.87972,-29.72971],[-69.88934,-29.72083],[-69.88282,-29.70859],[-69.89735,-29.69359],[-69.91155,-29.69158],[-69.92263,-29.68367],[-69.92335,-29.67407],[-69.93393,-29.66369],[-69.94235,-29.64553],[-69.93849,-29.62646],[-69.94102,-29.61122],[-69.93314,-29.59252],[-69.93396,-29.57359],[-69.94798,-29.54486],[-69.95608,-29.53498],[-69.94855,-29.52742],[-69.94717,-29.51209],[-69.95424,-29.49957],[-69.94773,-29.49101],[-69.95927,-29.47095],[-69.97812,-29.44907],[-69.97208,-29.43886],[-69.96691,-29.4147],[-69.98285,-29.40141],[-70.00429,-29.39542],[-70.0175,-29.38652],[-70.01271,-29.37152],[-70.01873,-29.35455],[-70.01067,-29.35271],[-70.02083,-29.32889]]]},"properties":{"COD_SHAC":"SHAC-04-01-93","SHAC":"Rio del Carmen","REGION":"Coquimbo","NOM_ACUIF":"Rio Huasco","COD_BNA_SH":"0348","COD_REG":"4"}},
{"type":"Feature","geometry":{"type":"Polygon","coordinates":[[[-71.34436,-35.67239],[-71.37019,-35.64069],[-71.40124,-35.6144],[-71.42298,-35.61052],[-71.4438,-35.61329],[-71.46465,-35.60654],[-71.50612,-35.60919],[-71.52808,-35.60783],[-71.57489,-35.58661],[-71.6121,-35.57808],[-71.6259,-35.57086],[-71.65157,-35.56657],[-71.66473,-35.55876],[-71.69327,-35.55312],[-71.71511,-35.56445],[-71.74893,-35.57425],[-71.75541,-35.56899],[-71.77703,-35.57835],[-71.76689,-35.6003],[-71.77962,-35.62259],[-71.77579,-35.64203],[-71.78341,-35.65827],[-71.77937,-35.66878],[-71.7854,-35.70167],[-71.80016,-35.70008],[-71.8163,-35.68257],[-71.87793,-35.68791],[-71.87906,-35.67094],[-71.91754,-35.68872],[-71.93244,-35.71238],[-71.95045,-35.76636],[-71.95467,-35.79111],[-71.96779,-35.80433],[-71.97624,-35.822],[-72.0277,-35.81935],[-72.0525,-35.82304],[-72.07461,-35.83526],[-72.04906,-35.84566],[-72.03222,-35.86191],[-72.03828,-35.87298],[-72.0371,-35.90378],[-72.05994,-35.92615],[-72.05962,-35.937],[-72.08829,-35.96985],[-72.09356,-35.9946],[-72.09297,-36.0094],[-72.08291,-36.0417],[-72.09834,-36.04908],[-72.12874,-36.05419],[-72.14437,-36.06592],[-72.16717,-36.06212],[-72.18734,-36.06726],[-72.18987,-36.08913],[-72.19701,-36.10582],[-72.18996,-36.12322],[-72.214,-36.13331],[-72.21662,-36.13991],[-72.23547,-36.14818],[-72.25382,-36.16223],[-72.25629,-36.18219],[-72.27046,-36.2004],[-72.23954,-36.20539],[-72.22307,-36.22082],[-72.20861,-36.22345],[-72.19409,-36.23766],[-72.21771,-36.25275],[-72.22675,-36.26431],[-72.20895,-36.27463],[-72.19744,-36.28707],[-72.18791,-36.28795],[-72.17018,-36.30003],[-72.14897,-36.30186],[-72.1387,-36.29377],[-72.04277,-36.30129],[-72.02424,-36.29851],[-71.98024,-36.3049],[-71.96308,-36.31489],[-71.95314,-36.32943],[-71.91547,-36.36428],[-71.8908,-36.38076],[-71.8509,-36.41499],[-71.81675,-36.43059],[-71.76579,-36.46278],[-71.74006,-36.46913],[-71.69583,-36.47209],[-71.65572,-36.4905],[-71.65063,-36.50275],[-71.62421,-36.4918],[-71.61075,-36.50151],[-71.60008,-36.49136],[-71.58057,-36.49071],[-71.53437,-36.47061],[-71.52118,-36.46959],[-71.50638,-36.47686],[-71.49149,-36.46254],[-71.48109,-36.46931],[-71.48665,-36.47971],[-71.46789,-36.51661],[-71.46922,-36.5272],[-71.4399,-36.54909],[-71.41952,-36.53347],[-71.40009,-36.53114],[-71.38943,-36.55712],[-71.37357,-36.57258],[-71.34667,-36.57211],[-71.32912,-36.57997],[-71.29866,-36.56729],[-71.27491,-36.5663],[-71.25691,-36.52673],[-71.23535,-36.50883],[-71.23926,-36.48936],[-71.23296,-36.46537],[-71.22236,-36.45198],[-71.20764,-36.44858],[-71.19613,-36.43589],[-71.19716,-36.41874],[-71.18085,-36.40379],[-71.15437,-36.40397],[-71.13984,-36.37675],[-71.11324,-36.3613],[-71.10931,-36.33742],[-71.13361,-36.32303],[-71.13046,-36.31478],[-71.15286,-36.30012],[-71.15292,-36.26573],[-71.14776,-36.25842],[-71.12629,-36.25484],[-71.08726,-36.22815],[-71.05788,-36.22385],[-71.05126,-36.21547],[-71.03571,-36.21176],[-71.03068,-36.19513],[-71.01823,-36.17892],[-71.02754,-36.17387],[-71.03214,-36.14712],[-71.02541,-36.11086],[-71.0121,-36.10302],[-71.00621,-36.08762],[-71.01118,-36.0796],[-71.03188,-36.07369],[-71.04697,-36.03949],[-71.03818,-36.03385],[-71.04613,-36.01641],[-71.04532,-36.00116],[-71.07183,-35.99201],[-71.07635,-36.00337],[-71.07103,-36.01536],[-71.07973,-36.02536],[-71.10266,-36.01519],[-71.13128,-36.00805],[-71.12635,-35.98511],[-71.10612,-35.97967],[-71.09155,-35.9537],[-71.06946,-35.92835],[-71.06884,-35.91105],[-71.08149,-35.9026],[-71.08886,-35.88949],[-71.08681,-35.86699],[-71.09221,-35.85371],[-71.11024,-35.8411],[-71.10772,-35.83268],[-71.12907,-35.81941],[-71.15055,-35.81566],[-71.17395,-35.81861],[-71.18046,-35.81025],[-71.19735,-35.80775],[-71.22291,-35.7919],[-71.2592,-35.78424],[-71.27057,-35.76755],[-71.29259,-35.75677],[-71.29278,-35.74665],[-71.31427,-35.74749],[-71.32008,-35.73192],[-71.33227,-35.72423],[-71.34115,-35.70884],[-71.36653,-35.69845],[-71.35117,-35.68981],[-71.34436,-35.67239]]]},"properties":{"COD_SHAC":"SHAC-07-13-370","SHAC":"Maule Medio Sur","REGION":"Maule","NOM_ACUIF":"Rio Maule","COD_BNA_SH":"0499","COD_REG":"7"}},
{"type":"Feature","geometry":{"type":"Polygon","coordinates":[[[-67.89043,-22.71866],[-67.88572,-22.6938],[-67.87121,-22.69026],[-67.87757,-22.66579],[-67.87548,-22.64302],[-67.88469,-22.62767],[-67.8574,-22.6215],[-67.86296,-22.61051],[-67.86156,-22.59755],[-67.84724,-22.59626],[-67.83832,-22.58818],[-67.84592,-22.57193],[-67.84324,-22.56397],[-67.84702,-22.53984],[-67.85509,-22.53185],[-67.87045,-22.53324],[-67.87709,-22.51616],[-67.89307,-22.50055],[-67.89269,-22.44817],[-67.89768,-22.42972],[-67.90508,-22.42002],[-67.90484,-22.40142],[-67.93391,-22.38975],[-67.94296,-22.38177],[-67.95692,-22.39389],[-67.96767,-22.39332],[-67.9685,-22.40872],[-67.98381,-22.41038],[-68.01318,-22.42945],[-68.02402,-22.41981],[-68.05356,-22.42143],[-68.07026,-22.41698],[-68.08274,-22.42821],[-68.08855,-22.49083],[-68.11688,-22.49264],[-68.12166,-22.45776],[-68.14064,-22.46127],[-68.15633,-22.45691],[-68.16785,-22.44561],[-68.18549,-22.44952],[-68.19801,-22.45829],[-68.21718,-22.48362],[-68.22927,-22.5063],[-68.24278,-22.5128],[-68.25086,-22.5241],[-68.26033,-22.54866],[-68.26113,-22.56797],[-68.27537,-22.56273],[-68.27753,-22.5515],[-68.29358,-22.54283],[-68.32059,-22.56553],[-68.34187,-22.57194],[-68.34616,-22.59575],[-68.36041,-22.59905],[-68.35956,-22.61906],[-68.37954,-22.62929],[-68.3896,-22.64469],[-68.39285,-22.66301],[-68.38536,-22.67433],[-68.36501,-22.68091],[-68.32346,-22.69569],[-68.31099,-22.69613],[-68.28488,-22.7062],[-68.25767,-22.7205],[-68.23834,-22.73839],[-68.24814,-22.75748],[-68.24458,-22.76922],[-68.22809,-22.78687],[-68.23096,-22.81073],[-68.23021,-22.83509],[-68.22129,-22.85391],[-68.22904,-22.86034],[-68.2435,-22.90181],[-68.25433,-22.91966],[-68.26673,-22.91782],[-68.2826,-22.92688],[-68.29379,-22.91739],[-68.29592,-22.94124],[-68.32086,-22.96545],[-68.33135,-23.00153],[-68.35186,-23.01632],[-68.3434,-23.02475],[-68.3508,-23.04651],[-68.37045,-23.05859],[-68.37537,-23.07866],[-68.35369,-23.08851],[-68.35709,-23.07921],[-68.31855,-23.05483],[-68.29408,-23.03095],[-68.27821,-23.01895],[-68.23505,-23.02337],[-68.22434,-23.01545],[-68.22038,-23.0036],[-68.18852,-23.00819],[-68.16112,-22.9756],[-68.15171,-22.96838],[-68.14398,-22.98834],[-68.1375,-22.96324],[-68.11087,-22.91435],[-68.10333,-22.90456],[-68.10603,-22.89319],[-68.09511,-22.86413],[-68.0958,-22.84923],[-68.08838,-22.82128],[-68.08288,-22.81366],[-68.05983,-22.80675],[-68.03624,-22.79496],[-68.02688,-22.79599],[-68.00446,-22.78474],[-67.98328,-22.76401],[-67.95232,-22.76191],[-67.93724,-22.74718],[-67.90778,-22.74129],[-67.89043,-22.71866]]]},"properties":{"COD_SHAC":"SHAC-02-14-23","SHAC":"A1","REGION":"Antofagasta","NOM_ACUIF":"Salar de Atacama","COD_BNA_SH":"1119","COD_REG":"2"}},
{"type":"Feature","geometry":{"type":"Polygon","coordinates":[[[-67.68969,-23.17667],[-67.68964,-23.15457],[-67.69648,-23.1422],[-67.69435,-23.12319],[-67.7058,-23.12085],[-67.71845,-23.09753],[-67.71712,-23.07538],[-67.72237,-23.06685],[-67.7203,-23.04926],[-67.74271,-23.0458],[-67.7417,-23.03879],[-67.75537,-23.02047],[-67.74201,-22.98638],[-67.74974,-22.98109],[-67.75161,-22.96687],[-67.76232,-22.95581],[-67.7732,-22.95274],[-67.74618,-22.92588],[-67.74947,-22.91617],[-67.76582,-22.90743],[-67.78486,-22.88667],[-67.805,-22.88024],[-67.8269,-22.86074],[-67.83298,-22.84905],[-67.85662,-22.84178],[-67.86462,-22.83343],[-67.88057,-22.83393],[-67.88788,-22.81971],[-67.87734,-22.80005],[-67.87241,-22.76524],[-67.87424,-22.75377],[-67.86703,-22.74231],[-67.89043,-22.71866],[-67.90778,-22.74129],[-67.93724,-22.74718],[-67.95232,-22.76191],[-67.98328,-22.76401],[-68.00446,-22.78474],[-68.02688,-22.79599],[-68.03624,-22.79496],[-68.05983,-22.80675],[-68.08288,-22.81366],[-68.08838,-22.82128],[-68.0958,-22.84923],[-68.09511,-22.86413],[-68.10603,-22.89319],[-68.10333,-22.90456],[-68.11087,-22.91435],[-68.1375,-22.96324],[-68.14398,-22.98834],[-68.12703,-23.0158],[-68.10498,-23.01572],[-68.0799,-23.04306],[-68.08781,-23.05571],[-68.08456,-23.06583],[-68.07125,-23.07073],[-68.07131,-23.08677],[-68.08054,-23.09498],[-68.07855,-23.11814],[-68.08434,-23.12908],[-68.09847,-23.12875],[-68.08276,-23.17007],[-68.09974,-23.17222],[-68.10253,-23.18838],[-68.08345,-23.21052],[-68.09175,-23.24746],[-68.07944,-23.26775],[-68.09184,-23.28791],[-68.08642,-23.30561],[-68.06008,-23.28907],[-68.03912,-23.26791],[-68.014,-23.25112],[-67.97521,-23.23711],[-67.95279,-23.23151],[-67.93339,-23.23842],[-67.89886,-23.23006],[-67.88002,-23.23859],[-67.84544,-23.23645],[-67.82005,-23.22325],[-67.78466,-23.21377],[-67.77038,-23.20418],[-67.74058,-23.19391],[-67.72866,-23.18352],[-67.69585,-23.18217],[-67.68969,-23.17667]]]},"properties":{"COD_SHAC":"SHAC-02-15-24","SHAC":"A2","REGION":"Antofagasta","NOM_ACUIF":"Salar de Atacama","COD_BNA_SH":"1120","COD_REG":"2"}},
{"type":"Feature","geometry":{"type":"Polygon","coordinates":[[[-71.27485,-29.55976],[-71.29785,-29.56094],[-71.3127,-29.55426],[-71.33439,-29.5552],[-71.32831,-29.55626],[-71.31863,-29.57961],[-71.28829,-29.6108],[-71.2783,-29.6055],[-71.27277,-29.58995],[-71.28187,-29.57442],[-71.27485,-29.55976]]]},"properties":{"COD_SHAC":"SHAC-04-17-109","SHAC":"Yerbas Buenas","REGION":"Coquimbo","NOM_ACUIF":"Cuencas Costeras IV Norte","COD_BNA_SH":"0603","COD_REG":"4"}},
{"type":"Feature","geometry":{"type":"Polygon","coordinates":[[[-71.46257,-31.98962],[-71.48144,-31.97177],[-71.49113,-31.96979],[-71.50856,-31.98464],[-71.52074,-32.00982],[-71.51059,-32.0229],[-71.48006,-32.01663],[-71.47409,-31.99776],[-71.46257,-31.98962]]]},"properties":{"COD_SHAC":"SHAC-04-20-112","SHAC":"Changos","REGION":"Coquimbo","NOM_ACUIF":"Cuencas Costeras IV Sur","COD_BNA_SH":"0570","COD_REG":"4"}},
{"type":"Feature","geometry":{"type":"Polygon","coordinates":[[[-70.35116,-33.10539],[-70.37585,-33.10664],[-70.40156,-33.12124],[-70.41333,-33.12159],[-70.43306,-33.13759],[-70.43754,-33.14911],[-70.45954,-33.17492],[-70.46103,-33.18973],[-70.47315,-33.2185],[-70.47466,-33.22807],[-70.46938,-33.25377],[-70.4796,-33.26783],[-70.47611,-33.27992],[-70.48209,-33.29397],[-70.48112,-33.31007],[-70.45984,-33.33502],[-70.43615,-33.35005],[-70.40668,-33.32587],[-70.40118,-33.32474],[-70.38633,-33.30273],[-70.38253,-33.2658],[-70.36495,-33.24199],[-70.35365,-33.21193],[-70.34823,-33.1797],[-70.34849,-33.1408],[-70.35319,-33.11845],[-70.35116,-33.10539]]]},"properties":{"COD_SHAC":"SHAC-13-02-248","SHAC":"Estero Arrayan","REGION":"Metropolitana de Santiago","NOM_ACUIF":"Cuencas Altas Maipo","COD_BNA_SH":"0962","COD_REG":"13"}},
{"type":"Feature","geometry":{"type":"Polygon","coordinates":[[[-69.87391,-33.5406],[-69.83858,-33.51619],[-69.83364,-33.50644],[-69.83029,-33.48027],[-69.81543,-33.46858],[-69.82172,-33.45324],[-69.81458,-33.44265],[-69.81807,-33.42943],[-69.79555,-33.42289],[-69.80752,-33.39594],[-69.78423,-33.38864],[-69.77066,-33.35917],[-69.77037,-33.34966],[-69.78305,-33.31734],[-69.79981,-33.28796],[-69.81635,-33.28855],[-69.8336,-33.27382],[-69.85011,-33.27586],[-69.86112,-33.28295],[-69.87467,-33.27625],[-69.88614,-33.27885],[-69.91648,-33.26712],[-69.93724,-33.27649],[-69.94379,-33.28566],[-69.96336,-33.29371],[-69.96886,-33.30757],[-70.00275,-33.32244],[-70.01279,-33.3009],[-70.00692,-33.28714],[-70.03892,-33.27025],[-70.06028,-33.27368],[-70.07871,-33.28538],[-70.07928,-33.29891],[-70.07242,-33.30894],[-70.07582,-33.32433],[-70.0738,-33.34941],[-70.08826,-33.36349],[-70.09345,-33.38055],[-70.0892,-33.40053],[-70.09046,-33.42375],[-70.08197,-33.43211],[-70.08348,-33.44402],[-70.09512,-33.46217],[-70.09343,-33.47505],[-70.12775,-33.48457],[-70.13904,-33.49525],[-70.13145,-33.5066],[-70.15767,-33.54978],[-70.14167,-33.58233],[-70.12794,-33.56681],[-70.1136,-33.55712],[-70.07986,-33.55444],[-70.06599,-33.55671],[-70.05033,-33.54467],[-70.02622,-33.56177],[-70.00072,-33.55222],[-69.98901,-33.53187],[-69.96329,-33.52744],[-69.96448,-33.52059],[-69.94831,-33.50949],[-69.93296,-33.51494],[-69.92717,-33.53107],[-69.91578,-33.52893],[-69.894,-33.53848],[-69.87391,-33.5406]]]},"properties":{"COD_SHAC":"SHAC-13-05-251","SHAC":"Rio Colorado Alto","REGION":"Metropolitana de Santiago","NOM_ACUIF":"Cuencas Altas Maipo","COD_BNA_SH":"0965","COD_REG":"13"}},
{"type":"Feature","geometry":{"type":"Polygon","coordinates":[[[-69.90565,-33.96342],[-69.93274,-33.95784],[-69.95006,-33.96201],[-69.96833,-33.93993],[-69.98976,-33.94985],[-69.99772,-33.92692],[-69.99553,-33.91939],[-70.00734,-33.90642],[-70.03422,-33.89947],[-70.04661,-33.88221],[-70.05679,-33.88066],[-70.09326,-33.89118],[-70.09904,-33.88265],[-70.13062,-33.86937],[-70.13768,-33.84466],[-70.16929,-33.84211],[-70.1898,-33.82426],[-70.20846,-33.82266],[-70.21827,-33.80634],[-70.22822,-33.81705],[-70.25036,-33.82751],[-70.25022,-33.84813],[-70.26491,-33.8565],[-70.27562,-33.8718],[-70.30032,-33.85838],[-70.31477,-33.85985],[-70.32314,-33.84959],[-70.34851,-33.85902],[-70.35654,-33.87097],[-70.37494,-33.88376],[-70.36852,-33.90697],[-70.37869,-33.91887],[-70.3763,-33.92821],[-70.36041,-33.95011],[-70.34976,-33.9532],[-70.34996,-33.97063],[-70.33092,-33.98073],[-70.32152,-33.99826],[-70.32764,-34.01012],[-70.3208,-34.01413],[-70.34434,-34.03878],[-70.33834,-34.05508],[-70.3164,-34.05725],[-70.3083,-34.06692],[-70.28777,-34.05804],[-70.26205,-34.07118],[-70.24788,-34.05699],[-70.24435,-34.0345],[-70.22276,-34.03055],[-70.20611,-34.03498],[-70.18621,-34.03212],[-70.16978,-34.0451],[-70.17458,-34.05331],[-70.17206,-34.07237],[-70.15882,-34.09279],[-70.15821,-34.11102],[-70.14369,-34.11726],[-70.16578,-34.14076],[-70.14342,-34.18097],[-70.13239,-34.18925],[-70.11823,-34.18963],[-70.11473,-34.20051],[-70.08991,-34.20322],[-70.07768,-34.19809],[-70.05103,-34.22549],[-70.04943,-34.24398],[-70.0539,-34.25785],[-70.05043,-34.28016],[-70.03119,-34.28757],[-70.01888,-34.28069],[-70.01085,-34.26598],[-69.98771,-34.26124],[-69.96978,-34.2499],[-69.94203,-34.27207],[-69.94057,-34.27972],[-69.90841,-34.29073],[-69.8977,-34.28468],[-69.89516,-34.26456],[-69.87482,-34.26674],[-69.85169,-34.25613],[-69.82919,-34.2572],[-69.8237,-34.2487],[-69.80572,-34.24761],[-69.79294,-34.23807],[-69.78655,-34.2185],[-69.78967,-34.20158],[-69.81132,-34.18555],[-69.8198,-34.17247],[-69.83228,-34.16791],[-69.84388,-34.1519],[-69.86974,-34.13694],[-69.87116,-34.12487],[-69.85679,-34.11717],[-69.86019,-34.10376],[-69.84212,-34.09565],[-69.83226,-34.07267],[-69.84916,-34.06783],[-69.8542,-34.05663],[-69.84229,-34.03495],[-69.8287,-34.0248],[-69.82254,-34.0111],[-69.83987,-34.00712],[-69.84103,-33.99202],[-69.85559,-33.96334],[-69.8749,-33.96433],[-69.88201,-33.97604],[-69.89892,-33.9715],[-69.90565,-33.96342]]]},"properties":{"COD_SHAC":"SHAC-13-07-253","SHAC":"Rio Maipo Alto","REGION":"Metropolitana de Santiago","NOM_ACUIF":"Cuencas Altas Maipo","COD_BNA_SH":"0967","COD_REG":"13"}},
{"type":"Feature","geometry":{"type":"Polygon","coordinates":[[[-70.03892,-33.27025],[-70.02781,-33.24627],[-70.02818,-33.23244],[-70.0549,-33.22598],[-70.06466,-33.20501],[-70.0602,-33.19333],[-70.06458,-33.17996],[-70.05777,-33.17146],[-70.06642,-33.15792],[-70.05192,-33.13773],[-70.07535,-33.12214],[-70.0663,-33.10242],[-70.07472,-33.06362],[-70.09438,-33.05148],[-70.1012,-33.05215],[-70.12942,-33.07985],[-70.13226,-33.09325],[-70.15824,-33.09829],[-70.15552,-33.11268],[-70.18396,-33.10308],[-70.20084,-33.11019],[-70.20167,-33.12302],[-70.219,-33.12777],[-70.23094,-33.1385],[-70.22474,-33.15008],[-70.23562,-33.16615],[-70.24181,-33.18617],[-70.23979,-33.19817],[-70.21798,-33.21762],[-70.22213,-33.23626],[-70.21057,-33.24681],[-70.20983,-33.25999],[-70.19981,-33.2683],[-70.19914,-33.28982],[-70.18251,-33.3201],[-70.18243,-33.33625],[-70.17557,-33.34655],[-70.18188,-33.36188],[-70.19002,-33.36427],[-70.20284,-33.39079],[-70.19137,-33.41748],[-70.18672,-33.44885],[-70.16727,-33.45399],[-70.15315,-33.48281],[-70.13904,-33.49525],[-70.12775,-33.48457],[-70.09343,-33.47505],[-70.09512,-33.46217],[-70.08348,-33.44402],[-70.08197,-33.43211],[-70.09046,-33.42375],[-70.0892,-33.40053],[-70.09345,-33.38055],[-70.08826,-33.36349],[-70.0738,-33.34941],[-70.07582,-33.32433],[-70.07242,-33.30894],[-70.07928,-33.29891],[-70.07871,-33.28538],[-70.06028,-33.27368],[-70.03892,-33.27025]]]},"properties":{"COD_SHAC":"SHAC-13-10-256","SHAC":"Rio Olivares","REGION":"Metropolitana de Santiago","NOM_ACUIF":"Cuencas Altas Maipo","COD_BNA_SH":"0970","COD_REG":"13"}},
{"type":"Feature","geometry":{"type":"Polygon","coordinates":[[[-73.2975,-42.58664],[-73.32651,-42.59381],[-73.30732,-42.60552],[-73.29878,-42.60176],[-73.26463,-42.60891],[-73.26514,-42.596],[-73.2975,-42.58664]]]},"properties":{"COD_SHAC":"SHAC-10-103","SHAC":"Isla Alao","REGION":"Los Lagos","NOM_ACUIF":"islas X","COD_BNA_SH":"1025","COD_REG":"10"}},
{"type":"Feature","geometry":{"type":"Polygon","coordinates":[[[-73.2089,-42.58667],[-73.22608,-42.56721],[-73.23396,-42.57936],[-73.22931,-42.59029],[-73.24426,-42.61218],[-73.22269,-42.61435],[-73.20339,-42.62387],[-73.19739,-42.61398],[-73.2089,-42.58667]]]},"properties":{"COD_SHAC":"SHAC-10-104","SHAC":"Isla Apiao","REGION":"Los Lagos","NOM_ACUIF":"islas X","COD_BNA_SH":"1026","COD_REG":"10"}},
{"type":"Feature","geometry":{"type":"Polygon","coordinates":[[[-73.02123,-42.69284],[-73.03086,-42.69546],[-73.03079,-42.71925],[-73.01237,-42.73071],[-72.95394,-42.79688],[-72.943,-42.795],[-72.94887,-42.77616],[-72.9703,-42.752],[-72.95236,-42.7534],[-72.93708,-42.77782],[-72.91761,-42.7818],[-72.92292,-42.75475],[-72.93062,-42.73682],[-72.92793,-42.72175],[-72.94285,-42.71639],[-72.95645,-42.72422],[-72.96205,-42.73899],[-72.9803,-42.73713],[-72.99369,-42.70374],[-73.02123,-42.69284]]]},"properties":{"COD_SHAC":"SHAC-10-105","SHAC":"Isla Desertores","REGION":"Los Lagos","NOM_ACUIF":"islas X","COD_BNA_SH":"1042","COD_REG":"10"}},
{"type":"Feature","geometry":{"type":"Polygon","coordinates":[[[-73.61513,-41.80863],[-73.62233,-41.80795],[-73.62274,-41.81398],[-73.61635,-41.81264],[-73.61513,-41.80863]]]},"properties":{"COD_SHAC":"SHAC-10-106","SHAC":"Isla Lacao","REGION":"Los Lagos","NOM_ACUIF":"islas X","COD_BNA_SH":"1048","COD_REG":"10"}},
{"type":"Feature","geometry":{"type":"Polygon","coordinates":[[[-73.81132,-41.73034],[-73.81895,-41.73768],[-73.80542,-41.74534],[-73.81132,-41.73034]]]},"properties":{"COD_SHAC":"SHAC-10-107","SHAC":"Isla 4","REGION":"Los Lagos","NOM_ACUIF":"islas X","COD_BNA_SH":"1017","COD_REG":"10"}},
{"type":"Feature","geometry":{"type":"Polygon","coordinates":[[[-73.03948,-42.59718],[-73.06224,-42.60764],[-73.06621,-42.61444],[-73.04356,-42.63068],[-73.00862,-42.63181],[-73.00351,-42.61722],[-73.00639,-42.60176],[-73.03948,-42.59718]]]},"properties":{"COD_SHAC":"SHAC-10-108","SHAC":"Isla Chulin","REGION":"Los Lagos","NOM_ACUIF":"islas X","COD_BNA_SH":"1040","COD_REG":"10"}},
{"type":"Feature","geometry":{"type":"Polygon","coordinates":[[[-73.07564,-42.68159],[-73.06805,-42.6662],[-73.08353,-42.65237],[-73.09297,-42.66284],[-73.07564,-42.68159]]]},"properties":{"COD_SHAC":"SHAC-10-109","SHAC":"Isla Chuit","REGION":"Los Lagos","NOM_ACUIF":"islas X","COD_BNA_SH":"1039","COD_REG":"10"}},
{"type":"Feature","geometry":{"type":"Polygon","coordinates":[[[-68.20479,-23.76304],[-68.20288,-23.78701],[-68.22555,-23.80763],[-68.2414,-23.80947],[-68.25043,-23.79741],[-68.24547,-23.77323],[-68.25431,-23.76164],[-68.28021,-23.75496],[-68.28746,-23.73689],[-68.30368,-23.71227],[-68.3076,-23.69741],[-68.33041,-23.7006],[-68.34381,-23.71425],[-68.36249,-23.70895],[-68.38991,-23.7184],[-68.39906,-23.73179],[-68.37788,-23.75926],[-68.37741,-23.78833],[-68.37176,-23.80042],[-68.38252,-23.82044],[-68.38277,-23.8377],[-68.40505,-23.85929],[-68.39992,-23.90105],[-68.4025,-23.91317],[-68.42588,-23.91387],[-68.42381,-23.93596],[-68.41847,-23.95078],[-68.44245,-23.96691],[-68.43456,-23.98138],[-68.44102,-23.99446],[-68.44715,-24.02416],[-68.45567,-24.0363],[-68.46916,-24.0421],[-68.46383,-24.05601],[-68.46907,-24.06571],[-68.48321,-24.07394],[-68.48417,-24.08121],[-68.49997,-24.08883],[-68.494,-24.09789],[-68.50251,-24.11366],[-68.47609,-24.12326],[-68.47272,-24.13869],[-68.47662,-24.15385],[-68.46697,-24.17258],[-68.48432,-24.20776],[-68.49113,-24.23897],[-68.4987,-24.24596],[-68.49498,-24.26835],[-68.50287,-24.27746],[-68.52335,-24.27541],[-68.5296,-24.28391],[-68.54643,-24.28789],[-68.54776,-24.31554],[-68.53802,-24.32868],[-68.54146,-24.3428],[-68.53568,-24.35911],[-68.53688,-24.37784],[-68.52854,-24.37817],[-68.51638,-24.3918],[-68.51253,-24.40927],[-68.51573,-24.43395],[-68.50527,-24.45725],[-68.51007,-24.4688],[-68.49945,-24.5079],[-68.48929,-24.52642],[-68.48953,-24.53875],[-68.4979,-24.54836],[-68.49844,-24.57269],[-68.48732,-24.58639],[-68.49316,-24.59916],[-68.48501,-24.60231],[-68.4743,-24.62163],[-68.45519,-24.61931],[-68.45164,-24.60391],[-68.43885,-24.6053],[-68.43351,-24.58477],[-68.40232,-24.52671],[-68.4049,-24.5168],[-68.39548,-24.50695],[-68.38722,-24.48437],[-68.3726,-24.4928],[-68.35936,-24.48927],[-68.33525,-24.49324],[-68.31249,-24.49116],[-68.28665,-24.44666],[-68.26853,-24.43538],[-68.26289,-24.40369],[-68.06792,-24.32753],[-68.07892,-24.30614],[-68.08069,-24.27108],[-68.08615,-24.25374],[-68.09786,-24.24373],[-68.09762,-24.2275],[-68.08624,-24.22046],[-68.10672,-24.19618],[-68.10752,-24.18583],[-68.13614,-24.15293],[-68.16064,-24.13504],[-68.1793,-24.06333],[-68.17587,-24.02991],[-68.16649,-24.01918],[-68.16157,-23.9921],[-68.15002,-23.97934],[-68.14766,-23.95194],[-68.14265,-23.93989],[-68.15021,-23.89551],[-68.16007,-23.88722],[-68.16166,-23.86518],[-68.16642,-23.8592],[-68.16621,-23.83548],[-68.17211,-23.82082],[-68.1767,-23.78444],[-68.20479,-23.76304]]]},"properties":{"COD_SHAC":"SHAC-02-20-29","SHAC":"C2","REGION":"Antofagasta","NOM_ACUIF":"Salar de Atacama","COD_BNA_SH":"1125","COD_REG":"2"}},
{"type":"Feature","geometry":{"type":"Polygon","coordinates":[[[-70.96455,-33.62199],[-70.99467,-33.61256],[-71.01018,-33.62408],[-71.03077,-33.62705],[-71.03386,-33.64012],[-71.05861,-33.6371],[-71.0724,-33.65274],[-71.07038,-33.67144],[-71.11947,-33.67061],[-71.11962,-33.73718],[-71.09288,-33.74695],[-71.07765,-33.75635],[-71.0583,-33.75253],[-71.04086,-33.75514],[-71.01645,-33.77198],[-70.99847,-33.77691],[-70.98295,-33.77436],[-70.98057,-33.79847],[-70.96441,-33.79403],[-70.92223,-33.80142],[-70.91657,-33.81177],[-70.90437,-33.81454],[-70.8756,-33.84678],[-70.85645,-33.85839],[-70.84826,-33.87492],[-70.84339,-33.90243],[-70.84551,-33.9236],[-70.83285,-33.9516],[-70.80792,-33.94564],[-70.797,-33.93133],[-70.81157,-33.91009],[-70.82069,-33.88224],[-70.80901,-33.85986],[-70.80447,-33.84582],[-70.80844,-33.81874],[-70.82656,-33.74503],[-70.82173,-33.73909],[-70.82391,-33.72033],[-70.86503,-33.69411],[-70.91416,-33.66525],[-70.96455,-33.62199]]]},"properties":{"COD_SHAC":"SHAC-13-27-273","SHAC":"El Monte Nuevo","REGION":"Metropolitana de Santiago","NOM_ACUIF":"Rio Maipo","COD_BNA_SH":"0869","COD_REG":"13"}},
{"type":"Feature","geometry":{"type":"Polygon","coordinates":[[[-71.65488,-33.35075],[-71.64692,-33.35092],[-71.63492,-33.35117],[-71.63438,-33.33315],[-71.65116,-33.3328],[-71.65488,-33.35075]]]},"properties":{"COD_SHAC":"SHAC-05-25-203","SHAC":"Estero El Membrillo - ZP","REGION":"Valparaiso","NOM_ACUIF":"Cuencas Costeras V Sur","COD_BNA_SH":"0994","COD_REG":"5"}},
{"type":"Feature","geometry":{"type":"Polygon","coordinates":[[[-68.54776,-24.31554],[-68.57874,-24.32158],[-68.59709,-24.31028],[-68.59234,-24.29978],[-68.60248,-24.26727],[-68.62553,-24.249],[-68.63368,-24.22349],[-68.65295,-24.21107],[-68.65693,-24.19861],[-68.65448,-24.17667],[-68.65553,-24.1529],[-68.67347,-24.13175],[-68.68173,-24.10627],[-68.67421,-24.08603],[-68.68028,-24.05125],[-68.67507,-24.01139],[-68.67721,-23.99806],[-68.66949,-23.98023],[-68.68029,-23.96599],[-68.69909,-23.95674],[-68.69395,-23.93977],[-68.69788,-23.91696],[-68.71772,-23.92779],[-68.73808,-23.95347],[-68.74686,-23.96856],[-68.76013,-23.97038],[-68.77733,-23.98585],[-68.7884,-23.9866],[-68.81172,-24.01364],[-68.81937,-24.04225],[-68.8441,-24.06035],[-68.85561,-24.05967],[-68.85998,-24.07669],[-68.8806,-24.10389],[-68.88472,-24.12626],[-68.89172,-24.12851],[-68.90066,-24.14476],[-68.9121,-24.14718],[-68.91669,-24.16712],[-68.91573,-24.18164],[-68.90618,-24.188],[-68.90738,-24.21045],[-68.89175,-24.22082],[-68.89071,-24.25038],[-68.90527,-24.27072],[-68.9237,-24.2665],[-68.93416,-24.27603],[-68.94238,-24.296],[-68.95015,-24.30145],[-68.97031,-24.30186],[-68.97584,-24.33205],[-68.98187,-24.33632],[-69.00908,-24.33098],[-69.01598,-24.34612],[-69.02713,-24.35498],[-69.04004,-24.37059],[-69.02829,-24.37856],[-69.02127,-24.39531],[-69.03552,-24.4136],[-69.05397,-24.41922],[-69.0522,-24.43659],[-69.06384,-24.45321],[-69.06002,-24.46787],[-69.06978,-24.50535],[-69.08487,-24.52091],[-69.10592,-24.52724],[-69.10982,-24.5525],[-69.12786,-24.57446],[-69.14442,-24.58538],[-69.17266,-24.59632],[-69.17939,-24.61126],[-69.18174,-24.61427],[-69.18741,-24.62759],[-69.18673,-24.64555],[-69.18584,-24.64865],[-69.1757,-24.66901],[-69.1734,-24.68767],[-69.15518,-24.73054],[-69.14776,-24.77451],[-69.14041,-24.77937],[-69.14151,-24.79432],[-69.13627,-24.81547],[-69.13444,-24.84256],[-69.11374,-24.87627],[-69.12727,-24.89605],[-69.12006,-24.91856],[-69.12951,-24.93361],[-69.15075,-24.94276],[-69.1602,-24.95709],[-69.16748,-24.98633],[-69.16909,-25.0114],[-69.17933,-25.02804],[-69.18549,-25.04837],[-69.19669,-25.06882],[-69.21055,-25.08464],[-69.20836,-25.11071],[-69.229,-25.13008],[-69.24267,-25.15328],[-69.24659,-25.1783],[-69.22085,-25.19539],[-69.21779,-25.21196],[-69.22253,-25.23584],[-69.20546,-25.22859],[-69.19196,-25.24276],[-69.18969,-25.26226],[-69.17767,-25.28377],[-69.16469,-25.2922],[-69.12087,-25.30718],[-69.10224,-25.33671],[-69.06415,-25.33697],[-69.04198,-25.34203],[-69.0225,-25.35648],[-69.0109,-25.37653],[-69.0031,-25.37519],[-69.00282,-25.35775],[-69.02024,-25.33415],[-69.03568,-25.3231],[-69.04796,-25.30413],[-69.04509,-25.27378],[-69.05074,-25.26045],[-69.0641,-25.24892],[-69.06605,-25.23804],[-69.06054,-25.2203],[-69.05998,-25.19535],[-69.06329,-25.18239],[-69.07832,-25.17532],[-69.08959,-25.13418],[-69.08739,-25.11229],[-69.09318,-25.08589],[-69.07785,-25.08164],[-69.0537,-25.08467],[-69.03028,-25.06589],[-69.01611,-25.04602],[-69.01218,-25.02341],[-69.00455,-25.02042],[-68.98111,-24.99028],[-68.94699,-24.98072],[-68.89848,-24.93295],[-68.87584,-24.92212],[-68.85121,-24.89921],[-68.75869,-24.89017],[-68.74356,-24.89884],[-68.72112,-24.90258],[-68.68626,-24.9047],[-68.67298,-24.89534],[-68.65967,-24.87865],[-68.65158,-24.87705],[-68.63339,-24.86162],[-68.63227,-24.84825],[-68.62328,-24.81596],[-68.63287,-24.79315],[-68.63446,-24.77999],[-68.61986,-24.75947],[-68.59959,-24.76312],[-68.59644,-24.75346],[-68.56047,-24.74016],[-68.54391,-24.71756],[-68.53665,-24.71927],[-68.51861,-24.70767],[-68.51036,-24.6843],[-68.4968,-24.67649],[-68.49022,-24.66632],[-68.49266,-24.65536],[-68.48549,-24.64228],[-68.4951,-24.63475],[-68.50292,-24.61734],[-68.49316,-24.59916],[-68.48732,-24.58639],[-68.49844,-24.57269],[-68.4979,-24.54836],[-68.48953,-24.53875],[-68.48929,-24.52642],[-68.49945,-24.5079],[-68.51007,-24.4688],[-68.50527,-24.45725],[-68.51573,-24.43395],[-68.51253,-24.40927],[-68.51638,-24.3918],[-68.52854,-24.37817],[-68.53688,-24.37784],[-68.53568,-24.35911],[-68.54146,-24.3428],[-68.53802,-24.32868],[-68.54776,-24.31554]]]},"properties":{"COD_SHAC":"SHAC-02-03-12","SHAC":"Salar de Punta Negra e Imilac","REGION":"Antofagasta","NOM_ACUIF":"Endorreicas Salar de Atacama","COD_BNA_SH":"1000","COD_REG":"2"}},
{"type":"Feature","geometry":{"type":"Polygon","coordinates":[[[-68.53665,-24.71927],[-68.54391,-24.71756],[-68.56047,-24.74016],[-68.59644,-24.75346],[-68.59959,-24.76312],[-68.61986,-24.75947],[-68.63446,-24.77999],[-68.63287,-24.79315],[-68.62328,-24.81596],[-68.63227,-24.84825],[-68.63339,-24.86162],[-68.65158,-24.87705],[-68.65967,-24.87865],[-68.67298,-24.89534],[-68.66756,-24.92143],[-68.66083,-24.92331],[-68.65382,-24.9411],[-68.66886,-24.94318],[-68.6834,-24.95758],[-68.72624,-24.95525],[-68.7358,-24.9787],[-68.73216,-24.99702],[-68.71883,-25.01035],[-68.71551,-25.0256],[-68.71981,-25.03583],[-68.72191,-25.0643],[-68.70748,-25.08205],[-68.68448,-25.08539],[-68.66178,-25.0959],[-68.65948,-25.11001],[-68.64365,-25.11824],[-68.62072,-25.13779],[-68.60749,-25.13799],[-68.59134,-25.14586],[-68.572,-25.14277],[-68.56692,-25.15577],[-68.55377,-25.16778],[-68.54697,-25.16638],[-68.52599,-25.18312],[-68.50921,-25.20155],[-68.50898,-25.17078],[-68.48962,-25.16432],[-68.47297,-25.14983],[-68.46583,-25.12969],[-68.42572,-25.13001],[-68.4105,-25.14473],[-68.34437,-25.11137],[-68.35775,-25.0989],[-68.36713,-25.08179],[-68.36556,-25.06902],[-68.37913,-25.04115],[-68.4063,-25.03064],[-68.4165,-24.99403],[-68.40824,-24.9733],[-68.42907,-24.9565],[-68.43038,-24.92972],[-68.43904,-24.91842],[-68.43158,-24.90649],[-68.46899,-24.90096],[-68.48658,-24.89369],[-68.49083,-24.87705],[-68.51832,-24.87341],[-68.53101,-24.84795],[-68.53684,-24.81601],[-68.55816,-24.80353],[-68.56716,-24.79322],[-68.56091,-24.78389],[-68.56194,-24.76461],[-68.54568,-24.7496],[-68.54424,-24.7256],[-68.53665,-24.71927]]]},"properties":{"COD_SHAC":"SHAC-02-12-21","SHAC":"Salar de Aguas Calientes y Laguna La Azufrera","REGION":"Antofagasta","NOM_ACUIF":"Salar de Aguas Calientes y Laguna La Azufrera","COD_BNA_SH":"1117","COD_REG":"2"}},
{"type":"Feature","geometry":{"type":"Polygon","coordinates":[[[-72.27046,-36.2004],[-72.30241,-36.19356],[-72.35615,-36.21776],[-72.38017,-36.21384],[-72.40037,-36.19737],[-72.42243,-36.19358],[-72.44605,-36.19677],[-72.47131,-36.18663],[-72.47639,-36.18045],[-72.5055,-36.18813],[-72.49762,-36.20158],[-72.51095,-36.21993],[-72.49554,-36.23211],[-72.49195,-36.26237],[-72.47551,-36.28418],[-72.47679,-36.28949],[-72.46295,-36.29794],[-72.47123,-36.31648],[-72.45351,-36.34428],[-72.45701,-36.35447],[-72.4754,-36.34614],[-72.48885,-36.34569],[-72.51173,-36.3578],[-72.52068,-36.35474],[-72.52717,-36.334],[-72.5428,-36.32993],[-72.56083,-36.31789],[-72.5873,-36.30834],[-72.61673,-36.3126],[-72.62361,-36.30201],[-72.65703,-36.31802],[-72.67324,-36.33325],[-72.71157,-36.34778],[-72.7234,-36.34932],[-72.73427,-36.37271],[-72.75893,-36.37611],[-72.78189,-36.36766],[-72.82596,-36.36254],[-72.83827,-36.3648],[-72.85586,-36.35959],[-72.86936,-36.38305],[-72.873,-36.41455],[-72.8429,-36.39793],[-72.822,-36.40062],[-72.81191,-36.40855],[-72.82182,-36.41864],[-72.80431,-36.43979],[-72.77741,-36.44616],[-72.78207,-36.45502],[-72.79736,-36.46165],[-72.79643,-36.48241],[-72.80268,-36.48695],[-72.80289,-36.50828],[-72.82125,-36.51469],[-72.8278,-36.52695],[-72.82548,-36.54407],[-72.80666,-36.55028],[-72.79611,-36.57565],[-72.77131,-36.59626],[-72.7578,-36.59866],[-72.75472,-36.61321],[-72.74519,-36.61849],[-72.69654,-36.61467],[-72.6799,-36.61119],[-72.66396,-36.60132],[-72.64308,-36.59817],[-72.63377,-36.60599],[-72.64002,-36.61669],[-72.65509,-36.62691],[-72.65259,-36.65016],[-72.64322,-36.66261],[-72.62625,-36.66513],[-72.62571,-36.6826],[-72.60767,-36.6831],[-72.6009,-36.69538],[-72.5501,-36.69358],[-72.53033,-36.7081],[-72.51336,-36.69118],[-72.52718,-36.66656],[-72.50707,-36.65924],[-72.49948,-36.6505],[-72.48323,-36.65001],[-72.46801,-36.64355],[-72.45562,-36.6277],[-72.44612,-36.5926],[-72.44778,-36.5815],[-72.42634,-36.57774],[-72.42693,-36.55569],[-72.40209,-36.54906],[-72.38659,-36.5707],[-72.36902,-36.57938],[-72.35397,-36.55351],[-72.35412,-36.54303],[-72.33415,-36.53719],[-72.32336,-36.528],[-72.32162,-36.51133],[-72.30411,-36.50595],[-72.27828,-36.47673],[-72.23893,-36.45837],[-72.23401,-36.44667],[-72.22259,-36.44728],[-72.22564,-36.42004],[-72.21843,-36.40776],[-72.19666,-36.3983],[-72.18175,-36.37435],[-72.18066,-36.35125],[-72.2079,-36.33872],[-72.18256,-36.31675],[-72.17018,-36.30003],[-72.18791,-36.28795],[-72.19744,-36.28707],[-72.20895,-36.27463],[-72.22675,-36.26431],[-72.21771,-36.25275],[-72.19409,-36.23766],[-72.20861,-36.22345],[-72.22307,-36.22082],[-72.23954,-36.20539],[-72.27046,-36.2004]]]},"properties":{"COD_SHAC":"SHAC-16-04-375","SHAC":"Itata Inferior","REGION":"Nuble","NOM_ACUIF":"Rio Itata","COD_BNA_SH":"1102","COD_REG":"16"}},
{"type":"Feature","geometry":{"type":"Polygon","coordinates":[[[-71.40407,-36.84024],[-71.4308,-36.85273],[-71.44954,-36.865],[-71.48403,-36.87104],[-71.50304,-36.86436],[-71.54911,-36.87192],[-71.59508,-36.85334],[-71.61198,-36.86302],[-71.64766,-36.84125],[-71.67344,-36.84104],[-71.68122,-36.82667],[-71.73998,-36.8134],[-71.77791,-36.82985],[-71.81542,-36.834],[-71.83347,-36.81671],[-71.85752,-36.80304],[-71.91583,-36.78557],[-71.95341,-36.77264],[-71.98264,-36.74553],[-72.02627,-36.74147],[-72.05414,-36.72157],[-72.0693,-36.71629],[-72.1083,-36.71844],[-72.12502,-36.71563],[-72.15095,-36.6981],[-72.16982,-36.67983],[-72.21203,-36.67711],[-72.22232,-36.67315],[-72.24706,-36.67425],[-72.26436,-36.66561],[-72.28873,-36.66283],[-72.34419,-36.67],[-72.3465,-36.67599],[-72.36916,-36.68866],[-72.37522,-36.68408],[-72.40902,-36.67532],[-72.41034,-36.65858],[-72.42572,-36.65611],[-72.45098,-36.6452],[-72.46801,-36.64355],[-72.48323,-36.65001],[-72.49948,-36.6505],[-72.50707,-36.65924],[-72.52718,-36.66656],[-72.51336,-36.69118],[-72.53033,-36.7081],[-72.5501,-36.69358],[-72.6009,-36.69538],[-72.60767,-36.6831],[-72.62571,-36.6826],[-72.62625,-36.66513],[-72.64322,-36.66261],[-72.6791,-36.6692],[-72.69291,-36.68019],[-72.6951,-36.70361],[-72.67562,-36.70842],[-72.67127,-36.72567],[-72.68014,-36.73805],[-72.67542,-36.75254],[-72.66098,-36.75878],[-72.63512,-36.77651],[-72.62987,-36.79384],[-72.59645,-36.80716],[-72.59212,-36.81806],[-72.61426,-36.8239],[-72.62148,-36.83387],[-72.60961,-36.84924],[-72.63718,-36.85032],[-72.64345,-36.88135],[-72.60329,-36.89229],[-72.56964,-36.89331],[-72.55722,-36.88194],[-72.50709,-36.8798],[-72.4732,-36.8664],[-72.44026,-36.8723],[-72.42722,-36.88134],[-72.41112,-36.88221],[-72.40555,-36.89389],[-72.41268,-36.91255],[-72.40168,-36.93483],[-72.38527,-37.01861],[-72.38976,-37.02808],[-72.30183,-37.10296],[-72.24101,-37.11838],[-72.12791,-37.15005],[-72.05003,-37.17513],[-71.99353,-37.2225],[-71.96567,-37.25155],[-71.96476,-37.27735],[-71.94999,-37.29538],[-71.93872,-37.31688],[-71.91989,-37.32279],[-71.89339,-37.33718],[-71.87898,-37.32548],[-71.83608,-37.30645],[-71.81147,-37.29104],[-71.77924,-37.28837],[-71.78656,-37.27178],[-71.77306,-37.24661],[-71.75607,-37.24263],[-71.73287,-37.24676],[-71.70772,-37.24665],[-71.68766,-37.2404],[-71.6714,-37.24291],[-71.66071,-37.23],[-71.64598,-37.22819],[-71.63274,-37.23514],[-71.60429,-37.23997],[-71.56817,-37.23227],[-71.55351,-37.21711],[-71.561,-37.20969],[-71.55968,-37.196],[-71.53554,-37.18269],[-71.50837,-37.18212],[-71.51396,-37.14911],[-71.50505,-37.13375],[-71.48299,-37.11357],[-71.50515,-37.08711],[-71.51475,-37.08507],[-71.5149,-37.06606],[-71.53114,-37.06765],[-71.54415,-37.06197],[-71.54219,-37.04935],[-71.52219,-37.0488],[-71.49259,-37.03859],[-71.4925,-37.01459],[-71.4776,-37.0087],[-71.47411,-36.99349],[-71.49611,-36.99474],[-71.5064,-36.9803],[-71.4768,-36.97412],[-71.4708,-36.9677],[-71.45127,-36.96398],[-71.4373,-36.98137],[-71.41048,-36.96708],[-71.39172,-36.97251],[-71.37244,-36.96607],[-71.35904,-36.95369],[-71.34656,-36.92866],[-71.33127,-36.91897],[-71.34484,-36.91171],[-71.33921,-36.90014],[-71.35083,-36.89487],[-71.37467,-36.87218],[-71.40407,-36.84024]]]},"properties":{"COD_SHAC":"SHAC-16-05-376","SHAC":"Itata Superior","REGION":"Nuble","NOM_ACUIF":"Rio Itata","COD_BNA_SH":"1103","COD_REG":"16"}},
{"type":"Feature","geometry":{"type":"Polygon","coordinates":[[[-71.21835,-36.97509],[-71.21966,-36.96919],[-71.2447,-36.95549],[-71.2618,-36.93977],[-71.255,-36.93091],[-71.26048,-36.91483],[-71.27682,-36.90942],[-71.30028,-36.9226],[-71.33127,-36.91897],[-71.34656,-36.92866],[-71.35904,-36.95369],[-71.37244,-36.96607],[-71.39172,-36.97251],[-71.41048,-36.96708],[-71.4373,-36.98137],[-71.45127,-36.96398],[-71.4708,-36.9677],[-71.4768,-36.97412],[-71.5064,-36.9803],[-71.49611,-36.99474],[-71.47411,-36.99349],[-71.4776,-37.0087],[-71.4925,-37.01459],[-71.49259,-37.03859],[-71.52219,-37.0488],[-71.54219,-37.04935],[-71.54415,-37.06197],[-71.53114,-37.06765],[-71.5149,-37.06606],[-71.51475,-37.08507],[-71.50515,-37.08711],[-71.48299,-37.11357],[-71.50505,-37.13375],[-71.51396,-37.14911],[-71.50837,-37.18212],[-71.53554,-37.18269],[-71.55968,-37.196],[-71.561,-37.20969],[-71.55351,-37.21711],[-71.56817,-37.23227],[-71.60429,-37.23997],[-71.63274,-37.23514],[-71.64598,-37.22819],[-71.66071,-37.23],[-71.6714,-37.24291],[-71.68766,-37.2404],[-71.70772,-37.24665],[-71.73287,-37.24676],[-71.75607,-37.24263],[-71.77306,-37.24661],[-71.78656,-37.27178],[-71.77924,-37.28837],[-71.81147,-37.29104],[-71.83608,-37.30645],[-71.87898,-37.32548],[-71.89339,-37.33718],[-71.89946,-37.34212],[-71.89626,-37.35774],[-71.86586,-37.36665],[-71.84104,-37.36657],[-71.788,-37.37185],[-71.76027,-37.3821],[-71.74625,-37.39245],[-71.73118,-37.38883],[-71.7207,-37.40448],[-71.70159,-37.41703],[-71.68854,-37.43621],[-71.66953,-37.42145],[-71.65599,-37.4349],[-71.64263,-37.43277],[-71.63278,-37.44892],[-71.63766,-37.45681],[-71.61533,-37.48667],[-71.58881,-37.47994],[-71.5735,-37.48285],[-71.56712,-37.5007],[-71.55332,-37.50335],[-71.53459,-37.49974],[-71.527,-37.50707],[-71.50242,-37.49036],[-71.48835,-37.48658],[-71.48108,-37.47477],[-71.45639,-37.4708],[-71.44238,-37.46375],[-71.42133,-37.46123],[-71.40542,-37.47164],[-71.40673,-37.48159],[-71.3931,-37.50321],[-71.39427,-37.51324],[-71.36937,-37.53512],[-71.3611,-37.53787],[-71.35134,-37.55347],[-71.33165,-37.54902],[-71.31423,-37.56695],[-71.28261,-37.58524],[-71.2762,-37.6053],[-71.26647,-37.60903],[-71.25346,-37.64181],[-71.24492,-37.65024],[-71.22418,-37.65876],[-71.20077,-37.65557],[-71.19164,-37.62815],[-71.17103,-37.61592],[-71.15644,-37.61464],[-71.14039,-37.60167],[-71.12585,-37.58202],[-71.13174,-37.55115],[-71.14827,-37.5423],[-71.1329,-37.52629],[-71.11924,-37.48874],[-71.12097,-37.46078],[-71.14468,-37.43496],[-71.15607,-37.39839],[-71.18051,-37.39559],[-71.1935,-37.38526],[-71.2027,-37.36587],[-71.18785,-37.35652],[-71.20722,-37.33442],[-71.20739,-37.31573],[-71.21679,-37.30092],[-71.21663,-37.27335],[-71.19182,-37.27523],[-71.18507,-37.25758],[-71.15832,-37.2432],[-71.15311,-37.22646],[-71.12077,-37.21372],[-71.11496,-37.20356],[-71.12786,-37.18823],[-71.13778,-37.15854],[-71.13464,-37.14363],[-71.10783,-37.13253],[-71.09348,-37.12129],[-71.11164,-37.09486],[-71.12069,-37.09097],[-71.12123,-37.07439],[-71.14119,-37.06196],[-71.139,-37.04765],[-71.15249,-37.01619],[-71.17158,-36.99577],[-71.19823,-36.98656],[-71.21565,-36.98606],[-71.21835,-36.97509]]]},"properties":{"COD_SHAC":"SHAC-08-13-391","SHAC":"Laguna del Laja","REGION":"Biobio","NOM_ACUIF":"Rio Biobio","COD_BNA_SH":"0913","COD_REG":"8"}},
{"type":"Feature","geometry":{"type":"Polygon","coordinates":[[[-73.12418,-37.68942],[-73.15425,-37.67934],[-73.16142,-37.68084],[-73.19608,-37.65932],[-73.21197,-37.65915],[-73.24471,-37.64928],[-73.25657,-37.65637],[-73.27416,-37.65418],[-73.31159,-37.67254],[-73.32848,-37.6696],[-73.35729,-37.64904],[-73.36058,-37.63288],[-73.39503,-37.6052],[-73.41068,-37.60309],[-73.41659,-37.6105],[-73.43793,-37.61698],[-73.46315,-37.62963],[-73.4767,-37.6301],[-73.48549,-37.64922],[-73.51795,-37.66709],[-73.54662,-37.66985],[-73.55223,-37.65354],[-73.56968,-37.64599],[-73.59205,-37.65046],[-73.61594,-37.6492],[-73.64882,-37.63346],[-73.67619,-37.61015],[-73.68098,-37.62994],[-73.66756,-37.63648],[-73.66754,-37.65594],[-73.65421,-37.67886],[-73.65907,-37.68602],[-73.65139,-37.69992],[-73.65545,-37.72139],[-73.59431,-37.79753],[-73.54603,-37.86751],[-73.51754,-37.9178],[-73.48706,-37.97805],[-73.46826,-38.03057],[-73.45615,-38.08004],[-73.38654,-38.07752],[-73.35687,-38.06566],[-73.34554,-38.05074],[-73.29277,-38.04904],[-73.27307,-38.05559],[-73.25406,-38.05138],[-73.23172,-38.05885],[-73.20597,-38.05161],[-73.20357,-38.0348],[-73.19463,-38.01422],[-73.18149,-38.00245],[-73.18535,-37.98723],[-73.16589,-37.98578],[-73.15982,-37.97945],[-73.13928,-37.97756],[-73.12152,-37.96135],[-73.12157,-37.94891],[-73.11055,-37.92635],[-73.11059,-37.90825],[-73.1292,-37.89476],[-73.12734,-37.8777],[-73.08077,-37.86605],[-73.07354,-37.8556],[-73.04401,-37.84266],[-73.046,-37.83679],[-73.03271,-37.82087],[-73.02401,-37.80353],[-73.03992,-37.77268],[-73.01725,-37.75461],[-73.01628,-37.74597],[-73.0261,-37.71916],[-73.04038,-37.70975],[-73.07181,-37.70983],[-73.08385,-37.72141],[-73.10035,-37.7258],[-73.11229,-37.71263],[-73.11637,-37.69419],[-73.12418,-37.68942]]]},"properties":{"COD_SHAC":"SHAC-08-05-383","SHAC":"Lanalhue","REGION":"Biobio","NOM_ACUIF":"Costeras VIII Sur","COD_BNA_SH":"0950","COD_REG":"8"}},
{"type":"Feature","geometry":{"type":"Polygon","coordinates":[[[-73.43965,-37.42481],[-73.45316,-37.42541],[-73.4591,-37.41305],[-73.47467,-37.40032],[-73.48278,-37.40133],[-73.5011,-37.43041],[-73.52148,-37.45208],[-73.52628,-37.47503],[-73.53628,-37.49168],[-73.53325,-37.50936],[-73.53809,-37.52666],[-73.59011,-37.56944],[-73.59637,-37.58319],[-73.6222,-37.60425],[-73.64679,-37.58873],[-73.65549,-37.59562],[-73.67379,-37.59862],[-73.67619,-37.61015],[-73.64882,-37.63346],[-73.61594,-37.6492],[-73.59205,-37.65046],[-73.56968,-37.64599],[-73.55223,-37.65354],[-73.54662,-37.66985],[-73.51795,-37.66709],[-73.48549,-37.64922],[-73.4767,-37.6301],[-73.46315,-37.62963],[-73.43793,-37.61698],[-73.41659,-37.6105],[-73.41068,-37.60309],[-73.39503,-37.6052],[-73.36058,-37.63288],[-73.35729,-37.64904],[-73.32848,-37.6696],[-73.31159,-37.67254],[-73.27416,-37.65418],[-73.25657,-37.65637],[-73.24471,-37.64928],[-73.21197,-37.65915],[-73.19608,-37.65932],[-73.16142,-37.68084],[-73.15425,-37.67934],[-73.12418,-37.68942],[-73.11461,-37.687],[-73.12065,-37.67232],[-73.10423,-37.64618],[-73.1193,-37.6296],[-73.13748,-37.6247],[-73.14958,-37.60092],[-73.16451,-37.59275],[-73.17937,-37.59351],[-73.1939,-37.58375],[-73.19317,-37.54339],[-73.18468,-37.53473],[-73.18652,-37.51946],[-73.20055,-37.50539],[-73.20877,-37.47851],[-73.20609,-37.46859],[-73.21387,-37.4535],[-73.22741,-37.45308],[-73.25739,-37.44356],[-73.2736,-37.4501],[-73.29948,-37.44767],[-73.31453,-37.43339],[-73.32792,-37.41148],[-73.34734,-37.40852],[-73.35462,-37.42235],[-73.38447,-37.43162],[-73.40614,-37.42688],[-73.43965,-37.42481]]]},"properties":{"COD_SHAC":"SHAC-08-06-384","SHAC":"Lebu","REGION":"Biobio","NOM_ACUIF":"Costeras VIII Sur","COD_BNA_SH":"0951","COD_REG":"8"}},
{"type":"Feature","geometry":{"type":"Polygon","coordinates":[[[-73.20597,-38.05161],[-73.23172,-38.05885],[-73.25406,-38.05138],[-73.27307,-38.05559],[-73.29277,-38.04904],[-73.34554,-38.05074],[-73.35687,-38.06566],[-73.38654,-38.07752],[-73.45615,-38.08004],[-73.4513,-38.11811],[-73.45323,-38.14935],[-73.46104,-38.20741],[-73.47312,-38.2374],[-73.51017,-38.25525],[-73.51478,-38.27039],[-73.51313,-38.28571],[-73.49842,-38.31696],[-73.49803,-38.33868],[-73.50947,-38.34701],[-73.50686,-38.36631],[-73.52942,-38.38679],[-73.52362,-38.4224],[-73.52475,-38.44802],[-73.51394,-38.44105],[-73.47911,-38.44405],[-73.4797,-38.46419],[-73.46115,-38.47036],[-73.4608,-38.48617],[-73.45377,-38.50504],[-73.432,-38.50387],[-73.42292,-38.5144],[-73.40112,-38.51932],[-73.38743,-38.50265],[-73.37583,-38.49883],[-73.36205,-38.50699],[-73.35849,-38.51821],[-73.34131,-38.51934],[-73.29996,-38.51427],[-73.28301,-38.51896],[-73.28277,-38.5067],[-73.27121,-38.49443],[-73.27691,-38.48423],[-73.27465,-38.46789],[-73.28438,-38.46349],[-73.28766,-38.45037],[-73.27364,-38.44021],[-73.28627,-38.42518],[-73.3002,-38.42228],[-73.3029,-38.38998],[-73.31048,-38.37436],[-73.33947,-38.36745],[-73.33864,-38.3514],[-73.31713,-38.3397],[-73.30616,-38.3206],[-73.28978,-38.30971],[-73.2651,-38.2846],[-73.24156,-38.27524],[-73.22497,-38.27275],[-73.21593,-38.25308],[-73.2006,-38.24619],[-73.19692,-38.2316],[-73.18356,-38.22952],[-73.13759,-38.21388],[-73.12966,-38.18386],[-73.09049,-38.18864],[-73.08217,-38.17838],[-73.07738,-38.16717],[-73.08934,-38.14805],[-73.07892,-38.13847],[-73.07297,-38.12219],[-73.08084,-38.09556],[-73.09826,-38.09524],[-73.12403,-38.07721],[-73.15097,-38.07713],[-73.15975,-38.0663],[-73.18137,-38.06317],[-73.20597,-38.05161]]]},"properties":{"COD_SHAC":"SHAC-08-07-385","SHAC":"Lleulleu","REGION":"Biobio","NOM_ACUIF":"Costeras VIII Sur","COD_BNA_SH":"0952","COD_REG":"8"}},
{"type":"Feature","geometry":{"type":"Polygon","coordinates":[[[-71.11324,-36.3613],[-71.13984,-36.37675],[-71.15437,-36.40397],[-71.18085,-36.40379],[-71.19716,-36.41874],[-71.19613,-36.43589],[-71.20764,-36.44858],[-71.22236,-36.45198],[-71.23296,-36.46537],[-71.23926,-36.48936],[-71.23535,-36.50883],[-71.25691,-36.52673],[-71.27491,-36.5663],[-71.29866,-36.56729],[-71.32912,-36.57997],[-71.34667,-36.57211],[-71.37357,-36.57258],[-71.38943,-36.55712],[-71.40009,-36.53114],[-71.41952,-36.53347],[-71.4399,-36.54909],[-71.46922,-36.5272],[-71.46789,-36.51661],[-71.48665,-36.47971],[-71.48109,-36.46931],[-71.49149,-36.46254],[-71.50638,-36.47686],[-71.52118,-36.46959],[-71.53437,-36.47061],[-71.58057,-36.49071],[-71.60008,-36.49136],[-71.61075,-36.50151],[-71.62337,-36.52717],[-71.6248,-36.55736],[-71.61115,-36.57686],[-71.62548,-36.58429],[-71.62081,-36.60792],[-71.59317,-36.59392],[-71.5591,-36.59782],[-71.51899,-36.61307],[-71.51021,-36.63081],[-71.51677,-36.64506],[-71.50824,-36.66211],[-71.48932,-36.66864],[-71.48815,-36.68305],[-71.46915,-36.68477],[-71.47333,-36.72074],[-71.44288,-36.72309],[-71.43685,-36.73174],[-71.45622,-36.74239],[-71.46169,-36.75829],[-71.44115,-36.78422],[-71.43526,-36.812],[-71.40607,-36.83151],[-71.40407,-36.84024],[-71.37467,-36.87218],[-71.35083,-36.89487],[-71.33921,-36.90014],[-71.34484,-36.91171],[-71.33127,-36.91897],[-71.30028,-36.9226],[-71.27682,-36.90942],[-71.26048,-36.91483],[-71.255,-36.93091],[-71.2618,-36.93977],[-71.2447,-36.95549],[-71.21966,-36.96919],[-71.21835,-36.97509],[-71.20606,-36.97574],[-71.18222,-36.96892],[-71.16739,-36.97691],[-71.14108,-36.98007],[-71.12147,-36.96968],[-71.10253,-36.96703],[-71.08634,-36.93235],[-71.09331,-36.92573],[-71.13364,-36.93097],[-71.14039,-36.92695],[-71.15236,-36.90297],[-71.13598,-36.89154],[-71.12136,-36.8688],[-71.12408,-36.85933],[-71.1404,-36.85354],[-71.16118,-36.85895],[-71.17469,-36.83982],[-71.16538,-36.82078],[-71.15155,-36.82613],[-71.13301,-36.8131],[-71.12653,-36.76449],[-71.1167,-36.75171],[-71.11753,-36.73825],[-71.11052,-36.72943],[-71.11631,-36.70144],[-71.11278,-36.679],[-71.0909,-36.6783],[-71.07997,-36.68471],[-71.07559,-36.70457],[-71.06211,-36.71433],[-71.04917,-36.70687],[-71.00951,-36.69491],[-71.00635,-36.68686],[-71.01178,-36.66572],[-71.03773,-36.64988],[-71.04191,-36.632],[-71.05557,-36.61777],[-71.04901,-36.60992],[-71.04489,-36.59041],[-71.0529,-36.56716],[-71.04095,-36.54875],[-71.0504,-36.52198],[-71.03513,-36.51032],[-71.03563,-36.47427],[-71.05973,-36.46261],[-71.06877,-36.45153],[-71.05845,-36.42247],[-71.06468,-36.40977],[-71.05963,-36.38732],[-71.08336,-36.36815],[-71.09981,-36.36962],[-71.11324,-36.3613]]]},"properties":{"COD_SHAC":"SHAC-16-07-378","SHAC":"Nuble Alto","REGION":"Nuble","NOM_ACUIF":"Rio Itata","COD_BNA_SH":"1105","COD_REG":"16"}},
{"type":"Feature","geometry":{"type":"Polygon","coordinates":[[[-72.64322,-36.66261],[-72.65259,-36.65016],[-72.65509,-36.62691],[-72.64002,-36.61669],[-72.63377,-36.60599],[-72.64308,-36.59817],[-72.66396,-36.60132],[-72.6799,-36.61119],[-72.69654,-36.61467],[-72.74519,-36.61849],[-72.75472,-36.61321],[-72.7578,-36.59866],[-72.77131,-36.59626],[-72.79611,-36.57565],[-72.80666,-36.55028],[-72.82548,-36.54407],[-72.8278,-36.52695],[-72.82125,-36.51469],[-72.80289,-36.50828],[-72.80268,-36.48695],[-72.79643,-36.48241],[-72.79736,-36.46165],[-72.78207,-36.45502],[-72.77741,-36.44616],[-72.80431,-36.43979],[-72.82182,-36.41864],[-72.81191,-36.40855],[-72.822,-36.40062],[-72.8429,-36.39793],[-72.873,-36.41455],[-72.87302,-36.42791],[-72.88201,-36.44178],[-72.89605,-36.44582],[-72.90524,-36.46902],[-72.90931,-36.50363],[-72.92366,-36.51132],[-72.93771,-36.53171],[-72.93374,-36.54403],[-72.95448,-36.55015],[-72.96068,-36.52256],[-72.97915,-36.53329],[-72.97978,-36.56134],[-72.9921,-36.57288],[-72.97703,-36.59715],[-72.97905,-36.60731],[-72.95839,-36.6201],[-72.95702,-36.63299],[-72.9645,-36.6484],[-72.98429,-36.67056],[-72.9734,-36.69618],[-72.97784,-36.71034],[-72.99158,-36.73014],[-72.97342,-36.74069],[-72.93858,-36.73843],[-72.93191,-36.75105],[-72.92112,-36.75083],[-72.90017,-36.73961],[-72.87844,-36.73865],[-72.8763,-36.747],[-72.86085,-36.74914],[-72.84528,-36.73893],[-72.84726,-36.72816],[-72.82101,-36.70014],[-72.79295,-36.69796],[-72.77441,-36.70128],[-72.76053,-36.71332],[-72.74292,-36.70991],[-72.73768,-36.70264],[-72.71125,-36.69806],[-72.6951,-36.70361],[-72.69291,-36.68019],[-72.6791,-36.6692],[-72.64322,-36.66261]]]},"properties":{"COD_SHAC":"SHAC-08-03-381","SHAC":"Pingueral","REGION":"Biobio","NOM_ACUIF":"Costeras VIII Norte","COD_BNA_SH":"0934","COD_REG":"8"}},
{"type":"Feature","geometry":{"type":"Polygon","coordinates":[[[-73.40911,-37.24161],[-73.4361,-37.23523],[-73.43559,-37.22491],[-73.45802,-37.20443],[-73.48532,-37.20722],[-73.49162,-37.20357],[-73.52729,-37.2082],[-73.56711,-37.19088],[-73.56276,-37.16966],[-73.58174,-37.1477],[-73.60926,-37.16368],[-73.62869,-37.18972],[-73.64432,-37.19685],[-73.64173,-37.21202],[-73.64984,-37.21693],[-73.66486,-37.26222],[-73.65679,-37.27101],[-73.66749,-37.28386],[-73.65541,-37.29546],[-73.67957,-37.33413],[-73.66976,-37.34002],[-73.67759,-37.35634],[-73.66574,-37.35888],[-73.63708,-37.37311],[-73.62512,-37.38466],[-73.61073,-37.40638],[-73.6085,-37.4204],[-73.59115,-37.46037],[-73.59703,-37.47171],[-73.58978,-37.50345],[-73.60237,-37.53584],[-73.61693,-37.53897],[-73.64743,-37.56793],[-73.64096,-37.57821],[-73.64679,-37.58873],[-73.6222,-37.60425],[-73.59637,-37.58319],[-73.59011,-37.56944],[-73.53809,-37.52666],[-73.53325,-37.50936],[-73.53628,-37.49168],[-73.52628,-37.47503],[-73.52148,-37.45208],[-73.5011,-37.43041],[-73.48278,-37.40133],[-73.47467,-37.40032],[-73.4591,-37.41305],[-73.45316,-37.42541],[-73.43965,-37.42481],[-73.40483,-37.36721],[-73.40967,-37.35339],[-73.39486,-37.32781],[-73.41272,-37.31337],[-73.43633,-37.30687],[-73.45325,-37.2886],[-73.4356,-37.28008],[-73.40911,-37.24161]]]},"properties":{"COD_SHAC":"SHAC-08-09-387","SHAC":"Quiapo","REGION":"Biobio","NOM_ACUIF":"Costeras VIII Sur","COD_BNA_SH":"0954","COD_REG":"8"}},
{"type":"Feature","geometry":{"type":"Polygon","coordinates":[[[-72.6951,-36.70361],[-72.71125,-36.69806],[-72.73768,-36.70264],[-72.74292,-36.70991],[-72.76053,-36.71332],[-72.77441,-36.70128],[-72.79295,-36.69796],[-72.82101,-36.70014],[-72.84726,-36.72816],[-72.84528,-36.73893],[-72.86085,-36.74914],[-72.8763,-36.747],[-72.87844,-36.73865],[-72.90017,-36.73961],[-72.92112,-36.75083],[-72.93191,-36.75105],[-72.93858,-36.73843],[-72.97342,-36.74069],[-72.99158,-36.73014],[-72.99716,-36.73589],[-73.03023,-36.73781],[-73.05919,-36.73375],[-73.05845,-36.74736],[-73.04496,-36.77579],[-73.04896,-36.78501],[-73.03077,-36.81659],[-73.02469,-36.84012],[-73.02714,-36.85132],[-73.01606,-36.89747],[-73.00112,-36.91391],[-72.97954,-36.92029],[-72.97726,-36.93549],[-72.96046,-36.92651],[-72.94161,-36.8975],[-72.92746,-36.89108],[-72.89843,-36.91002],[-72.89658,-36.9172],[-72.85922,-36.95462],[-72.85462,-36.9414],[-72.8355,-36.94172],[-72.83477,-36.93297],[-72.78959,-36.92456],[-72.77895,-36.93426],[-72.75287,-36.93533],[-72.72239,-36.94368],[-72.67565,-36.93976],[-72.67109,-36.94959],[-72.64704,-36.95247],[-72.64489,-36.9334],[-72.65729,-36.90931],[-72.64345,-36.88135],[-72.63718,-36.85032],[-72.60961,-36.84924],[-72.62148,-36.83387],[-72.61426,-36.8239],[-72.59212,-36.81806],[-72.59645,-36.80716],[-72.62987,-36.79384],[-72.63512,-36.77651],[-72.66098,-36.75878],[-72.67542,-36.75254],[-72.68014,-36.73805],[-72.67127,-36.72567],[-72.67562,-36.70842],[-72.6951,-36.70361]]]},"properties":{"COD_SHAC":"SHAC-08-04-382","SHAC":"Rio Andalien","REGION":"Biobio","NOM_ACUIF":"Costeras VIII Norte","COD_BNA_SH":"0936","COD_REG":"8"}},
{"type":"Feature","geometry":{"type":"Polygon","coordinates":[[[-71.9115,-35.42385],[-71.9318,-35.41528],[-71.92982,-35.40115],[-71.9354,-35.38293],[-71.94379,-35.38053],[-71.95691,-35.39892],[-71.97378,-35.39985],[-71.97818,-35.38452],[-71.99854,-35.37559],[-72.01295,-35.37983],[-72.03343,-35.37893],[-72.057,-35.37183],[-72.06246,-35.38011],[-72.08205,-35.37272],[-72.10402,-35.37895],[-72.11441,-35.36945],[-72.13376,-35.36072],[-72.1489,-35.33989],[-72.19236,-35.35038],[-72.20626,-35.33996],[-72.20303,-35.32177],[-72.2097,-35.30843],[-72.23651,-35.29705],[-72.25461,-35.30344],[-72.27023,-35.30093],[-72.30319,-35.30838],[-72.33177,-35.30804],[-72.34405,-35.30289],[-72.35826,-35.28573],[-72.37136,-35.28551],[-72.40517,-35.29604],[-72.40756,-35.31443],[-72.43458,-35.32967],[-72.44478,-35.35173],[-72.43046,-35.37891],[-72.39905,-35.37104],[-72.3778,-35.39161],[-72.36122,-35.39823],[-72.35992,-35.41145],[-72.33031,-35.42466],[-72.31371,-35.427],[-72.29544,-35.42368],[-72.28249,-35.42972],[-72.28317,-35.43898],[-72.26518,-35.44237],[-72.24144,-35.42969],[-72.21004,-35.43301],[-72.1677,-35.44485],[-72.16331,-35.47056],[-72.17006,-35.47752],[-72.15286,-35.48557],[-72.15729,-35.50528],[-72.14726,-35.51213],[-72.11819,-35.52056],[-72.10065,-35.51135],[-72.08129,-35.50929],[-72.03946,-35.51986],[-72.01917,-35.50743],[-72.01153,-35.52488],[-71.99514,-35.53141],[-71.97042,-35.54693],[-71.96939,-35.56754],[-71.95802,-35.58722],[-71.96112,-35.60754],[-71.95408,-35.62921],[-71.93164,-35.64376],[-71.9179,-35.64465],[-71.90861,-35.66717],[-71.91821,-35.67628],[-71.91754,-35.68872],[-71.87906,-35.67094],[-71.87793,-35.68791],[-71.8163,-35.68257],[-71.80016,-35.70008],[-71.7854,-35.70167],[-71.77937,-35.66878],[-71.78341,-35.65827],[-71.77579,-35.64203],[-71.77962,-35.62259],[-71.76689,-35.6003],[-71.77703,-35.57835],[-71.75541,-35.56899],[-71.7277,-35.55308],[-71.71761,-35.55409],[-71.70451,-35.53712],[-71.70494,-35.5243],[-71.73445,-35.5209],[-71.74734,-35.5153],[-71.7533,-35.49665],[-71.77593,-35.49098],[-71.79842,-35.48967],[-71.84076,-35.46892],[-71.88114,-35.46377],[-71.89111,-35.46718],[-71.89573,-35.45138],[-71.90815,-35.43759],[-71.9115,-35.42385]]]},"properties":{"COD_SHAC":"SHAC-07-11-368","SHAC":"Maule Bajo","REGION":"Maule","NOM_ACUIF":"Rio Maule","COD_BNA_SH":"0676","COD_REG":"7"}},
{"type":"Feature","geometry":{"type":"Polygon","coordinates":[[[-71.63017,-34.86104],[-71.66138,-34.85575],[-71.67368,-34.87688],[-71.6683,-34.89246],[-71.67028,-34.90696],[-71.68318,-34.92171],[-71.70505,-34.92008],[-71.71972,-34.91397],[-71.71067,-34.92711],[-71.68576,-34.94424],[-71.67536,-34.94116],[-71.66097,-34.951],[-71.65416,-34.9681],[-71.64346,-34.98018],[-71.63139,-34.97775],[-71.61905,-34.99644],[-71.61126,-34.9951],[-71.59943,-35.00998],[-71.57969,-35.02156],[-71.56639,-35.00801],[-71.53556,-34.99641],[-71.5001,-34.99909],[-71.48306,-34.9963],[-71.46229,-34.98344],[-71.46143,-34.97387],[-71.44168,-34.9589],[-71.42656,-34.95273],[-71.41804,-34.93065],[-71.40496,-34.9235],[-71.39702,-34.9038],[-71.39902,-34.89393],[-71.4224,-34.90194],[-71.42196,-34.88369],[-71.43998,-34.88028],[-71.46643,-34.9041],[-71.48236,-34.89202],[-71.4948,-34.89234],[-71.51455,-34.87579],[-71.5584,-34.87264],[-71.57026,-34.87748],[-71.57834,-34.86663],[-71.59838,-34.88255],[-71.61043,-34.88117],[-71.61332,-34.86696],[-71.63017,-34.86104]]]},"properties":{"COD_SHAC":"SHAC-07-15-360","SHAC":"Nilahue  Alto","REGION":"Maule","NOM_ACUIF":"Estero Nilahue","COD_BNA_SH":"1001","COD_REG":"7"}},
{"type":"Feature","geometry":{"type":"Polygon","coordinates":[[[-72.39163,-35.7187],[-72.4002,-35.71467],[-72.41962,-35.71968],[-72.45381,-35.7105],[-72.47028,-35.7227],[-72.4881,-35.74445],[-72.5004,-35.74753],[-72.52115,-35.7611],[-72.56264,-35.76979],[-72.56713,-35.7965],[-72.5758,-35.81144],[-72.6138,-35.82569],[-72.63433,-35.84299],[-72.64946,-35.84618],[-72.66323,-35.87122],[-72.6844,-35.88494],[-72.69026,-35.90991],[-72.70722,-35.92547],[-72.73693,-35.93966],[-72.74898,-35.95221],[-72.77271,-35.96285],[-72.78512,-35.97584],[-72.77596,-36.00987],[-72.75861,-36.01015],[-72.72738,-36.02159],[-72.70764,-36.04231],[-72.68752,-36.04557],[-72.67572,-36.03747],[-72.67419,-36.0261],[-72.65575,-36.02891],[-72.65508,-36.04962],[-72.62841,-36.05508],[-72.60148,-36.06995],[-72.59683,-36.09197],[-72.58596,-36.09351],[-72.545,-36.07227],[-72.52565,-36.05597],[-72.5182,-36.03429],[-72.5098,-36.02567],[-72.52392,-36.00459],[-72.56037,-35.99121],[-72.56741,-35.96765],[-72.55382,-35.96196],[-72.52249,-35.94001],[-72.52025,-35.92435],[-72.51136,-35.92037],[-72.48538,-35.91958],[-72.48262,-35.93003],[-72.4613,-35.9437],[-72.43006,-35.90453],[-72.44326,-35.89658],[-72.4528,-35.87191],[-72.46312,-35.87082],[-72.4694,-35.85147],[-72.44953,-35.84511],[-72.4445,-35.83452],[-72.42758,-35.83335],[-72.42047,-35.82505],[-72.4053,-35.82148],[-72.39728,-35.78892],[-72.38928,-35.77596],[-72.4149,-35.75339],[-72.42103,-35.73888],[-72.40272,-35.73396],[-72.39163,-35.7187]]]},"properties":{"COD_SHAC":"SHAC-07-02-357","SHAC":"Pelluhue","REGION":"Maule","NOM_ACUIF":"Costeras Maule","COD_BNA_SH":"0097","COD_REG":"7"}},
{"type":"Feature","geometry":{"type":"Polygon","coordinates":[[[-72.18638,-35.03718],[-72.18809,-35.06322],[-72.20145,-35.10469],[-72.22,-35.12619],[-72.28316,-35.15588],[-72.31855,-35.17543],[-72.35845,-35.20118],[-72.38236,-35.22209],[-72.39512,-35.23784],[-72.40419,-35.25773],[-72.40517,-35.29604],[-72.37136,-35.28551],[-72.35826,-35.28573],[-72.34405,-35.30289],[-72.33177,-35.30804],[-72.30319,-35.30838],[-72.27023,-35.30093],[-72.25461,-35.30344],[-72.23651,-35.29705],[-72.2097,-35.30843],[-72.20303,-35.32177],[-72.20626,-35.33996],[-72.19236,-35.35038],[-72.1489,-35.33989],[-72.13376,-35.36072],[-72.11441,-35.36945],[-72.10402,-35.37895],[-72.08205,-35.37272],[-72.06246,-35.38011],[-72.057,-35.37183],[-72.03343,-35.37893],[-72.01295,-35.37983],[-71.99854,-35.37559],[-71.97818,-35.38452],[-71.97378,-35.39985],[-71.95691,-35.39892],[-71.94379,-35.38053],[-71.9354,-35.38293],[-71.92982,-35.40115],[-71.9318,-35.41528],[-71.9115,-35.42385],[-71.89474,-35.40169],[-71.88272,-35.39542],[-71.87181,-35.38134],[-71.87214,-35.3698],[-71.86364,-35.35604],[-71.86321,-35.33855],[-71.85022,-35.32521],[-71.85199,-35.31023],[-71.86007,-35.29382],[-71.8685,-35.29294],[-71.87799,-35.26216],[-71.89761,-35.25777],[-71.89539,-35.24712],[-71.88366,-35.24294],[-71.87272,-35.22945],[-71.87824,-35.21499],[-71.88679,-35.19454],[-71.90078,-35.18744],[-71.90081,-35.1874],[-71.90962,-35.17742],[-71.92071,-35.18191],[-71.93733,-35.19727],[-71.95542,-35.17896],[-71.9767,-35.16296],[-71.99193,-35.14637],[-72.00695,-35.15442],[-72.03046,-35.15063],[-72.06527,-35.15397],[-72.07151,-35.13906],[-72.08251,-35.09646],[-72.07449,-35.06689],[-72.10074,-35.06293],[-72.12303,-35.08058],[-72.14801,-35.08104],[-72.16085,-35.0644],[-72.16279,-35.05418],[-72.18638,-35.03718]]]},"properties":{"COD_SHAC":"SHAC-07-16-358","SHAC":"Playa Junquillar","REGION":"Maule","NOM_ACUIF":"Costeras Maule","COD_BNA_SH":"0927","COD_REG":"7"}},
{"type":"Feature","geometry":{"type":"Polygon","coordinates":[[[-72.03091,-34.73923],[-72.05573,-34.71142],[-72.06849,-34.70663],[-72.07365,-34.73968],[-72.09219,-34.75599],[-72.1059,-34.77747],[-72.12345,-34.79416],[-72.14463,-34.8225],[-72.14559,-34.85204],[-72.15039,-34.86733],[-72.16109,-34.88158],[-72.18024,-34.894],[-72.1831,-34.93669],[-72.18736,-34.95153],[-72.17756,-34.96192],[-72.15707,-34.97107],[-72.1219,-34.97155],[-72.11284,-34.9612],[-72.09246,-34.9656],[-72.07969,-34.95565],[-72.06279,-34.95528],[-72.0583,-34.97304],[-72.04212,-34.97007],[-72.03324,-34.95817],[-72.00652,-34.95687],[-71.99219,-34.96319],[-71.96373,-34.96543],[-71.95365,-34.95743],[-71.93727,-34.95475],[-71.93405,-34.94604],[-71.91198,-34.94731],[-71.90522,-34.93769],[-71.88689,-34.93677],[-71.86559,-34.94275],[-71.8113,-34.93658],[-71.76576,-34.93732],[-71.76148,-34.92554],[-71.74914,-34.92724],[-71.72617,-34.9138],[-71.73213,-34.90048],[-71.75108,-34.88677],[-71.77311,-34.85984],[-71.77445,-34.84656],[-71.79557,-34.82523],[-71.81349,-34.83945],[-71.84096,-34.83699],[-71.84585,-34.82563],[-71.86411,-34.81767],[-71.91512,-34.81469],[-71.93123,-34.80319],[-71.94437,-34.81057],[-71.95829,-34.80613],[-71.97571,-34.82523],[-71.99664,-34.828],[-72.00968,-34.83579],[-72.02049,-34.81345],[-72.03527,-34.80188],[-72.0341,-34.78959],[-72.01555,-34.77846],[-72.01186,-34.76603],[-72.03091,-34.73923]]]},"properties":{"COD_SHAC":"SHAC-07-03-359","SHAC":"Vichuquen","REGION":"Maule","NOM_ACUIF":"Costeras Maule","COD_BNA_SH":"0524","COD_REG":"7"}},
{"type":"Feature","geometry":{"type":"Polygon","coordinates":[[[-73.44999,-40.1668],[-73.43682,-40.15037],[-73.39229,-40.1382],[-73.36943,-40.11915],[-73.33267,-40.11012],[-73.30275,-40.09554],[-73.30036,-40.07319],[-73.30613,-40.04875],[-73.3268,-40.05181],[-73.3578,-40.0481],[-73.39315,-40.01164],[-73.41719,-40.00774],[-73.42898,-39.99196],[-73.45671,-39.96851],[-73.46167,-39.95189],[-73.45672,-39.9249],[-73.44873,-39.91139],[-73.47532,-39.90326],[-73.50304,-39.90259],[-73.51586,-39.91478],[-73.53096,-39.91713],[-73.54795,-39.92706],[-73.57235,-39.92759],[-73.59427,-39.93286],[-73.58449,-39.94351],[-73.59334,-39.95647],[-73.61306,-39.95842],[-73.65253,-39.95591],[-73.67547,-39.96789],[-73.67426,-39.9799],[-73.68221,-39.99195],[-73.70708,-40.00531],[-73.68872,-40.01544],[-73.67344,-40.03625],[-73.65564,-40.07604],[-73.65305,-40.08733],[-73.6642,-40.09516],[-73.65503,-40.12909],[-73.65749,-40.15244],[-73.66782,-40.16172],[-73.67942,-40.15925],[-73.68472,-40.17725],[-73.6951,-40.19192],[-73.70879,-40.19996],[-73.72397,-40.19828],[-73.71601,-40.22334],[-73.71043,-40.22326],[-73.68927,-40.2215],[-73.68425,-40.21079],[-73.66534,-40.20622],[-73.6438,-40.18576],[-73.59994,-40.17394],[-73.57189,-40.17082],[-73.54533,-40.1724],[-73.50395,-40.15967],[-73.49116,-40.17268],[-73.48142,-40.16864],[-73.44999,-40.1668]]]},"properties":{"COD_SHAC":"SHAC-14-01-406","SHAC":"Colun","REGION":"Los Rios","NOM_ACUIF":"Costeras Oriente X","COD_BNA_SH":"0930","COD_REG":"14"}},
{"type":"Feature","geometry":{"type":"Polygon","coordinates":[[[-73.16783,-39.51869],[-73.19415,-39.50979],[-73.20897,-39.48844],[-73.23413,-39.47956],[-73.24019,-39.466],[-73.22831,-39.45655],[-73.23305,-39.44406],[-73.24011,-39.45499],[-73.25679,-39.46561],[-73.2459,-39.48934],[-73.25468,-39.50549],[-73.25026,-39.52152],[-73.25547,-39.54012],[-73.2756,-39.54901],[-73.28454,-39.56113],[-73.27997,-39.57901],[-73.28327,-39.58812],[-73.30642,-39.60185],[-73.33506,-39.64781],[-73.36083,-39.6556],[-73.35103,-39.66771],[-73.38294,-39.69357],[-73.40223,-39.69089],[-73.4051,-39.70861],[-73.39286,-39.74538],[-73.39053,-39.79077],[-73.40058,-39.80076],[-73.40852,-39.82114],[-73.4028,-39.83718],[-73.3921,-39.8487],[-73.37424,-39.83386],[-73.38725,-39.81163],[-73.3658,-39.78701],[-73.36954,-39.77251],[-73.34267,-39.74985],[-73.35453,-39.73704],[-73.34401,-39.69925],[-73.32238,-39.69841],[-73.30988,-39.68658],[-73.30904,-39.67322],[-73.29796,-39.65732],[-73.26687,-39.62176],[-73.26534,-39.60666],[-73.24695,-39.60201],[-73.23748,-39.58959],[-73.21705,-39.58147],[-73.20526,-39.56086],[-73.17414,-39.53858],[-73.16783,-39.51869]]]},"properties":{"COD_SHAC":"SHAC-14-02-407","SHAC":"Loncoyen","REGION":"Los Rios","NOM_ACUIF":"Costeras XIV","COD_BNA_SH":"0955","COD_REG":"14"}},
{"type":"Feature","geometry":{"type":"Polygon","coordinates":[[[-72.84519,-39.33567],[-72.83434,-39.31525],[-72.84894,-39.29187],[-72.86592,-39.28782],[-72.90399,-39.28929],[-72.91589,-39.30043],[-72.94531,-39.31746],[-72.95786,-39.31719],[-72.97668,-39.30147],[-73.00886,-39.29341],[-73.02108,-39.29786],[-73.0306,-39.31293],[-73.03289,-39.33452],[-73.04703,-39.33773],[-73.09359,-39.39381],[-73.12919,-39.39293],[-73.14847,-39.41201],[-73.17209,-39.41665],[-73.17919,-39.41132],[-73.20416,-39.41206],[-73.22545,-39.39405],[-73.21656,-39.43128],[-73.21951,-39.44637],[-73.23305,-39.44406],[-73.22831,-39.45655],[-73.24019,-39.466],[-73.23413,-39.47956],[-73.20897,-39.48844],[-73.19415,-39.50979],[-73.16783,-39.51869],[-73.15837,-39.51717],[-73.13515,-39.52464],[-73.10943,-39.52489],[-73.08813,-39.51189],[-73.07207,-39.52698],[-73.05804,-39.53266],[-73.02361,-39.53069],[-72.99009,-39.52226],[-72.96309,-39.51004],[-72.93911,-39.4861],[-72.91477,-39.49356],[-72.89776,-39.48181],[-72.88839,-39.45358],[-72.86934,-39.44889],[-72.88243,-39.43708],[-72.89563,-39.43273],[-72.89966,-39.40654],[-72.89861,-39.37946],[-72.87487,-39.37111],[-72.85683,-39.35766],[-72.85759,-39.33399],[-72.84519,-39.33567]]]},"properties":{"COD_SHAC":"SHAC-14-03-408","SHAC":"Mehuin","REGION":"Los Rios","NOM_ACUIF":"Costeras XIV","COD_BNA_SH":"0956","COD_REG":"14"}},
{"type":"Feature","geometry":{"type":"Polygon","coordinates":[[[-72.29683,-39.3269],[-72.3081,-39.31505],[-72.35301,-39.31107],[-72.38731,-39.31833],[-72.42073,-39.3101],[-72.4401,-39.31986],[-72.45678,-39.30813],[-72.49953,-39.30491],[-72.52022,-39.29871],[-72.56258,-39.29446],[-72.62078,-39.31586],[-72.6376,-39.30675],[-72.65691,-39.31107],[-72.67432,-39.32265],[-72.70107,-39.32792],[-72.73603,-39.30982],[-72.74254,-39.32324],[-72.76198,-39.33625],[-72.79505,-39.33222],[-72.81933,-39.34898],[-72.83518,-39.34542],[-72.84519,-39.33567],[-72.85759,-39.33399],[-72.85683,-39.35766],[-72.87487,-39.37111],[-72.89861,-39.37946],[-72.89966,-39.40654],[-72.89563,-39.43273],[-72.88243,-39.43708],[-72.86934,-39.44889],[-72.88839,-39.45358],[-72.89776,-39.48181],[-72.91477,-39.49356],[-72.93911,-39.4861],[-72.96309,-39.51004],[-72.99009,-39.52226],[-73.02361,-39.53069],[-73.05804,-39.53266],[-73.07207,-39.52698],[-73.08813,-39.51189],[-73.10943,-39.52489],[-73.13515,-39.52464],[-73.15837,-39.51717],[-73.16783,-39.51869],[-73.17414,-39.53858],[-73.20526,-39.56086],[-73.21705,-39.58147],[-73.23748,-39.58959],[-73.24695,-39.60201],[-73.26534,-39.60666],[-73.26687,-39.62176],[-73.29796,-39.65732],[-73.30904,-39.67322],[-73.30988,-39.68658],[-73.32238,-39.69841],[-73.34401,-39.69925],[-73.35453,-39.73704],[-73.34267,-39.74985],[-73.32475,-39.77866],[-73.29368,-39.79276],[-73.29895,-39.80743],[-73.28008,-39.82572],[-73.26108,-39.83155],[-73.25315,-39.81044],[-73.22522,-39.79922],[-73.21359,-39.784],[-73.17878,-39.77712],[-73.14545,-39.78823],[-73.13252,-39.77792],[-73.11714,-39.77886],[-73.11216,-39.76601],[-73.088,-39.77172],[-73.07692,-39.77929],[-73.03737,-39.776],[-72.97575,-39.73957],[-72.95893,-39.74409],[-72.94234,-39.76921],[-72.92981,-39.7796],[-72.9091,-39.78142],[-72.89039,-39.77746],[-72.8617,-39.78132],[-72.84554,-39.80157],[-72.80964,-39.80485],[-72.79298,-39.80309],[-72.77381,-39.81754],[-72.75621,-39.82367],[-72.75463,-39.81091],[-72.71792,-39.78747],[-72.68144,-39.7397],[-72.67142,-39.73383],[-72.64708,-39.70363],[-72.63033,-39.70259],[-72.60922,-39.69233],[-72.58453,-39.69227],[-72.57118,-39.67637],[-72.55841,-39.67843],[-72.47592,-39.67056],[-72.44224,-39.68013],[-72.38855,-39.67708],[-72.36716,-39.67329],[-72.36376,-39.64352],[-72.34911,-39.63737],[-72.34634,-39.62033],[-72.33688,-39.61498],[-72.30011,-39.60919],[-72.28623,-39.60013],[-72.27441,-39.57854],[-72.29926,-39.57264],[-72.31238,-39.53917],[-72.29456,-39.52706],[-72.27756,-39.50363],[-72.2767,-39.49159],[-72.24076,-39.47066],[-72.19096,-39.45205],[-72.17925,-39.45737],[-72.1678,-39.44377],[-72.15606,-39.43954],[-72.14237,-39.42242],[-72.13196,-39.42661],[-72.10944,-39.40929],[-72.12283,-39.39519],[-72.16662,-39.37479],[-72.1851,-39.37355],[-72.23591,-39.37754],[-72.25346,-39.37705],[-72.29042,-39.36221],[-72.29601,-39.35099],[-72.29683,-39.3269]]]},"properties":{"COD_SHAC":"SHAC-14-07-412","SHAC":"Rio Cruces","REGION":"Los Rios","NOM_ACUIF":"Rio Valdivia","COD_BNA_SH":"0899","COD_REG":"14"}},
{"type":"Feature","geometry":{"type":"Polygon","coordinates":[[[-71.67273,-39.56511],[-71.6843,-39.54612],[-71.68868,-39.50823],[-71.70536,-39.49436],[-71.72285,-39.4958],[-71.71731,-39.50522],[-71.75481,-39.52085],[-71.76271,-39.53342],[-71.74662,-39.55101],[-71.7472,-39.56165],[-71.73808,-39.57229],[-71.74924,-39.58825],[-71.76167,-39.59227],[-71.77063,-39.61553],[-71.78647,-39.62102],[-71.79376,-39.64415],[-71.78873,-39.66887],[-71.80258,-39.68277],[-71.81465,-39.68291],[-71.82346,-39.69625],[-71.8249,-39.7152],[-71.83169,-39.73359],[-71.8425,-39.74644],[-71.84213,-39.75913],[-71.83047,-39.76943],[-71.82795,-39.78692],[-71.81429,-39.7895],[-71.81618,-39.84391],[-71.79434,-39.85195],[-71.79994,-39.8714],[-71.7836,-39.87991],[-71.76339,-39.87608],[-71.75343,-39.86501],[-71.72524,-39.863],[-71.70809,-39.86815],[-71.68161,-39.85538],[-71.68951,-39.84515],[-71.69231,-39.82522],[-71.66647,-39.80599],[-71.68589,-39.80125],[-71.68154,-39.7707],[-71.68575,-39.7566],[-71.70633,-39.73918],[-71.70999,-39.72462],[-71.69534,-39.70988],[-71.69197,-39.69571],[-71.67017,-39.69223],[-71.6716,-39.68012],[-71.68765,-39.67525],[-71.69319,-39.65901],[-71.71214,-39.64894],[-71.71368,-39.63253],[-71.69874,-39.62982],[-71.69392,-39.59464],[-71.68839,-39.57558],[-71.67273,-39.56511]]]},"properties":{"COD_SHAC":"SHAC-14-08-413","SHAC":"Valdivia Alto","REGION":"Los Rios","NOM_ACUIF":"Rio Valdivia","COD_BNA_SH":"1115","COD_REG":"14"}},
{"type":"Feature","geometry":{"type":"Polygon","coordinates":[[[-73.26108,-39.83155],[-73.28008,-39.82572],[-73.29895,-39.80743],[-73.29368,-39.79276],[-73.32475,-39.77866],[-73.34267,-39.74985],[-73.36954,-39.77251],[-73.3658,-39.78701],[-73.38725,-39.81163],[-73.37424,-39.83386],[-73.3921,-39.8487],[-73.40333,-39.87054],[-73.38503,-39.87447],[-73.38038,-39.88397],[-73.3595,-39.88772],[-73.34042,-39.90427],[-73.3564,-39.915],[-73.3661,-39.89864],[-73.38269,-39.90486],[-73.38252,-39.92216],[-73.37601,-39.94031],[-73.39175,-39.94234],[-73.4043,-39.91065],[-73.42436,-39.88224],[-73.42459,-39.86911],[-73.44576,-39.85552],[-73.46717,-39.85108],[-73.4683,-39.86442],[-73.4836,-39.89088],[-73.50304,-39.90259],[-73.47532,-39.90326],[-73.44873,-39.91139],[-73.45672,-39.9249],[-73.46167,-39.95189],[-73.45671,-39.96851],[-73.42898,-39.99196],[-73.41719,-40.00774],[-73.39315,-40.01164],[-73.3578,-40.0481],[-73.3268,-40.05181],[-73.30613,-40.04875],[-73.30036,-40.07319],[-73.30275,-40.09554],[-73.33267,-40.11012],[-73.36943,-40.11915],[-73.39229,-40.1382],[-73.43682,-40.15037],[-73.44999,-40.1668],[-73.43511,-40.19392],[-73.41997,-40.20636],[-73.38071,-40.20342],[-73.31711,-40.19368],[-73.29013,-40.209],[-73.26408,-40.21069],[-73.23632,-40.22155],[-73.22277,-40.2102],[-73.20613,-40.20559],[-73.17484,-40.20327],[-73.13444,-40.21529],[-73.12519,-40.21179],[-73.11144,-40.17973],[-73.10982,-40.16082],[-73.09668,-40.15564],[-73.06186,-40.16781],[-73.02408,-40.15983],[-73.0055,-40.14599],[-73.01505,-40.13176],[-73.0391,-40.13036],[-73.08662,-40.1228],[-73.09993,-40.10441],[-73.10929,-40.08174],[-73.09943,-40.07554],[-73.09685,-40.06266],[-73.08024,-40.04108],[-73.05587,-40.02762],[-73.06056,-39.99549],[-73.02436,-39.97717],[-73.00289,-39.97174],[-72.9704,-39.9693],[-72.96216,-39.96558],[-72.93555,-39.9677],[-72.92505,-39.97358],[-72.91304,-39.96122],[-72.91928,-39.9475],[-72.90894,-39.93414],[-72.91873,-39.92005],[-72.95958,-39.91804],[-72.99467,-39.9063],[-73.01326,-39.90958],[-73.01396,-39.8922],[-73.05061,-39.8804],[-73.05553,-39.86816],[-73.07579,-39.85023],[-73.08733,-39.84842],[-73.11978,-39.82501],[-73.14052,-39.82587],[-73.16393,-39.84584],[-73.24247,-39.83091],[-73.26108,-39.83155]]]},"properties":{"COD_SHAC":"SHAC-14-09-414","SHAC":"Valdivia Inferior","REGION":"Los Rios","NOM_ACUIF":"Rio Valdivia","COD_BNA_SH":"0897","COD_REG":"14"}},
{"type":"Feature","geometry":{"type":"Polygon","coordinates":[[[-71.93971,-39.42045],[-71.96329,-39.43138],[-71.99359,-39.43024],[-72.03791,-39.43434],[-72.0436,-39.42769],[-72.09696,-39.41799],[-72.10944,-39.40929],[-72.13196,-39.42661],[-72.14237,-39.42242],[-72.15606,-39.43954],[-72.1678,-39.44377],[-72.17925,-39.45737],[-72.19096,-39.45205],[-72.24076,-39.47066],[-72.2767,-39.49159],[-72.27756,-39.50363],[-72.29456,-39.52706],[-72.31238,-39.53917],[-72.29926,-39.57264],[-72.27441,-39.57854],[-72.28623,-39.60013],[-72.30011,-39.60919],[-72.33688,-39.61498],[-72.34634,-39.62033],[-72.34911,-39.63737],[-72.36376,-39.64352],[-72.36716,-39.67329],[-72.38855,-39.67708],[-72.38459,-39.70902],[-72.3777,-39.72324],[-72.35847,-39.72925],[-72.33345,-39.72746],[-72.32767,-39.73139],[-72.29931,-39.73073],[-72.27167,-39.75098],[-72.26938,-39.78341],[-72.2819,-39.79368],[-72.30452,-39.79596],[-72.31547,-39.78514],[-72.35304,-39.76884],[-72.35478,-39.75339],[-72.38433,-39.75754],[-72.39656,-39.77296],[-72.42286,-39.75898],[-72.4366,-39.7423],[-72.46235,-39.73456],[-72.51654,-39.73925],[-72.53054,-39.75417],[-72.5238,-39.77771],[-72.49138,-39.77534],[-72.472,-39.7826],[-72.46073,-39.79794],[-72.48869,-39.81424],[-72.48799,-39.83176],[-72.46868,-39.84564],[-72.44442,-39.85529],[-72.40999,-39.87571],[-72.39965,-39.86099],[-72.37459,-39.85107],[-72.35268,-39.8542],[-72.34077,-39.87284],[-72.32578,-39.8862],[-72.30276,-39.89746],[-72.28983,-39.91092],[-72.27177,-39.91516],[-72.25719,-39.9245],[-72.25787,-39.9353],[-72.22763,-39.94657],[-72.22841,-39.98522],[-72.20963,-39.98112],[-72.19689,-39.99051],[-72.1805,-39.98275],[-72.17633,-39.96782],[-72.16516,-39.95893],[-72.12646,-39.98062],[-72.1049,-39.96878],[-72.09649,-39.95822],[-72.08181,-39.959],[-72.06391,-39.97325],[-72.03197,-39.95016],[-72.03142,-39.93466],[-72.00288,-39.93049],[-71.97844,-39.91666],[-71.91488,-39.90267],[-71.88881,-39.91943],[-71.86341,-39.922],[-71.84833,-39.91136],[-71.82897,-39.91657],[-71.82131,-39.92809],[-71.81973,-39.94438],[-71.79694,-39.96022],[-71.78966,-39.98424],[-71.80654,-39.98396],[-71.81931,-39.99554],[-71.81228,-40.01732],[-71.80051,-40.02303],[-71.78982,-40.03795],[-71.79203,-40.05744],[-71.80301,-40.07433],[-71.78703,-40.08784],[-71.73628,-40.10005],[-71.70494,-40.11702],[-71.67533,-40.10897],[-71.67179,-40.10012],[-71.67099,-40.06469],[-71.68629,-40.03797],[-71.67278,-40.02225],[-71.66991,-40.01111],[-71.67603,-39.99131],[-71.64818,-39.97089],[-71.62657,-39.97617],[-71.61523,-39.96148],[-71.62544,-39.93922],[-71.59683,-39.93021],[-71.5926,-39.89708],[-71.60786,-39.87756],[-71.62081,-39.87859],[-71.63652,-39.87001],[-71.63232,-39.85545],[-71.64559,-39.85401],[-71.67556,-39.85853],[-71.68161,-39.85538],[-71.70809,-39.86815],[-71.72524,-39.863],[-71.75343,-39.86501],[-71.76339,-39.87608],[-71.7836,-39.87991],[-71.79994,-39.8714],[-71.79434,-39.85195],[-71.81618,-39.84391],[-71.81429,-39.7895],[-71.82795,-39.78692],[-71.83047,-39.76943],[-71.84213,-39.75913],[-71.8425,-39.74644],[-71.83169,-39.73359],[-71.8249,-39.7152],[-71.82346,-39.69625],[-71.81465,-39.68291],[-71.80258,-39.68277],[-71.78873,-39.66887],[-71.79376,-39.64415],[-71.78647,-39.62102],[-71.77063,-39.61553],[-71.76167,-39.59227],[-71.74924,-39.58825],[-71.73808,-39.57229],[-71.7472,-39.56165],[-71.74662,-39.55101],[-71.76271,-39.53342],[-71.75481,-39.52085],[-71.71731,-39.50522],[-71.72285,-39.4958],[-71.75449,-39.50421],[-71.80508,-39.4903],[-71.81794,-39.47832],[-71.84069,-39.47023],[-71.85474,-39.45278],[-71.85691,-39.44828],[-71.87097,-39.4368],[-71.87725,-39.43467],[-71.92756,-39.4209],[-71.93971,-39.42045]]]},"properties":{"COD_SHAC":"SHAC-14-10-415","SHAC":"Valdivia Superior","REGION":"Los Rios","NOM_ACUIF":"Rio Valdivia","COD_BNA_SH":"0901","COD_REG":"14"}},
{"type":"Feature","geometry":{"type":"Polygon","coordinates":[[[-71.62441,-30.24221],[-71.63471,-30.24517],[-71.63965,-30.26253],[-71.65115,-30.26931],[-71.65756,-30.29935],[-71.66467,-30.3114],[-71.66433,-30.32814],[-71.67303,-30.34553],[-71.67224,-30.35989],[-71.68907,-30.40653],[-71.68216,-30.41402],[-71.68953,-30.43365],[-71.68802,-30.46235],[-71.69745,-30.48677],[-71.68983,-30.49498],[-71.69447,-30.51502],[-71.68403,-30.52841],[-71.67379,-30.53162],[-71.63885,-30.52903],[-71.62743,-30.52064],[-71.63158,-30.50202],[-71.63223,-30.47279],[-71.62564,-30.46491],[-71.63558,-30.43284],[-71.65314,-30.43147],[-71.64935,-30.38618],[-71.64193,-30.36692],[-71.64072,-30.3488],[-71.63945,-30.33181],[-71.6485,-30.31511],[-71.6432,-30.30913],[-71.63867,-30.28512],[-71.6406,-30.27591],[-71.62513,-30.262],[-71.62441,-30.24221]]]},"properties":{"COD_SHAC":"SHAC-04-02-94","SHAC":"Altos de Talinay Norte","REGION":"Coquimbo","NOM_ACUIF":"Cuencas Costeras IV Norte","COD_BNA_SH":"0556","COD_REG":"4"}},
{"type":"Feature","geometry":{"type":"Polygon","coordinates":[[[-71.69447,-30.51502],[-71.69603,-30.54617],[-71.70434,-30.55989],[-71.71634,-30.59605],[-71.70808,-30.63707],[-71.71592,-30.65003],[-71.70048,-30.6762],[-71.69838,-30.6996],[-71.71232,-30.71324],[-71.70836,-30.72687],[-71.70296,-30.71922],[-71.67225,-30.70843],[-71.67279,-30.68277],[-71.68295,-30.66175],[-71.68425,-30.64023],[-71.68041,-30.60824],[-71.67547,-30.59131],[-71.65224,-30.57111],[-71.62583,-30.58783],[-71.62525,-30.56518],[-71.61649,-30.54916],[-71.62548,-30.53545],[-71.62743,-30.52064],[-71.63885,-30.52903],[-71.67379,-30.53162],[-71.68403,-30.52841],[-71.69447,-30.51502]]]},"properties":{"COD_SHAC":"SHAC-04-03-94","SHAC":"Altos de Talinay Sur","REGION":"Coquimbo","NOM_ACUIF":"Cuencas Costeras IV Norte","COD_BNA_SH":"0557","COD_REG":"4"}},
{"type":"Feature","geometry":{"type":"Polygon","coordinates":[[[-71.51654,-31.80252],[-71.53011,-31.8232],[-71.5422,-31.83002],[-71.54183,-31.84196],[-71.55476,-31.84438],[-71.55858,-31.85392],[-71.51211,-31.8558],[-71.50268,-31.84615],[-71.48596,-31.81982],[-71.50809,-31.8171],[-71.51654,-31.80252]]]},"properties":{"COD_SHAC":"SHAC-04-18-110","SHAC":"Caleta Nague","REGION":"Coquimbo","NOM_ACUIF":"Cuencas Costeras IV Sur","COD_BNA_SH":"0568","COD_REG":"4"}},
{"type":"Feature","geometry":{"type":"Polygon","coordinates":[[[-71.48306,-32.03231],[-71.51108,-32.02452],[-71.52748,-32.0373],[-71.51935,-32.05202],[-71.52846,-32.08625],[-71.51747,-32.08084],[-71.48591,-32.05106],[-71.48306,-32.03231]]]},"properties":{"COD_SHAC":"SHAC-04-19-111","SHAC":"Caleta Rincon","REGION":"Coquimbo","NOM_ACUIF":"Cuencas Costeras IV Sur","COD_BNA_SH":"0569","COD_REG":"4"}},
{"type":"Feature","geometry":{"type":"Polygon","coordinates":[[[-71.26435,-29.39729],[-71.27662,-29.39623],[-71.3095,-29.37795],[-71.30005,-29.36444],[-71.28602,-29.33248],[-71.29668,-29.32451],[-71.31112,-29.32226],[-71.34711,-29.3229],[-71.32775,-29.34692],[-71.33739,-29.3578],[-71.32885,-29.36591],[-71.33154,-29.38476],[-71.34044,-29.40143],[-71.32491,-29.40469],[-71.31269,-29.41546],[-71.30367,-29.44778],[-71.31626,-29.45103],[-71.30874,-29.47373],[-71.31676,-29.48751],[-71.33447,-29.48821],[-71.33051,-29.49958],[-71.31754,-29.50877],[-71.27998,-29.50637],[-71.27745,-29.50253],[-71.26427,-29.48352],[-71.26037,-29.46815],[-71.2472,-29.45482],[-71.25589,-29.43863],[-71.25625,-29.42497],[-71.26629,-29.41554],[-71.26435,-29.39729]]]},"properties":{"COD_SHAC":"SHAC-04-04-96","SHAC":"Chungungo","REGION":"Coquimbo","NOM_ACUIF":"Cuencas Costeras IV Norte","COD_BNA_SH":"0599","COD_REG":"4"}},
{"type":"Feature","geometry":{"type":"Polygon","coordinates":[[[-71.27745,-29.50253],[-71.27998,-29.50637],[-71.31754,-29.50877],[-71.33051,-29.49958],[-71.33447,-29.48821],[-71.32873,-29.50724],[-71.3293,-29.52956],[-71.32567,-29.53822],[-71.33439,-29.5552],[-71.3127,-29.55426],[-71.29785,-29.56094],[-71.27485,-29.55976],[-71.26958,-29.55258],[-71.27108,-29.54032],[-71.26457,-29.53039],[-71.26606,-29.51467],[-71.27745,-29.50253]]]},"properties":{"COD_SHAC":"SHAC-04-05-97","SHAC":"El Olivo","REGION":"Coquimbo","NOM_ACUIF":"Cuencas Costeras IV Norte","COD_BNA_SH":"0600","COD_REG":"4"}},
{"type":"Feature","geometry":{"type":"Polygon","coordinates":[[[-71.58417,-30.30169],[-71.60673,-30.29791],[-71.61995,-30.24451],[-71.62441,-30.24221],[-71.62513,-30.262],[-71.6406,-30.27591],[-71.63867,-30.28512],[-71.6432,-30.30913],[-71.6485,-30.31511],[-71.63945,-30.33181],[-71.64072,-30.3488],[-71.61397,-30.34462],[-71.60506,-30.33144],[-71.5863,-30.32256],[-71.58417,-30.30169]]]},"properties":{"COD_SHAC":"SHAC-04-06-98","SHAC":"El Rincon","REGION":"Coquimbo","NOM_ACUIF":"Cuencas Costeras IV Norte","COD_BNA_SH":"0558","COD_REG":"4"}},
{"type":"Feature","geometry":{"type":"Polygon","coordinates":[[[-71.32855,-31.75054],[-71.32697,-31.71852],[-71.33401,-31.70316],[-71.36641,-31.68462],[-71.38737,-31.65988],[-71.39975,-31.65423],[-71.40106,-31.63631],[-71.40799,-31.62985],[-71.43387,-31.63244],[-71.44669,-31.61131],[-71.46981,-31.60083],[-71.52991,-31.59875],[-71.55079,-31.6106],[-71.55872,-31.62326],[-71.55384,-31.63942],[-71.51851,-31.64308],[-71.49464,-31.64072],[-71.49029,-31.64816],[-71.49391,-31.67844],[-71.49025,-31.68338],[-71.47536,-31.67604],[-71.45154,-31.70532],[-71.44016,-31.72412],[-71.42024,-31.72332],[-71.40357,-31.73072],[-71.39767,-31.75177],[-71.38935,-31.76177],[-71.39419,-31.77759],[-71.37651,-31.78707],[-71.35832,-31.77361],[-71.34361,-31.77128],[-71.32855,-31.75054]]]},"properties":{"COD_SHAC":"SHAC-04-22-114","SHAC":"Estero Millahue","REGION":"Coquimbo","NOM_ACUIF":"Cuencas Costeras IV Sur","COD_BNA_SH":"0572","COD_REG":"4"}},
{"type":"Feature","geometry":{"type":"Polygon","coordinates":[[[-71.41763,-30.19391],[-71.43054,-30.19492],[-71.4441,-30.18025],[-71.45553,-30.17545],[-71.46117,-30.1952],[-71.47813,-30.20107],[-71.47864,-30.24257],[-71.49757,-30.25623],[-71.49656,-30.26757],[-71.47999,-30.27191],[-71.47023,-30.27977],[-71.47111,-30.30892],[-71.45783,-30.33718],[-71.43138,-30.35065],[-71.41822,-30.36593],[-71.40211,-30.37081],[-71.39739,-30.39703],[-71.3988,-30.45747],[-71.39723,-30.47586],[-71.3834,-30.50718],[-71.36754,-30.49811],[-71.36631,-30.47261],[-71.33605,-30.45155],[-71.32792,-30.42007],[-71.31629,-30.40538],[-71.29778,-30.41004],[-71.28503,-30.40685],[-71.28577,-30.3878],[-71.2984,-30.36024],[-71.28923,-30.34564],[-71.29322,-30.3311],[-71.30635,-30.31073],[-71.30337,-30.2989],[-71.31992,-30.27908],[-71.32611,-30.2573],[-71.34185,-30.25596],[-71.35054,-30.24907],[-71.36656,-30.24776],[-71.37496,-30.25405],[-71.40217,-30.24818],[-71.41051,-30.22953],[-71.41763,-30.19391]]]},"properties":{"COD_SHAC":"SHAC-04-07-99","SHAC":"Guanaquero Tongoy","REGION":"Coquimbo","NOM_ACUIF":"Cuencas Costeras IV Norte","COD_BNA_SH":"0559","COD_REG":"4"}},
{"type":"Feature","geometry":{"type":"Polygon","coordinates":[[[-71.3653,-29.98359],[-71.37852,-29.98495],[-71.38972,-29.99433],[-71.40112,-29.98997],[-71.41683,-29.99916],[-71.41602,-30.00949],[-71.38685,-30.02559],[-71.39106,-30.04601],[-71.38331,-30.05946],[-71.3757,-30.06033],[-71.35744,-30.04686],[-71.36771,-30.03621],[-71.36401,-30.02292],[-71.37709,-29.9994],[-71.3653,-29.98359]]]},"properties":{"COD_SHAC":"SHAC-04-08-100","SHAC":"Guayacan - Barranca","REGION":"Coquimbo","NOM_ACUIF":"Cuencas Costeras IV Norte","COD_BNA_SH":"0560","COD_REG":"4"}},
{"type":"Feature","geometry":{"type":"Polygon","coordinates":[[[-71.50109,-30.89274],[-71.51961,-30.8907],[-71.53341,-30.88143],[-71.5536,-30.88964],[-71.56321,-30.88635],[-71.59195,-30.89476],[-71.5917,-30.90304],[-71.60718,-30.90973],[-71.6372,-30.94597],[-71.65749,-30.96396],[-71.64948,-30.97634],[-71.65284,-30.98499],[-71.60672,-30.98922],[-71.58641,-30.96744],[-71.57879,-30.9646],[-71.55976,-30.94371],[-71.54002,-30.94043],[-71.52737,-30.91946],[-71.52183,-30.90341],[-71.50109,-30.89274]]]},"properties":{"COD_SHAC":"SHAC-04-24-116","SHAC":"La Cebada","REGION":"Coquimbo","NOM_ACUIF":"Cuencas Costeras IV Sur","COD_BNA_SH":"0582","COD_REG":"4"}},
{"type":"Feature","geometry":{"type":"Polygon","coordinates":[[[-71.33564,-29.95944],[-71.3479,-29.95204],[-71.35592,-29.96681],[-71.34873,-29.97719],[-71.3653,-29.98359],[-71.37709,-29.9994],[-71.36401,-30.02292],[-71.36771,-30.03621],[-71.35744,-30.04686],[-71.33749,-30.05584],[-71.34049,-30.04699],[-71.31743,-30.02404],[-71.29873,-29.99739],[-71.32293,-29.98328],[-71.33564,-29.95944]]]},"properties":{"COD_SHAC":"SHAC-04-09-101","SHAC":"La Herradura","REGION":"Coquimbo","NOM_ACUIF":"Cuencas Costeras IV Norte","COD_BNA_SH":"0561","COD_REG":"4"}},
{"type":"Feature","geometry":{"type":"Polygon","coordinates":[[[-71.56344,-31.28767],[-71.5752,-31.26705],[-71.58712,-31.26389],[-71.63837,-31.27306],[-71.63395,-31.287],[-71.63806,-31.29946],[-71.62419,-31.31352],[-71.59786,-31.29085],[-71.56344,-31.28767]]]},"properties":{"COD_SHAC":"SHAC-04-35-127","SHAC":"Quebrada El Pleito","REGION":"Coquimbo","NOM_ACUIF":"Cuencas Costeras IV Sur","COD_BNA_SH":"0588","COD_REG":"4"}},
{"type":"Feature","geometry":{"type":"Polygon","coordinates":[[[-71.27255,-31.08806],[-71.26791,-31.07787],[-71.27812,-31.06943],[-71.27605,-31.0521],[-71.26384,-31.04503],[-71.26817,-31.00515],[-71.282,-30.9854],[-71.29088,-30.96008],[-71.29909,-30.96046],[-71.30717,-30.94487],[-71.31831,-30.94418],[-71.34079,-30.93019],[-71.33679,-30.91983],[-71.35009,-30.90135],[-71.36708,-30.88831],[-71.38495,-30.89992],[-71.40699,-30.89184],[-71.4541,-30.90569],[-71.45746,-30.91353],[-71.48715,-30.89678],[-71.50109,-30.89274],[-71.52183,-30.90341],[-71.52737,-30.91946],[-71.54002,-30.94043],[-71.55976,-30.94371],[-71.57879,-30.9646],[-71.58641,-30.96744],[-71.60672,-30.98922],[-71.65284,-30.98499],[-71.64551,-31.01041],[-71.63549,-31.01211],[-71.63021,-31.02956],[-71.61253,-31.05929],[-71.56059,-31.04901],[-71.55753,-31.05661],[-71.54667,-31.05595],[-71.5298,-31.06448],[-71.50362,-31.06108],[-71.50264,-31.06902],[-71.48598,-31.0915],[-71.4888,-31.10796],[-71.47125,-31.12448],[-71.4705,-31.15778],[-71.45663,-31.16292],[-71.44366,-31.17561],[-71.43193,-31.17344],[-71.42399,-31.15607],[-71.39052,-31.16404],[-71.37341,-31.15877],[-71.3543,-31.14638],[-71.32176,-31.14962],[-71.31178,-31.14413],[-71.29273,-31.14362],[-71.26911,-31.10075],[-71.27255,-31.08806]]]},"properties":{"COD_SHAC":"SHAC-04-47-139","SHAC":"Quebrada San Pedro","REGION":"Coquimbo","NOM_ACUIF":"Cuencas Costeras IV Sur","COD_BNA_SH":"0597","COD_REG":"4"}},
{"type":"Feature","geometry":{"type":"Polygon","coordinates":[[[-71.58863,-31.45078],[-71.58379,-31.48258],[-71.56983,-31.50071],[-71.57574,-31.51893],[-71.56963,-31.54598],[-71.57243,-31.58267],[-71.5775,-31.59686],[-71.56915,-31.61203],[-71.55481,-31.59105],[-71.5369,-31.57977],[-71.52406,-31.58018],[-71.48671,-31.56759],[-71.4854,-31.55636],[-71.50407,-31.54373],[-71.51491,-31.51007],[-71.53051,-31.49746],[-71.53879,-31.48138],[-71.55143,-31.4586],[-71.57387,-31.45837],[-71.58863,-31.45078]]]},"properties":{"COD_SHAC":"SHAC-04-48-140","SHAC":"Quebrada Talinay","REGION":"Coquimbo","NOM_ACUIF":"Cuencas Costeras IV Sur","COD_BNA_SH":"0598","COD_REG":"4"}},
{"type":"Feature","geometry":{"type":"Polygon","coordinates":[[[-70.24181,-33.18617],[-70.25959,-33.18265],[-70.25937,-33.16954],[-70.27018,-33.14841],[-70.26658,-33.13266],[-70.29091,-33.12835],[-70.29698,-33.11598],[-70.32826,-33.09643],[-70.34165,-33.09693],[-70.35116,-33.10539],[-70.35319,-33.11845],[-70.34849,-33.1408],[-70.34823,-33.1797],[-70.35365,-33.21193],[-70.36495,-33.24199],[-70.38253,-33.2658],[-70.38633,-33.30273],[-70.40118,-33.32474],[-70.38523,-33.34505],[-70.40814,-33.36398],[-70.39041,-33.37057],[-70.35392,-33.36681],[-70.30271,-33.34964],[-70.26682,-33.3452],[-70.25678,-33.3303],[-70.26702,-33.30688],[-70.25596,-33.29211],[-70.23297,-33.27636],[-70.24607,-33.25824],[-70.24307,-33.23897],[-70.22213,-33.23626],[-70.21798,-33.21762],[-70.23979,-33.19817],[-70.24181,-33.18617]]]},"properties":{"COD_SHAC":"SHAC-13-11-257","SHAC":"Rio San Francisco","REGION":"Metropolitana de Santiago","NOM_ACUIF":"Cuencas Altas Maipo","COD_BNA_SH":"0971","COD_REG":"13"}},
{"type":"Feature","geometry":{"type":"Polygon","coordinates":[[[-69.91088,-33.74636],[-69.95194,-33.70635],[-69.98604,-33.70011],[-69.99044,-33.688],[-70.02118,-33.67293],[-70.03566,-33.68119],[-70.04911,-33.71372],[-70.06214,-33.72042],[-70.06467,-33.73099],[-70.0924,-33.75133],[-70.09906,-33.76879],[-70.11457,-33.77502],[-70.11477,-33.7839],[-70.14737,-33.79027],[-70.15934,-33.7988],[-70.20813,-33.80452],[-70.21827,-33.80634],[-70.20846,-33.82266],[-70.1898,-33.82426],[-70.16929,-33.84211],[-70.13768,-33.84466],[-70.13062,-33.86937],[-70.09904,-33.88265],[-70.09326,-33.89118],[-70.05679,-33.88066],[-70.04661,-33.88221],[-70.03422,-33.89947],[-70.00734,-33.90642],[-69.99553,-33.91939],[-69.99772,-33.92692],[-69.98976,-33.94985],[-69.96833,-33.93993],[-69.95006,-33.96201],[-69.93274,-33.95784],[-69.90565,-33.96342],[-69.89194,-33.93982],[-69.89164,-33.92346],[-69.856,-33.89258],[-69.86755,-33.8812],[-69.87321,-33.86065],[-69.89816,-33.84778],[-69.89409,-33.8242],[-69.89965,-33.79916],[-69.89242,-33.79373],[-69.90311,-33.78225],[-69.90447,-33.77206],[-69.91637,-33.75799],[-69.91088,-33.74636]]]},"properties":{"COD_SHAC":"SHAC-13-12-258","SHAC":"Rio Volcan","REGION":"Metropolitana de Santiago","NOM_ACUIF":"Cuencas Altas Maipo","COD_BNA_SH":"0972","COD_REG":"13"}},
{"type":"Feature","geometry":{"type":"Polygon","coordinates":[[[-70.20813,-33.80452],[-70.15934,-33.7988],[-70.14737,-33.79027],[-70.11477,-33.7839],[-70.11457,-33.77502],[-70.09906,-33.76879],[-70.0924,-33.75133],[-70.06467,-33.73099],[-70.06214,-33.72042],[-70.04911,-33.71372],[-70.03566,-33.68119],[-70.02118,-33.67293],[-69.99044,-33.688],[-69.98604,-33.70011],[-69.95194,-33.70635],[-69.91088,-33.74636],[-69.88851,-33.74238],[-69.86684,-33.71819],[-69.86955,-33.70385],[-69.88304,-33.68276],[-69.88319,-33.66892],[-69.87446,-33.65299],[-69.87314,-33.63463],[-69.8786,-33.61049],[-69.86956,-33.59098],[-69.86793,-33.57071],[-69.87391,-33.5406],[-69.894,-33.53848],[-69.91578,-33.52893],[-69.92717,-33.53107],[-69.93296,-33.51494],[-69.94831,-33.50949],[-69.96448,-33.52059],[-69.96329,-33.52744],[-69.98901,-33.53187],[-70.00072,-33.55222],[-70.02622,-33.56177],[-70.05033,-33.54467],[-70.06599,-33.55671],[-70.07986,-33.55444],[-70.1136,-33.55712],[-70.12794,-33.56681],[-70.14167,-33.58233],[-70.15897,-33.59013],[-70.18421,-33.59598],[-70.18536,-33.60601],[-70.17496,-33.61237],[-70.18433,-33.64369],[-70.18604,-33.66187],[-70.20303,-33.66991],[-70.2131,-33.68234],[-70.20864,-33.69776],[-70.21216,-33.70972],[-70.20341,-33.72664],[-70.20917,-33.7525],[-70.23568,-33.77158],[-70.22646,-33.79048],[-70.20813,-33.80452]]]},"properties":{"COD_SHAC":"SHAC-13-13-259","SHAC":"Rio Yeso","REGION":"Metropolitana de Santiago","NOM_ACUIF":"Cuencas Altas Maipo","COD_BNA_SH":"0973","COD_REG":"13"}},
{"type":"Feature","geometry":{"type":"Polygon","coordinates":[[[-70.16578,-34.14076],[-70.14369,-34.11726],[-70.15821,-34.11102],[-70.15882,-34.09279],[-70.17206,-34.07237],[-70.17458,-34.05331],[-70.16978,-34.0451],[-70.18621,-34.03212],[-70.20611,-34.03498],[-70.22276,-34.03055],[-70.24435,-34.0345],[-70.24788,-34.05699],[-70.26205,-34.07118],[-70.28777,-34.05804],[-70.3083,-34.06692],[-70.33593,-34.08741],[-70.34165,-34.10995],[-70.3354,-34.13415],[-70.34429,-34.1493],[-70.34838,-34.17921],[-70.35902,-34.19792],[-70.34971,-34.21565],[-70.34985,-34.23846],[-70.32253,-34.23317],[-70.30582,-34.21923],[-70.27648,-34.20055],[-70.26284,-34.19491],[-70.24769,-34.1766],[-70.24648,-34.16048],[-70.23256,-34.15046],[-70.22462,-34.15288],[-70.19134,-34.13354],[-70.16578,-34.14076]]]},"properties":{"COD_SHAC":"SHAC-06-20-310","SHAC":"Rio Blanco VI","REGION":"Libertador General Bernardo O'Higgins","NOM_ACUIF":"Cuencas Altas VI","COD_BNA_SH":"0976","COD_REG":"6"}},
{"type":"Feature","geometry":{"type":"Polygon","coordinates":[[[-70.32764,-34.01012],[-70.34242,-34.00914],[-70.36799,-34.0242],[-70.37405,-34.03671],[-70.3988,-34.04253],[-70.41797,-34.04247],[-70.43525,-34.03621],[-70.45646,-34.05444],[-70.46563,-34.06783],[-70.48061,-34.06863],[-70.50597,-34.06908],[-70.52844,-34.07452],[-70.53334,-34.08975],[-70.54347,-34.0968],[-70.5606,-34.11657],[-70.5722,-34.13618],[-70.57462,-34.14965],[-70.56743,-34.15744],[-70.57301,-34.19137],[-70.5533,-34.19018],[-70.54347,-34.20647],[-70.53453,-34.20999],[-70.52542,-34.18519],[-70.4968,-34.17817],[-70.49253,-34.17148],[-70.44266,-34.16014],[-70.41246,-34.16197],[-70.38444,-34.15002],[-70.38382,-34.12845],[-70.37065,-34.11637],[-70.35057,-34.10629],[-70.34165,-34.10995],[-70.33593,-34.08741],[-70.3083,-34.06692],[-70.3164,-34.05725],[-70.33834,-34.05508],[-70.34434,-34.03878],[-70.3208,-34.01413],[-70.32764,-34.01012]]]},"properties":{"COD_SHAC":"SHAC-06-27-317","SHAC":"Rio Coya","REGION":"Libertador General Bernardo O'Higgins","NOM_ACUIF":"Cuencas Altas VI","COD_BNA_SH":"0983","COD_REG":"6"}},
{"type":"Feature","geometry":{"type":"Polygon","coordinates":[[[-70.53424,-34.69565],[-70.54183,-34.71421],[-70.56272,-34.71925],[-70.57546,-34.73286],[-70.63839,-34.74639],[-70.65629,-34.72445],[-70.67616,-34.71435],[-70.70002,-34.72695],[-70.71424,-34.71668],[-70.73248,-34.72929],[-70.74544,-34.69681],[-70.76192,-34.68558],[-70.77138,-34.69451],[-70.7582,-34.71634],[-70.77297,-34.74094],[-70.7285,-34.74559],[-70.72101,-34.76363],[-70.693,-34.78759],[-70.68128,-34.79153],[-70.65957,-34.81848],[-70.6467,-34.81983],[-70.64086,-34.83464],[-70.63083,-34.83978],[-70.60381,-34.84355],[-70.59622,-34.88169],[-70.5667,-34.91138],[-70.56294,-34.93154],[-70.56635,-34.93921],[-70.54171,-34.93367],[-70.53862,-34.94997],[-70.52329,-34.95063],[-70.52635,-34.9649],[-70.511,-34.97194],[-70.49056,-34.97455],[-70.47887,-34.99358],[-70.4623,-34.99758],[-70.4152,-34.98434],[-70.37848,-34.99741],[-70.36512,-35.00555],[-70.35456,-34.99598],[-70.33338,-34.99037],[-70.32906,-34.95914],[-70.35467,-34.95994],[-70.3639,-34.95389],[-70.38193,-34.96594],[-70.39971,-34.9678],[-70.41289,-34.95214],[-70.40406,-34.92999],[-70.41011,-34.91527],[-70.40165,-34.89979],[-70.41313,-34.89135],[-70.44009,-34.88226],[-70.45629,-34.88281],[-70.45804,-34.8704],[-70.47645,-34.85403],[-70.50612,-34.86229],[-70.51997,-34.85674],[-70.54198,-34.83324],[-70.56043,-34.82541],[-70.54226,-34.81443],[-70.53589,-34.7991],[-70.51653,-34.78135],[-70.50222,-34.77469],[-70.49773,-34.7628],[-70.50533,-34.75666],[-70.50334,-34.73568],[-70.49741,-34.7256],[-70.51065,-34.71427],[-70.52267,-34.69675],[-70.53424,-34.69565]]]},"properties":{"COD_SHAC":"SHAC-06-34-324","SHAC":"Rio Tinguiririca Alto","REGION":"Libertador General Bernardo O'Higgins","NOM_ACUIF":"Cuencas Altas VI","COD_BNA_SH":"0990","COD_REG":"6"}},
{"type":"Feature","geometry":{"type":"Polygon","coordinates":[[[-70.16578,-34.14076],[-70.19134,-34.13354],[-70.22462,-34.15288],[-70.23256,-34.15046],[-70.24648,-34.16048],[-70.24769,-34.1766],[-70.26284,-34.19491],[-70.27648,-34.20055],[-70.30582,-34.21923],[-70.32253,-34.23317],[-70.34985,-34.23846],[-70.34971,-34.21565],[-70.35902,-34.19792],[-70.39318,-34.20385],[-70.40085,-34.22007],[-70.44094,-34.22559],[-70.47045,-34.22558],[-70.4813,-34.23476],[-70.46433,-34.24043],[-70.43354,-34.26197],[-70.42206,-34.26432],[-70.41765,-34.27753],[-70.39472,-34.28471],[-70.37978,-34.28291],[-70.34955,-34.29742],[-70.31994,-34.2986],[-70.31643,-34.29164],[-70.26712,-34.28499],[-70.24949,-34.29288],[-70.24442,-34.30071],[-70.22714,-34.29276],[-70.17608,-34.28061],[-70.16051,-34.28701],[-70.13517,-34.28218],[-70.11466,-34.26958],[-70.09306,-34.26853],[-70.07813,-34.27234],[-70.06247,-34.28499],[-70.05043,-34.28016],[-70.0539,-34.25785],[-70.04943,-34.24398],[-70.05103,-34.22549],[-70.07768,-34.19809],[-70.08991,-34.20322],[-70.11473,-34.20051],[-70.11823,-34.18963],[-70.13239,-34.18925],[-70.14342,-34.18097],[-70.16578,-34.14076]]]},"properties":{"COD_SHAC":"SHAC-06-32-322","SHAC":"Rio Pangal","REGION":"Libertador General Bernardo O'Higgins","NOM_ACUIF":"Cuencas Altas VI","COD_BNA_SH":"0988","COD_REG":"6"}},
{"type":"Feature","geometry":{"type":"Polygon","coordinates":[[[-70.04844,-34.4316],[-70.06869,-34.4172],[-70.07206,-34.40304],[-70.08822,-34.39175],[-70.14082,-34.39693],[-70.17776,-34.38476],[-70.23059,-34.3822],[-70.25912,-34.37473],[-70.28952,-34.36011],[-70.30494,-34.36062],[-70.3098,-34.37523],[-70.30349,-34.39016],[-70.29242,-34.39333],[-70.26385,-34.4262],[-70.25263,-34.4335],[-70.23898,-34.43347],[-70.21834,-34.45488],[-70.20809,-34.459],[-70.1897,-34.45697],[-70.16432,-34.47791],[-70.1493,-34.47851],[-70.13202,-34.48817],[-70.11625,-34.47629],[-70.10356,-34.48248],[-70.08301,-34.47319],[-70.06442,-34.45063],[-70.05571,-34.44958],[-70.04844,-34.4316]]]},"properties":{"COD_SHAC":"SHAC-06-29-319","SHAC":"Rio de las Lenas","REGION":"Libertador General Bernardo O'Higgins","NOM_ACUIF":"Cuencas Altas VI","COD_BNA_SH":"0985","COD_REG":"6"}},
{"type":"Feature","geometry":{"type":"Polygon","coordinates":[[[-70.34165,-34.10995],[-70.35057,-34.10629],[-70.37065,-34.11637],[-70.38382,-34.12845],[-70.38444,-34.15002],[-70.41246,-34.16197],[-70.44266,-34.16014],[-70.49253,-34.17148],[-70.4968,-34.17817],[-70.52542,-34.18519],[-70.53453,-34.20999],[-70.54347,-34.20647],[-70.5533,-34.19018],[-70.57301,-34.19137],[-70.59379,-34.21962],[-70.59177,-34.22607],[-70.60884,-34.25564],[-70.60141,-34.27676],[-70.6035,-34.29987],[-70.61244,-34.30868],[-70.59607,-34.32829],[-70.58165,-34.3061],[-70.58842,-34.2712],[-70.54206,-34.28294],[-70.51713,-34.29418],[-70.50459,-34.29198],[-70.49439,-34.31141],[-70.47665,-34.33407],[-70.45772,-34.3489],[-70.45431,-34.36013],[-70.45946,-34.37346],[-70.44335,-34.36931],[-70.42409,-34.3418],[-70.4077,-34.33929],[-70.39484,-34.34779],[-70.37808,-34.3676],[-70.36755,-34.39073],[-70.36011,-34.39178],[-70.34154,-34.36922],[-70.32061,-34.36642],[-70.3098,-34.37523],[-70.30494,-34.36062],[-70.28952,-34.36011],[-70.25912,-34.37473],[-70.23059,-34.3822],[-70.17776,-34.38476],[-70.14082,-34.39693],[-70.08822,-34.39175],[-70.07206,-34.40304],[-70.06869,-34.4172],[-70.04844,-34.4316],[-70.03118,-34.42421],[-70.01417,-34.40726],[-70.01006,-34.39266],[-70.02462,-34.37415],[-70.01402,-34.33805],[-70.0222,-34.30826],[-70.03119,-34.28757],[-70.05043,-34.28016],[-70.06247,-34.28499],[-70.07813,-34.27234],[-70.09306,-34.26853],[-70.11466,-34.26958],[-70.13517,-34.28218],[-70.16051,-34.28701],[-70.17608,-34.28061],[-70.22714,-34.29276],[-70.24442,-34.30071],[-70.24949,-34.29288],[-70.26712,-34.28499],[-70.31643,-34.29164],[-70.31994,-34.2986],[-70.34955,-34.29742],[-70.37978,-34.28291],[-70.39472,-34.28471],[-70.41765,-34.27753],[-70.42206,-34.26432],[-70.43354,-34.26197],[-70.46433,-34.24043],[-70.4813,-34.23476],[-70.47045,-34.22558],[-70.44094,-34.22559],[-70.40085,-34.22007],[-70.39318,-34.20385],[-70.35902,-34.19792],[-70.34838,-34.17921],[-70.34429,-34.1493],[-70.3354,-34.13415],[-70.34165,-34.10995]]]},"properties":{"COD_SHAC":"SHAC-06-21-311","SHAC":"Rio Cachapoal Alto","REGION":"Libertador General Bernardo O'Higgins","NOM_ACUIF":"Cuencas Altas VI","COD_BNA_SH":"0977","COD_REG":"6"}},
{"type":"Feature","geometry":{"type":"Polygon","coordinates":[[[-70.25487,-34.7023],[-70.24803,-34.69451],[-70.21369,-34.67768],[-70.21524,-34.66108],[-70.22412,-34.64135],[-70.21479,-34.60827],[-70.19191,-34.58938],[-70.19182,-34.57558],[-70.1789,-34.57349],[-70.16918,-34.55714],[-70.14715,-34.53306],[-70.12849,-34.49287],[-70.13202,-34.48817],[-70.1493,-34.47851],[-70.16432,-34.47791],[-70.1897,-34.45697],[-70.20809,-34.459],[-70.21834,-34.45488],[-70.23898,-34.43347],[-70.25263,-34.4335],[-70.26385,-34.4262],[-70.29242,-34.39333],[-70.30349,-34.39016],[-70.3098,-34.37523],[-70.32061,-34.36642],[-70.34154,-34.36922],[-70.36011,-34.39178],[-70.36214,-34.44087],[-70.37278,-34.44227],[-70.37626,-34.46317],[-70.3622,-34.4825],[-70.3587,-34.49721],[-70.36104,-34.51481],[-70.34219,-34.52773],[-70.32964,-34.55002],[-70.31967,-34.55565],[-70.31379,-34.57566],[-70.31643,-34.60155],[-70.34199,-34.6166],[-70.3361,-34.62701],[-70.31172,-34.64285],[-70.29481,-34.66414],[-70.28478,-34.68418],[-70.2594,-34.69535],[-70.25487,-34.7023]]]},"properties":{"COD_SHAC":"SHAC-06-26-316","SHAC":"Rio Cortaderal","REGION":"Libertador General Bernardo O'Higgins","NOM_ACUIF":"Cuencas Altas VI","COD_BNA_SH":"0982","COD_REG":"6"}},
{"type":"Feature","geometry":{"type":"Polygon","coordinates":[[[-70.25487,-34.7023],[-70.2594,-34.69535],[-70.28478,-34.68418],[-70.29481,-34.66414],[-70.31172,-34.64285],[-70.3361,-34.62701],[-70.34675,-34.63435],[-70.3532,-34.6491],[-70.3678,-34.64531],[-70.37644,-34.65328],[-70.37573,-34.66932],[-70.38132,-34.69182],[-70.40679,-34.69246],[-70.41609,-34.70846],[-70.4231,-34.73736],[-70.43182,-34.74022],[-70.44098,-34.7586],[-70.42396,-34.75984],[-70.39927,-34.77451],[-70.3695,-34.75602],[-70.35289,-34.76241],[-70.35062,-34.77167],[-70.3218,-34.77282],[-70.30922,-34.76892],[-70.30594,-34.74676],[-70.28526,-34.73632],[-70.26959,-34.73615],[-70.25878,-34.72953],[-70.25487,-34.7023]]]},"properties":{"COD_SHAC":"SHAC-06-33-323","SHAC":"Rio San Jose","REGION":"Libertador General Bernardo O'Higgins","NOM_ACUIF":"Cuencas Altas VI","COD_BNA_SH":"0989","COD_REG":"6"}},
{"type":"Feature","geometry":{"type":"Polygon","coordinates":[[[-70.32906,-34.95914],[-70.33191,-34.93978],[-70.31886,-34.93126],[-70.28983,-34.87967],[-70.27687,-34.86255],[-70.27866,-34.8507],[-70.26289,-34.83341],[-70.25783,-34.8069],[-70.25173,-34.79418],[-70.27059,-34.7916],[-70.28271,-34.78069],[-70.30922,-34.76892],[-70.3218,-34.77282],[-70.32587,-34.79511],[-70.35337,-34.81417],[-70.34402,-34.82546],[-70.35417,-34.83061],[-70.35729,-34.86383],[-70.3668,-34.88554],[-70.38584,-34.88857],[-70.40165,-34.89979],[-70.41011,-34.91527],[-70.40406,-34.92999],[-70.41289,-34.95214],[-70.39971,-34.9678],[-70.38193,-34.96594],[-70.3639,-34.95389],[-70.35467,-34.95994],[-70.32906,-34.95914]]]},"properties":{"COD_SHAC":"SHAC-06-28-318","SHAC":"Rio de las Damas","REGION":"Libertador General Bernardo O'Higgins","NOM_ACUIF":"Cuencas Altas VI","COD_BNA_SH":"0984","COD_REG":"6"}},
{"type":"Feature","geometry":{"type":"Polygon","coordinates":[[[-70.56635,-34.93921],[-70.56294,-34.93154],[-70.5667,-34.91138],[-70.59622,-34.88169],[-70.60381,-34.84355],[-70.63083,-34.83978],[-70.64086,-34.83464],[-70.6467,-34.81983],[-70.65957,-34.81848],[-70.68128,-34.79153],[-70.693,-34.78759],[-70.72101,-34.76363],[-70.7285,-34.74559],[-70.77297,-34.74094],[-70.76929,-34.75305],[-70.75671,-34.7632],[-70.75296,-34.77571],[-70.75954,-34.80272],[-70.75188,-34.8415],[-70.73582,-34.84992],[-70.73311,-34.85936],[-70.75146,-34.87518],[-70.73943,-34.89081],[-70.72395,-34.89479],[-70.71219,-34.91398],[-70.69554,-34.92613],[-70.68449,-34.92782],[-70.6693,-34.94602],[-70.66707,-34.96183],[-70.63344,-34.98098],[-70.61837,-34.98502],[-70.61471,-34.96074],[-70.57075,-34.95492],[-70.56635,-34.93921]]]},"properties":{"COD_SHAC":"SHAC-06-25-315","SHAC":"Rio Claro de Tinguiririca","REGION":"Libertador General Bernardo O'Higgins","NOM_ACUIF":"Cuencas Altas VI","COD_BNA_SH":"0981","COD_REG":"6"}},
{"type":"Feature","geometry":{"type":"Polygon","coordinates":[[[-71.22409,-33.24266],[-71.25908,-33.23334],[-71.26671,-33.24326],[-71.31292,-33.26471],[-71.32811,-33.28308],[-71.3368,-33.28672],[-71.33844,-33.29609],[-71.3318,-33.31438],[-71.3144,-33.32346],[-71.25292,-33.31296],[-71.23006,-33.32373],[-71.20321,-33.30831],[-71.22143,-33.27919],[-71.22409,-33.24266]]]},"properties":{"COD_SHAC":"SHAC-05-46-224","SHAC":"Los Perales","REGION":"Valparaiso","NOM_ACUIF":"Estero Casablanca","COD_BNA_SH":"0371","COD_REG":"5"}},
{"type":"Feature","geometry":{"type":"Polygon","coordinates":[[[-71.56553,-33.98319],[-71.58806,-33.98882],[-71.59415,-33.95987],[-71.62185,-33.94607],[-71.63183,-33.94721],[-71.66299,-33.94514],[-71.68089,-33.94893],[-71.70357,-33.95983],[-71.70564,-33.96739],[-71.6885,-33.98061],[-71.67997,-34.00656],[-71.66192,-34.0136],[-71.64026,-34.04023],[-71.6198,-34.04534],[-71.62724,-34.05925],[-71.62522,-34.06944],[-71.6543,-34.08522],[-71.65479,-34.10084],[-71.64294,-34.12647],[-71.65072,-34.13471],[-71.6339,-34.14517],[-71.62722,-34.16613],[-71.60884,-34.16992],[-71.55913,-34.17217],[-71.52336,-34.17938],[-71.51567,-34.16059],[-71.51942,-34.14884],[-71.51567,-34.12292],[-71.49801,-34.12069],[-71.4893,-34.10838],[-71.47557,-34.11655],[-71.45798,-34.10692],[-71.44196,-34.10338],[-71.43076,-34.09433],[-71.42778,-34.08261],[-71.41173,-34.06213],[-71.41646,-34.05566],[-71.41315,-34.03546],[-71.43219,-34.0318],[-71.44966,-34.0148],[-71.47112,-34.01103],[-71.49869,-33.99806],[-71.5231,-33.99175],[-71.54005,-33.99226],[-71.55693,-33.98108],[-71.56553,-33.98319]]]},"properties":{"COD_SHAC":"SHAC-06-59-350","SHAC":"Rio Rapel antes junta estero Rosario","REGION":"Libertador General Bernardo O'Higgins","NOM_ACUIF":"Rio Rapel","COD_BNA_SH":"0429","COD_REG":"6"}},
{"type":"Feature","geometry":{"type":"Polygon","coordinates":[[[-71.44196,-34.10338],[-71.44161,-34.11528],[-71.45701,-34.14272],[-71.43534,-34.14432],[-71.42068,-34.14113],[-71.39701,-34.13536],[-71.38521,-34.1465],[-71.36222,-34.14435],[-71.35868,-34.13332],[-71.34152,-34.13122],[-71.33273,-34.1183],[-71.30617,-34.12188],[-71.30011,-34.13084],[-71.26096,-34.1429],[-71.2441,-34.15071],[-71.22819,-34.14774],[-71.22126,-34.13971],[-71.20287,-34.14377],[-71.18543,-34.15713],[-71.16052,-34.16374],[-71.12681,-34.16619],[-71.1165,-34.16264],[-71.07214,-34.1837],[-71.05575,-34.1798],[-71.03131,-34.16463],[-71.02245,-34.16972],[-71.00411,-34.16736],[-70.98276,-34.1729],[-70.96949,-34.1721],[-70.94821,-34.16104],[-70.91496,-34.14381],[-70.92925,-34.13606],[-70.94141,-34.10384],[-70.9355,-34.0861],[-70.91929,-34.07718],[-70.89106,-34.07466],[-70.88849,-34.0389],[-70.84445,-34.0281],[-70.81831,-34.03479],[-70.79472,-34.00042],[-70.81226,-33.98883],[-70.81053,-33.9824],[-70.84141,-33.95467],[-70.85529,-33.96979],[-70.89552,-33.98827],[-70.90611,-33.97838],[-70.93295,-33.97698],[-70.96559,-33.96734],[-70.95557,-33.94426],[-70.96548,-33.91788],[-70.98015,-33.91246],[-70.99527,-33.89637],[-71.01466,-33.88838],[-71.03215,-33.89894],[-71.06153,-33.89321],[-71.08551,-33.89415],[-71.08899,-33.91115],[-71.09857,-33.93206],[-71.11469,-33.9458],[-71.12619,-33.94377],[-71.1573,-33.94823],[-71.16638,-33.96037],[-71.20788,-33.95951],[-71.21465,-33.9741],[-71.20707,-33.98713],[-71.2348,-34.01373],[-71.27519,-34.017],[-71.29461,-34.02683],[-71.3133,-34.04411],[-71.34152,-34.05036],[-71.35151,-34.0648],[-71.36611,-34.05985],[-71.38741,-34.06767],[-71.41173,-34.06213],[-71.42778,-34.08261],[-71.43076,-34.09433],[-71.44196,-34.10338]]]},"properties":{"COD_SHAC":"SHAC-13-44-290","SHAC":"Estero Alhue","REGION":"Metropolitana de Santiago","NOM_ACUIF":"Alhué","COD_BNA_SH":"0417","COD_REG":"13"}},
{"type":"Feature","geometry":{"type":"Polygon","coordinates":[[[-72.39413,-40.05318],[-72.44886,-40.04172],[-72.47484,-40.05423],[-72.5291,-40.06303],[-72.57244,-40.05486],[-72.60904,-40.0677],[-72.70202,-40.06576],[-72.7313,-40.05197],[-72.79,-40.06344],[-72.81714,-40.08294],[-72.82923,-40.10737],[-72.86157,-40.10837],[-72.87882,-40.1193],[-72.89081,-40.1116],[-72.93488,-40.12871],[-72.94168,-40.1458],[-72.95529,-40.15362],[-72.97548,-40.15166],[-72.98489,-40.14241],[-73.0055,-40.14599],[-73.02408,-40.15983],[-73.06186,-40.16781],[-73.09668,-40.15564],[-73.10982,-40.16082],[-73.11144,-40.17973],[-73.12519,-40.21179],[-73.13444,-40.21529],[-73.17484,-40.20327],[-73.20613,-40.20559],[-73.22277,-40.2102],[-73.23632,-40.22155],[-73.26408,-40.21069],[-73.29013,-40.209],[-73.31711,-40.19368],[-73.38071,-40.20342],[-73.37969,-40.23186],[-73.35148,-40.23803],[-73.34004,-40.262],[-73.32589,-40.27137],[-73.33943,-40.2853],[-73.31628,-40.29873],[-73.31401,-40.31548],[-73.33407,-40.32354],[-73.35178,-40.33652],[-73.30491,-40.34084],[-73.28719,-40.35301],[-73.25836,-40.36071],[-73.25033,-40.37694],[-73.22415,-40.38362],[-73.21404,-40.39038],[-73.22246,-40.40779],[-73.21643,-40.41999],[-73.22779,-40.43307],[-73.21161,-40.44774],[-73.19619,-40.47229],[-73.20124,-40.49299],[-73.18972,-40.50134],[-73.16478,-40.49115],[-73.10745,-40.4827],[-73.0898,-40.48726],[-73.01232,-40.46617],[-72.99588,-40.46652],[-72.9754,-40.47395],[-72.95604,-40.49093],[-72.92457,-40.50579],[-72.91995,-40.5206],[-72.9055,-40.53785],[-72.90597,-40.54988],[-72.89388,-40.55696],[-72.88416,-40.57254],[-72.8175,-40.61123],[-72.78292,-40.62636],[-72.76069,-40.63249],[-72.69543,-40.64287],[-72.68029,-40.65162],[-72.67426,-40.66306],[-72.65846,-40.66867],[-72.64564,-40.67593],[-72.61583,-40.66344],[-72.60036,-40.65086],[-72.57851,-40.63955],[-72.56401,-40.62154],[-72.56407,-40.60787],[-72.53919,-40.59533],[-72.49928,-40.59307],[-72.48643,-40.59682],[-72.46308,-40.59236],[-72.42558,-40.59097],[-72.38768,-40.59724],[-72.3575,-40.58943],[-72.33101,-40.5678],[-72.31173,-40.5582],[-72.2746,-40.53026],[-72.27073,-40.51516],[-72.26009,-40.51203],[-72.26576,-40.49371],[-72.2965,-40.49165],[-72.30793,-40.46915],[-72.30993,-40.45207],[-72.30268,-40.43134],[-72.32273,-40.4207],[-72.33605,-40.40769],[-72.33443,-40.39425],[-72.38475,-40.37564],[-72.41325,-40.37268],[-72.43417,-40.36616],[-72.446,-40.34324],[-72.47146,-40.35282],[-72.49525,-40.37124],[-72.51164,-40.37046],[-72.526,-40.36056],[-72.53587,-40.34651],[-72.55682,-40.33882],[-72.57388,-40.30066],[-72.56118,-40.28871],[-72.57636,-40.26959],[-72.57499,-40.24965],[-72.56105,-40.23821],[-72.56309,-40.22893],[-72.54842,-40.20873],[-72.54531,-40.17951],[-72.51779,-40.16097],[-72.52583,-40.15244],[-72.51693,-40.13775],[-72.49932,-40.12737],[-72.48888,-40.11372],[-72.47429,-40.11006],[-72.47658,-40.09903],[-72.44352,-40.08586],[-72.42392,-40.08844],[-72.3834,-40.08614],[-72.38369,-40.06542],[-72.39413,-40.05318]]]},"properties":{"COD_SHAC":"SHAC-14-11-416","SHAC":"Bueno Medio","REGION":"Los Rios","NOM_ACUIF":"Rio Bueno","COD_BNA_SH":"1092","COD_REG":"14"}},
{"type":"Feature","geometry":{"type":"MultiPolygon","coordinates":[[[[-72.82764,-41.3279],[-72.89281,-41.34765],[-72.92308,-41.34348],[-72.94488,-41.34627],[-72.97518,-41.34269],[-72.9977,-41.33083],[-73.00719,-41.31173],[-73.02707,-41.30665],[-73.03833,-41.25583],[-73.05958,-41.24573],[-73.06385,-41.23526],[-73.05112,-41.21795],[-73.05981,-41.20282],[-73.04873,-41.19606],[-73.05251,-41.18447],[-73.02161,-41.17165],[-73.04643,-41.1478],[-73.04515,-41.13588],[-73.05214,-41.11669],[-73.1133,-41.13075],[-73.15809,-41.13546],[-73.17909,-41.14326],[-73.1921,-41.16542],[-73.18786,-41.17516],[-73.16495,-41.19251],[-73.16615,-41.20491],[-73.14713,-41.24604],[-73.1493,-41.26764],[-73.18622,-41.28012],[-73.20179,-41.2806],[-73.20929,-41.26946],[-73.24608,-41.27332],[-73.2878,-41.26979],[-73.33512,-41.27478],[-73.351,-41.29141],[-73.38628,-41.29248],[-73.39692,-41.2755],[-73.41073,-41.27655],[-73.41779,-41.30281],[-73.42745,-41.31471],[-73.42626,-41.33679],[-73.43992,-41.35639],[-73.46277,-41.37385],[-73.47591,-41.39872],[-73.4982,-41.40976],[-73.53205,-41.41377],[-73.54574,-41.42042],[-73.55398,-41.41176],[-73.55824,-41.39229],[-73.56924,-41.37208],[-73.56871,-41.35946],[-73.58072,-41.3577],[-73.5857,-41.346],[-73.60583,-41.34029],[-73.62288,-41.33032],[-73.63239,-41.34238],[-73.64741,-41.34534],[-73.64946,-41.36913],[-73.67724,-41.37674],[-73.70352,-41.37473],[-73.72605,-41.37763],[-73.75645,-41.37456],[-73.77117,-41.39399],[-73.79735,-41.38207],[-73.80749,-41.37183],[-73.83159,-41.37395],[-73.83658,-41.40842],[-73.8501,-41.42072],[-73.83368,-41.44365],[-73.84742,-41.46445],[-73.83384,-41.47062],[-73.82357,-41.49319],[-73.80185,-41.50299],[-73.78766,-41.53815],[-73.78405,-41.56035],[-73.79002,-41.57637],[-73.76962,-41.57098],[-73.77178,-41.56309],[-73.74947,-41.55857],[-73.73216,-41.56411],[-73.70747,-41.58477],[-73.68931,-41.5948],[-73.65683,-41.59064],[-73.65369,-41.59657],[-73.65981,-41.62528],[-73.67086,-41.63851],[-73.69195,-41.63388],[-73.69433,-41.65431],[-73.68598,-41.65948],[-73.6922,-41.67624],[-73.71773,-41.72369],[-73.73626,-41.74488],[-73.72536,-41.75152],[-73.70593,-41.75196],[-73.69629,-41.74514],[-73.65906,-41.75821],[-73.63946,-41.75637],[-73.61738,-41.76361],[-73.55441,-41.76954],[-73.51676,-41.78253],[-73.4917,-41.79658],[-73.47244,-41.79958],[-73.44367,-41.78685],[-73.42047,-41.78274],[-73.39839,-41.79755],[-73.39797,-41.80311],[-73.37252,-41.81043],[-73.35804,-41.80561],[-73.35666,-41.79594],[-73.38029,-41.77817],[-73.40727,-41.77707],[-73.40558,-41.76584],[-73.36938,-41.7651],[-73.34347,-41.77255],[-73.33443,-41.77045],[-73.30119,-41.7787],[-73.28232,-41.77949],[-73.25619,-41.78766],[-73.24037,-41.77617],[-73.2569,-41.74874],[-73.26292,-41.73072],[-73.24915,-41.71397],[-73.23302,-41.71648],[-73.227,-41.73139],[-73.21317,-41.73369],[-73.1854,-41.75085],[-73.1897,-41.77005],[-73.15728,-41.77501],[-73.14985,-41.76262],[-73.13265,-41.77708],[-73.12742,-41.76198],[-73.10617,-41.74724],[-73.09334,-41.72848],[-73.09348,-41.70828],[-73.06105,-41.72146],[-73.03716,-41.70366],[-73.04965,-41.68236],[-73.0662,-41.66622],[-73.05491,-41.64384],[-73.07164,-41.63703],[-73.0866,-41.61852],[-73.07773,-41.61395],[-73.09768,-41.59283],[-73.08499,-41.57645],[-73.06516,-41.56509],[-73.03171,-41.56158],[-73.04437,-41.52849],[-73.03811,-41.5173],[-73.01993,-41.51065],[-73.00043,-41.5133],[-72.97837,-41.48619],[-72.96758,-41.48962],[-72.93864,-41.47297],[-72.91992,-41.47594],[-72.89615,-41.49442],[-72.87962,-41.49863],[-72.88101,-41.48449],[-72.84031,-41.44695],[-72.84008,-41.4151],[-72.86004,-41.39819],[-72.84531,-41.38198],[-72.83376,-41.36004],[-72.84226,-41.34833],[-72.82764,-41.3279]]],[[[-73.23068,-41.73679],[-73.24781,-41.73426],[-73.23301,-41.77174],[-73.24598,-41.79628],[-73.23257,-41.80213],[-73.20623,-41.79481],[-73.18838,-41.78565],[-73.16077,-41.79152],[-73.15824,-41.77641],[-73.19541,-41.77574],[-73.18976,-41.75702],[-73.2107,-41.73698],[-73.23068,-41.73679]]]]},"properties":{"COD_SHAC":"SHAC-10-10","SHAC":"Rio Maullin","REGION":"Los Lagos","NOM_ACUIF":"Rio Maullin","COD_BNA_SH":"0885","COD_REG":"10"}},
{"type":"Feature","geometry":{"type":"Polygon","coordinates":[[[-68.22957,-21.81289],[-68.23921,-21.83021],[-68.25664,-21.84388],[-68.26304,-21.86311],[-68.29859,-21.8675],[-68.31838,-21.87231],[-68.33083,-21.88591],[-68.34355,-21.88231],[-68.39069,-21.88801],[-68.37507,-21.89813],[-68.35822,-21.92425],[-68.34742,-21.94927],[-68.36942,-21.97825],[-68.3807,-21.9867],[-68.38268,-22.00203],[-68.3645,-22.01279],[-68.35814,-22.02478],[-68.33487,-22.04503],[-68.29541,-22.03848],[-68.29224,-22.05057],[-68.25842,-22.062],[-68.23113,-22.05617],[-68.20333,-22.07259],[-68.191,-22.08629],[-68.16825,-22.08718],[-68.15967,-22.10253],[-68.13975,-22.11237],[-68.12072,-22.12869],[-68.10535,-22.15384],[-68.08758,-22.17142],[-68.08883,-22.18465],[-68.05046,-22.179],[-68.03788,-22.1688],[-68.01613,-22.16481],[-67.99744,-22.17254],[-67.98356,-22.15623],[-67.95458,-22.15061],[-67.94156,-22.13116],[-67.93923,-22.10736],[-67.9504,-22.08971],[-67.9626,-22.08188],[-67.96641,-22.05796],[-67.99589,-22.04302],[-68.00595,-22.04079],[-68.01366,-22.02397],[-68.06915,-21.98147],[-68.07709,-21.96447],[-68.08042,-21.9429],[-68.08514,-21.93781],[-68.09706,-21.90264],[-68.11002,-21.89647],[-68.11671,-21.90238],[-68.17453,-21.8728],[-68.18878,-21.86073],[-68.18569,-21.8456],[-68.19776,-21.83075],[-68.20995,-21.83052],[-68.22957,-21.81289]]]},"properties":{"COD_SHAC":"SHAC-02-10-19","SHAC":"San Pedro Inacaliri","REGION":"Antofagasta","NOM_ACUIF":"Rio Loa","COD_BNA_SH":"1107","COD_REG":"2"}},
{"type":"Feature","geometry":{"type":"Polygon","coordinates":[[[-73.74473,-42.57529],[-73.74415,-42.57378],[-73.75241,-42.57104],[-73.74893,-42.57522],[-73.74473,-42.57529]]]},"properties":{"COD_SHAC":"SHAC-10-44","SHAC":"Isla Linlinao","REGION":"Los Lagos","NOM_ACUIF":"islas X","COD_BNA_SH":"1054","COD_REG":"10"}},
{"type":"Feature","geometry":{"type":"Polygon","coordinates":[[[-72.95182,-41.49298],[-72.97951,-41.49236],[-72.97148,-41.50172],[-72.95182,-41.49298]]]},"properties":{"COD_SHAC":"SHAC-10-45","SHAC":"Isla Tenglo","REGION":"Los Lagos","NOM_ACUIF":"islas X","COD_BNA_SH":"1080","COD_REG":"10"}},
{"type":"Feature","geometry":{"type":"Polygon","coordinates":[[[-73.76428,-43.31518],[-73.80856,-43.32293],[-73.79326,-43.34165],[-73.77243,-43.37459],[-73.7474,-43.39207],[-73.72315,-43.3986],[-73.69978,-43.38337],[-73.68987,-43.39155],[-73.67504,-43.38648],[-73.67594,-43.37305],[-73.66256,-43.35287],[-73.69582,-43.34158],[-73.72321,-43.32496],[-73.74785,-43.32575],[-73.76428,-43.31518]]]},"properties":{"COD_SHAC":"SHAC-10-46","SHAC":"Isla San Pedro","REGION":"Los Lagos","NOM_ACUIF":"islas X","COD_BNA_SH":"1076","COD_REG":"10"}},
{"type":"Feature","geometry":{"type":"Polygon","coordinates":[[[-73.6093,-43.184],[-73.61732,-43.16386],[-73.62901,-43.17869],[-73.64246,-43.18677],[-73.63238,-43.19564],[-73.62005,-43.22478],[-73.62644,-43.23827],[-73.61038,-43.25202],[-73.58166,-43.26199],[-73.57088,-43.24796],[-73.59646,-43.23155],[-73.60776,-43.20013],[-73.6093,-43.184]]]},"properties":{"COD_SHAC":"SHAC-10-47","SHAC":"Isla Laitec","REGION":"Los Lagos","NOM_ACUIF":"islas X","COD_BNA_SH":"1049","COD_REG":"10"}},
{"type":"Feature","geometry":{"type":"Polygon","coordinates":[[[-73.5288,-42.91579],[-73.53797,-42.9178],[-73.57926,-42.91569],[-73.5825,-42.92574],[-73.57144,-42.94034],[-73.57185,-42.95671],[-73.53955,-42.94341],[-73.5229,-42.94696],[-73.52304,-42.96411],[-73.51634,-42.97415],[-73.49866,-42.97068],[-73.48453,-42.97982],[-73.47037,-42.98004],[-73.46392,-42.99362],[-73.43997,-42.9925],[-73.39762,-42.99969],[-73.3262,-43.01522],[-73.33019,-43.00422],[-73.35033,-42.98944],[-73.40734,-42.96554],[-73.46769,-42.94405],[-73.5193,-42.91692],[-73.5288,-42.91579]]]},"properties":{"COD_SHAC":"SHAC-10-48","SHAC":"Isla Tranqui","REGION":"Los Lagos","NOM_ACUIF":"islas X","COD_BNA_SH":"1083","COD_REG":"10"}},
{"type":"Feature","geometry":{"type":"Polygon","coordinates":[[[-73.45533,-43.0399],[-73.4702,-43.04259],[-73.45042,-43.05097],[-73.45533,-43.0399]]]},"properties":{"COD_SHAC":"SHAC-10-49","SHAC":"Isla Chaullín","REGION":"Los Lagos","NOM_ACUIF":"islas X","COD_BNA_SH":"1035","COD_REG":"10"}},
{"type":"Feature","geometry":{"type":"Polygon","coordinates":[[[-73.43507,-42.93227],[-73.42725,-42.92381],[-73.41742,-42.91695],[-73.43134,-42.91887],[-73.43525,-42.92727],[-73.43507,-42.93227]]]},"properties":{"COD_SHAC":"SHAC-10-50","SHAC":"Isla Acui","REGION":"Los Lagos","NOM_ACUIF":"islas X","COD_BNA_SH":"1024","COD_REG":"10"}},
{"type":"Feature","geometry":{"type":"Polygon","coordinates":[[[-74.74387,-43.51682],[-74.74993,-43.55304],[-74.76036,-43.56537],[-74.78586,-43.57609],[-74.80078,-43.56541],[-74.83005,-43.56979],[-74.8305,-43.58304],[-74.82151,-43.59345],[-74.81187,-43.62946],[-74.78642,-43.65529],[-74.77422,-43.6806],[-74.74229,-43.67313],[-74.7242,-43.65372],[-74.68211,-43.64076],[-74.64103,-43.63934],[-74.56754,-43.6308],[-74.56058,-43.61947],[-74.57472,-43.61575],[-74.57252,-43.60183],[-74.5909,-43.58465],[-74.63096,-43.56925],[-74.64947,-43.54909],[-74.65862,-43.55372],[-74.68982,-43.53654],[-74.72601,-43.52577],[-74.74387,-43.51682]]]},"properties":{"COD_SHAC":"SHAC-10-51","SHAC":"Isla Guafo","REGION":"Los Lagos","NOM_ACUIF":"islas X","COD_BNA_SH":"1043","COD_REG":"10"}},
{"type":"Feature","geometry":{"type":"Polygon","coordinates":[[[-73.52544,-43.17855],[-73.54928,-43.16809],[-73.55433,-43.13696],[-73.57972,-43.1379],[-73.5863,-43.15189],[-73.5783,-43.173],[-73.56332,-43.1883],[-73.57259,-43.20128],[-73.53142,-43.19396],[-73.49704,-43.17242],[-73.51086,-43.14763],[-73.52866,-43.14563],[-73.52694,-43.15884],[-73.50824,-43.16245],[-73.52544,-43.17855]]]},"properties":{"COD_SHAC":"SHAC-10-52","SHAC":"Isla Cailin","REGION":"Los Lagos","NOM_ACUIF":"islas X","COD_BNA_SH":"1032","COD_REG":"10"}},
{"type":"Feature","geometry":{"type":"Polygon","coordinates":[[[-74.20534,-43.46626],[-74.21277,-43.46616],[-74.21189,-43.47231],[-74.20534,-43.46626]]]},"properties":{"COD_SHAC":"SHAC-10-53","SHAC":"Isla 13","REGION":"Los Lagos","NOM_ACUIF":"islas X","COD_BNA_SH":"1007","COD_REG":"10"}},
{"type":"Feature","geometry":{"type":"Polygon","coordinates":[[[-74.20573,-43.45799],[-74.20694,-43.4629],[-74.20374,-43.46302],[-74.20201,-43.45954],[-74.20573,-43.45799]]]},"properties":{"COD_SHAC":"SHAC-10-54","SHAC":"Isla 14","REGION":"Los Lagos","NOM_ACUIF":"islas X","COD_BNA_SH":"1008","COD_REG":"10"}},
{"type":"Feature","geometry":{"type":"Polygon","coordinates":[[[-74.20318,-43.45398],[-74.20106,-43.45872],[-74.19966,-43.4556],[-74.20318,-43.45398]]]},"properties":{"COD_SHAC":"SHAC-10-55","SHAC":"Isla 15","REGION":"Los Lagos","NOM_ACUIF":"islas X","COD_BNA_SH":"1009","COD_REG":"10"}},
{"type":"Feature","geometry":{"type":"Polygon","coordinates":[[[-74.20186,-43.44617],[-74.20431,-43.44447],[-74.20737,-43.44549],[-74.20291,-43.44674],[-74.20186,-43.44617]]]},"properties":{"COD_SHAC":"SHAC-10-56","SHAC":"Isla 16","REGION":"Los Lagos","NOM_ACUIF":"islas X","COD_BNA_SH":"1010","COD_REG":"10"}},
{"type":"Feature","geometry":{"type":"Polygon","coordinates":[[[-74.24845,-43.44447],[-74.24654,-43.43972],[-74.24931,-43.43836],[-74.25229,-43.44784],[-74.24989,-43.44821],[-74.24845,-43.44447]]]},"properties":{"COD_SHAC":"SHAC-10-57","SHAC":"Isla 10","REGION":"Los Lagos","NOM_ACUIF":"islas X","COD_BNA_SH":"1004","COD_REG":"10"}},
{"type":"Feature","geometry":{"type":"Polygon","coordinates":[[[-74.25822,-43.44341],[-74.25167,-43.43704],[-74.25546,-43.43278],[-74.25822,-43.44341]]]},"properties":{"COD_SHAC":"SHAC-10-58","SHAC":"Isla 11","REGION":"Los Lagos","NOM_ACUIF":"islas X","COD_BNA_SH":"1005","COD_REG":"10"}},
{"type":"Feature","geometry":{"type":"Polygon","coordinates":[[[-74.26755,-43.4319],[-74.27234,-43.43187],[-74.27248,-43.43709],[-74.26917,-43.43679],[-74.26755,-43.4319]]]},"properties":{"COD_SHAC":"SHAC-10-59","SHAC":"Isla 12","REGION":"Los Lagos","NOM_ACUIF":"islas X","COD_BNA_SH":"1006","COD_REG":"10"}},
{"type":"Feature","geometry":{"type":"Polygon","coordinates":[[[-74.24976,-43.43222],[-74.24707,-43.42829],[-74.25161,-43.42621],[-74.24976,-43.43222]]]},"properties":{"COD_SHAC":"SHAC-10-60","SHAC":"Isla 9","REGION":"Los Lagos","NOM_ACUIF":"islas X","COD_BNA_SH":"1022","COD_REG":"10"}},
{"type":"Feature","geometry":{"type":"Polygon","coordinates":[[[-74.24569,-43.41559],[-74.24906,-43.42427],[-74.24519,-43.42521],[-74.23967,-43.4192],[-74.24569,-43.41559]]]},"properties":{"COD_SHAC":"SHAC-10-61","SHAC":"Isla 8","REGION":"Los Lagos","NOM_ACUIF":"islas X","COD_BNA_SH":"1021","COD_REG":"10"}},
{"type":"Feature","geometry":{"type":"Polygon","coordinates":[[[-74.2098,-43.39662],[-74.21313,-43.39806],[-74.20983,-43.39902],[-74.2098,-43.39662]]]},"properties":{"COD_SHAC":"SHAC-10-62","SHAC":"Isla 17","REGION":"Los Lagos","NOM_ACUIF":"islas X","COD_BNA_SH":"1011","COD_REG":"10"}},
{"type":"Feature","geometry":{"type":"Polygon","coordinates":[[[-74.09057,-43.39672],[-74.10064,-43.40344],[-74.0945,-43.41237],[-74.08523,-43.40809],[-74.09057,-43.39672]]]},"properties":{"COD_SHAC":"SHAC-10-63","SHAC":"Isla 5","REGION":"Los Lagos","NOM_ACUIF":"islas X","COD_BNA_SH":"1018","COD_REG":"10"}},
{"type":"Feature","geometry":{"type":"Polygon","coordinates":[[[-74.29153,-43.37554],[-74.29137,-43.37832],[-74.28783,-43.37679],[-74.29153,-43.37554]]]},"properties":{"COD_SHAC":"SHAC-10-64","SHAC":"Isla 18","REGION":"Los Lagos","NOM_ACUIF":"islas X","COD_BNA_SH":"1012","COD_REG":"10"}},
{"type":"Feature","geometry":{"type":"Polygon","coordinates":[[[-74.28593,-43.37028],[-74.28801,-43.36635],[-74.29078,-43.36828],[-74.28593,-43.37028]]]},"properties":{"COD_SHAC":"SHAC-10-65","SHAC":"Isla 19","REGION":"Los Lagos","NOM_ACUIF":"islas X","COD_BNA_SH":"1013","COD_REG":"10"}},
{"type":"Feature","geometry":{"type":"Polygon","coordinates":[[[-74.21797,-43.35453],[-74.21859,-43.35679],[-74.21484,-43.35881],[-74.2147,-43.35587],[-74.21797,-43.35453]]]},"properties":{"COD_SHAC":"SHAC-10-66","SHAC":"Isla 7","REGION":"Los Lagos","NOM_ACUIF":"islas X","COD_BNA_SH":"1020","COD_REG":"10"}},
{"type":"Feature","geometry":{"type":"Polygon","coordinates":[[[-74.19499,-43.35603],[-74.2012,-43.35918],[-74.19496,-43.36791],[-74.19277,-43.35866],[-74.19499,-43.35603]]]},"properties":{"COD_SHAC":"SHAC-10-67","SHAC":"Isla 6","REGION":"Los Lagos","NOM_ACUIF":"islas X","COD_BNA_SH":"1019","COD_REG":"10"}},
{"type":"Feature","geometry":{"type":"Polygon","coordinates":[[[-74.25326,-43.34887],[-74.2782,-43.36383],[-74.27207,-43.36905],[-74.28342,-43.39345],[-74.2774,-43.40113],[-74.28621,-43.41526],[-74.26109,-43.42495],[-74.24592,-43.41282],[-74.23381,-43.4095],[-74.24953,-43.39171],[-74.2451,-43.37875],[-74.24743,-43.35264],[-74.25326,-43.34887]]]},"properties":{"COD_SHAC":"SHAC-10-68","SHAC":"Isla Quilan","REGION":"Los Lagos","NOM_ACUIF":"islas X","COD_BNA_SH":"1073","COD_REG":"10"}},
{"type":"Feature","geometry":{"type":"Polygon","coordinates":[[[-73.71736,-43.17486],[-73.72684,-43.18959],[-73.74484,-43.19917],[-73.7317,-43.21686],[-73.69617,-43.22739],[-73.67939,-43.24533],[-73.66386,-43.23723],[-73.66304,-43.19337],[-73.69305,-43.1882],[-73.71736,-43.17486]]]},"properties":{"COD_SHAC":"SHAC-10-69","SHAC":"Isla Coldita","REGION":"Los Lagos","NOM_ACUIF":"islas X","COD_BNA_SH":"1041","COD_REG":"10"}},
{"type":"Feature","geometry":{"type":"Polygon","coordinates":[[[-73.27557,-42.47697],[-73.28324,-42.48502],[-73.26387,-42.51406],[-73.24905,-42.50358],[-73.2498,-42.48003],[-73.26138,-42.47303],[-73.27557,-42.47697]]]},"properties":{"COD_SHAC":"SHAC-10-70","SHAC":"Isla Caguach","REGION":"Los Lagos","NOM_ACUIF":"islas X","COD_BNA_SH":"1031","COD_REG":"10"}},
{"type":"Feature","geometry":{"type":"Polygon","coordinates":[[[-73.49682,-42.54817],[-73.51355,-42.55118],[-73.52878,-42.56379],[-73.52654,-42.57239],[-73.5396,-42.58077],[-73.53993,-42.59812],[-73.52039,-42.59902],[-73.50626,-42.58725],[-73.5069,-42.56833],[-73.49102,-42.55288],[-73.49682,-42.54817]]]},"properties":{"COD_SHAC":"SHAC-10-71","SHAC":"Isla Chelín","REGION":"Los Lagos","NOM_ACUIF":"islas X","COD_BNA_SH":"1036","COD_REG":"10"}},
{"type":"Feature","geometry":{"type":"Polygon","coordinates":[[[-73.41316,-42.61865],[-73.40309,-42.61812],[-73.40659,-42.61038],[-73.41316,-42.61865]]]},"properties":{"COD_SHAC":"SHAC-10-72","SHAC":"Isla Imelev","REGION":"Los Lagos","NOM_ACUIF":"islas X","COD_BNA_SH":"1046","COD_REG":"10"}},
{"type":"Feature","geometry":{"type":"Polygon","coordinates":[[[-73.2365,-42.462],[-73.24972,-42.45616],[-73.24814,-42.46388],[-73.2365,-42.462]]]},"properties":{"COD_SHAC":"SHAC-10-73","SHAC":"Isla Teuquelín","REGION":"Los Lagos","NOM_ACUIF":"islas X","COD_BNA_SH":"1081","COD_REG":"10"}},
{"type":"Feature","geometry":{"type":"Polygon","coordinates":[[[-73.45441,-42.61516],[-73.49848,-42.60167],[-73.51402,-42.61774],[-73.52681,-42.61653],[-73.5423,-42.62611],[-73.53071,-42.6467],[-73.50014,-42.6417],[-73.47244,-42.64838],[-73.43664,-42.63218],[-73.42358,-42.61924],[-73.45441,-42.61516]]]},"properties":{"COD_SHAC":"SHAC-10-74","SHAC":"Isla Quehui","REGION":"Los Lagos","NOM_ACUIF":"islas X","COD_BNA_SH":"1068","COD_REG":"10"}},
{"type":"Feature","geometry":{"type":"Polygon","coordinates":[[[-73.59269,-42.57081],[-73.60976,-42.56992],[-73.61475,-42.58487],[-73.64688,-42.59493],[-73.72081,-42.59541],[-73.74375,-42.61713],[-73.74396,-42.63029],[-73.70847,-42.65334],[-73.68591,-42.65126],[-73.66723,-42.63924],[-73.6284,-42.64535],[-73.62144,-42.6554],[-73.59755,-42.6552],[-73.57793,-42.67988],[-73.57402,-42.70017],[-73.55477,-42.70564],[-73.53057,-42.69662],[-73.53911,-42.68359],[-73.56759,-42.68212],[-73.58228,-42.66846],[-73.58062,-42.63269],[-73.56594,-42.6172],[-73.56983,-42.60286],[-73.59269,-42.57081]]]},"properties":{"COD_SHAC":"SHAC-10-75","SHAC":"Isla Lemuy","REGION":"Los Lagos","NOM_ACUIF":"islas X","COD_BNA_SH":"1050","COD_REG":"10"}},
{"type":"Feature","geometry":{"type":"Polygon","coordinates":[[[-72.98,-41.55329],[-72.99476,-41.55287],[-73.01711,-41.56013],[-73.0182,-41.57277],[-73.00542,-41.59435],[-72.9762,-41.5914],[-72.96055,-41.58084],[-72.97343,-41.56964],[-72.98,-41.55329]]]},"properties":{"COD_SHAC":"SHAC-10-76","SHAC":"Isla Maillín","REGION":"Los Lagos","NOM_ACUIF":"islas X","COD_BNA_SH":"1059","COD_REG":"10"}},
{"type":"Feature","geometry":{"type":"Polygon","coordinates":[[[-72.96547,-41.65819],[-72.98877,-41.66647],[-72.99832,-41.68796],[-72.99915,-41.70216],[-72.98403,-41.72148],[-72.95511,-41.72387],[-72.95225,-41.71844],[-72.96332,-41.69761],[-72.95321,-41.69493],[-72.93213,-41.71076],[-72.90885,-41.7101],[-72.88751,-41.6946],[-72.90197,-41.67857],[-72.92507,-41.6733],[-72.96547,-41.65819]]]},"properties":{"COD_SHAC":"SHAC-10-77","SHAC":"Isla Guar","REGION":"Los Lagos","NOM_ACUIF":"islas X","COD_BNA_SH":"1044","COD_REG":"10"}},
{"type":"Feature","geometry":{"type":"Polygon","coordinates":[[[-73.05042,-41.74479],[-73.05927,-41.73172],[-73.08492,-41.74365],[-73.08786,-41.76495],[-73.07244,-41.77288],[-73.10295,-41.79185],[-73.11383,-41.80926],[-73.08274,-41.82459],[-73.06557,-41.84271],[-73.04911,-41.84353],[-73.03037,-41.86306],[-73.01091,-41.86566],[-72.98512,-41.85782],[-72.99392,-41.82045],[-73.02665,-41.79217],[-73.02882,-41.77047],[-73.03855,-41.75272],[-73.05042,-41.74479]]]},"properties":{"COD_SHAC":"SHAC-10-78","SHAC":"Isla Puluqui","REGION":"Los Lagos","NOM_ACUIF":"islas X","COD_BNA_SH":"1067","COD_REG":"10"}},
{"type":"Feature","geometry":{"type":"Polygon","coordinates":[[[-73.1093,-41.82168],[-73.10034,-41.8478],[-73.09073,-41.84932],[-73.08863,-41.82875],[-73.1093,-41.82168]]]},"properties":{"COD_SHAC":"SHAC-10-79","SHAC":"Isla Chidhuapii","REGION":"Los Lagos","NOM_ACUIF":"islas X","COD_BNA_SH":"1038","COD_REG":"10"}},
{"type":"Feature","geometry":{"type":"Polygon","coordinates":[[[-73.15765,-41.81923],[-73.15174,-41.83855],[-73.13325,-41.83185],[-73.15765,-41.81923]]]},"properties":{"COD_SHAC":"SHAC-10-80","SHAC":"Isla Quenu","REGION":"Los Lagos","NOM_ACUIF":"islas X","COD_BNA_SH":"1070","COD_REG":"10"}},
{"type":"Feature","geometry":{"type":"Polygon","coordinates":[[[-72.89756,-41.86974],[-72.91063,-41.86665],[-72.93461,-41.87485],[-72.92012,-41.8912],[-72.89317,-41.89754],[-72.90385,-41.87376],[-72.89756,-41.86974]]]},"properties":{"COD_SHAC":"SHAC-10-81","SHAC":"Isla Queullin","REGION":"Los Lagos","NOM_ACUIF":"islas X","COD_BNA_SH":"1072","COD_REG":"10"}},
{"type":"Feature","geometry":{"type":"Polygon","coordinates":[[[-73.17428,-41.87229],[-73.1368,-41.89315],[-73.11738,-41.8964],[-73.12102,-41.9126],[-73.09519,-41.90821],[-73.11651,-41.89403],[-73.14057,-41.88619],[-73.16378,-41.87198],[-73.17428,-41.87229]]]},"properties":{"COD_SHAC":"SHAC-10-82","SHAC":"Isla Tabón","REGION":"Los Lagos","NOM_ACUIF":"islas X","COD_BNA_SH":"1077","COD_REG":"10"}},
{"type":"Feature","geometry":{"type":"Polygon","coordinates":[[[-73.34391,-41.7983],[-73.32864,-41.81892],[-73.32546,-41.80746],[-73.34391,-41.7983]]]},"properties":{"COD_SHAC":"SHAC-10-83","SHAC":"Isla Huapi Abtao","REGION":"Los Lagos","NOM_ACUIF":"islas X","COD_BNA_SH":"1045","COD_REG":"10"}},
{"type":"Feature","geometry":{"type":"Polygon","coordinates":[[[-73.37689,-42.1323],[-73.3891,-42.10541],[-73.4141,-42.12869],[-73.43466,-42.13032],[-73.45976,-42.13836],[-73.45655,-42.14598],[-73.4325,-42.14576],[-73.41664,-42.1512],[-73.39991,-42.17245],[-73.38814,-42.18123],[-73.35601,-42.17474],[-73.35928,-42.15133],[-73.37689,-42.1323]]]},"properties":{"COD_SHAC":"SHAC-10-84","SHAC":"Isla Caucahué","REGION":"Los Lagos","NOM_ACUIF":"islas X","COD_BNA_SH":"1033","COD_REG":"10"}},
{"type":"Feature","geometry":{"type":"Polygon","coordinates":[[[-73.10838,-42.25724],[-73.13537,-42.28964],[-73.1515,-42.28217],[-73.1581,-42.26865],[-73.17577,-42.27551],[-73.15753,-42.28581],[-73.14836,-42.31573],[-73.11816,-42.33742],[-73.07222,-42.30073],[-73.06177,-42.29873],[-73.05437,-42.28076],[-73.06043,-42.27071],[-73.10838,-42.25724]]]},"properties":{"COD_SHAC":"SHAC-10-85","SHAC":"Isla Butachauques","REGION":"Los Lagos","NOM_ACUIF":"islas X","COD_BNA_SH":"1029","COD_REG":"10"}},
{"type":"Feature","geometry":{"type":"Polygon","coordinates":[[[-73.14591,-42.2651],[-73.15144,-42.26549],[-73.15148,-42.27168],[-73.14639,-42.27114],[-73.14591,-42.2651]]]},"properties":{"COD_SHAC":"SHAC-10-86","SHAC":"Isla 1","REGION":"Los Lagos","NOM_ACUIF":"islas X","COD_BNA_SH":"1003","COD_REG":"10"}},
{"type":"Feature","geometry":{"type":"Polygon","coordinates":[[[-73.18169,-42.24336],[-73.16074,-42.25267],[-73.1537,-42.26535],[-73.14797,-42.26437],[-73.14901,-42.25441],[-73.18169,-42.24336]]]},"properties":{"COD_SHAC":"SHAC-10-87","SHAC":"Isla Aulin","REGION":"Los Lagos","NOM_ACUIF":"islas X","COD_BNA_SH":"1027","COD_REG":"10"}},
{"type":"Feature","geometry":{"type":"Polygon","coordinates":[[[-73.26188,-42.29021],[-73.27627,-42.28545],[-73.30777,-42.29683],[-73.30547,-42.30501],[-73.28527,-42.31741],[-73.24297,-42.31524],[-73.2318,-42.30782],[-73.24112,-42.29389],[-73.26188,-42.29021]]]},"properties":{"COD_SHAC":"SHAC-10-88","SHAC":"Isla Mechuque","REGION":"Los Lagos","NOM_ACUIF":"islas X","COD_BNA_SH":"1062","COD_REG":"10"}},
{"type":"Feature","geometry":{"type":"Polygon","coordinates":[[[-73.25666,-42.26981],[-73.24517,-42.28346],[-73.23487,-42.27252],[-73.25666,-42.26981]]]},"properties":{"COD_SHAC":"SHAC-10-89","SHAC":"Isla Cheniao","REGION":"Los Lagos","NOM_ACUIF":"islas X","COD_BNA_SH":"1037","COD_REG":"10"}},
{"type":"Feature","geometry":{"type":"Polygon","coordinates":[[[-73.5888,-42.38227],[-73.6173,-42.38826],[-73.65626,-42.38814],[-73.64941,-42.40692],[-73.63033,-42.4143],[-73.60961,-42.43098],[-73.61612,-42.44136],[-73.6447,-42.46197],[-73.63327,-42.47166],[-73.60339,-42.4617],[-73.55726,-42.46964],[-73.52008,-42.48051],[-73.51127,-42.50706],[-73.48192,-42.51782],[-73.46847,-42.51397],[-73.4483,-42.51948],[-73.42554,-42.53752],[-73.43874,-42.54861],[-73.43541,-42.55908],[-73.44528,-42.56704],[-73.3888,-42.58383],[-73.39755,-42.56407],[-73.39532,-42.54011],[-73.42039,-42.52751],[-73.44083,-42.50334],[-73.45653,-42.47906],[-73.47777,-42.46638],[-73.50088,-42.46639],[-73.51598,-42.45138],[-73.51552,-42.4362],[-73.52381,-42.42151],[-73.51677,-42.41071],[-73.51837,-42.39798],[-73.52998,-42.39165],[-73.54986,-42.39924],[-73.57039,-42.38718],[-73.5888,-42.38227]]]},"properties":{"COD_SHAC":"SHAC-10-97","SHAC":"Isla Quinchao","REGION":"Los Lagos","NOM_ACUIF":"islas X","COD_BNA_SH":"1075","COD_REG":"10"}},
{"type":"Feature","geometry":{"type":"Polygon","coordinates":[[[-73.41487,-42.38673],[-73.44021,-42.36661],[-73.45672,-42.37219],[-73.43797,-42.40663],[-73.41629,-42.39898],[-73.41487,-42.38673]]]},"properties":{"COD_SHAC":"SHAC-10-98","SHAC":"Isla Linlín","REGION":"Los Lagos","NOM_ACUIF":"islas X","COD_BNA_SH":"1053","COD_REG":"10"}},
{"type":"Feature","geometry":{"type":"Polygon","coordinates":[[[-73.28707,-42.42363],[-73.28953,-42.38979],[-73.31066,-42.39965],[-73.30717,-42.42266],[-73.33096,-42.4158],[-73.34535,-42.42285],[-73.32369,-42.43406],[-73.29728,-42.43567],[-73.28707,-42.42363]]]},"properties":{"COD_SHAC":"SHAC-10-99","SHAC":"Isla Meulin","REGION":"Los Lagos","NOM_ACUIF":"islas X","COD_BNA_SH":"1063","COD_REG":"10"}},
{"type":"Feature","geometry":{"type":"Polygon","coordinates":[[[-73.42489,-42.43139],[-73.43704,-42.42123],[-73.46122,-42.42456],[-73.46154,-42.43539],[-73.42489,-42.43139]]]},"properties":{"COD_SHAC":"SHAC-10-100","SHAC":"Isla Llingua","REGION":"Los Lagos","NOM_ACUIF":"islas X","COD_BNA_SH":"1057","COD_REG":"10"}},
{"type":"Feature","geometry":{"type":"Polygon","coordinates":[[[-73.31364,-42.45814],[-73.33731,-42.45802],[-73.36111,-42.45141],[-73.37406,-42.45457],[-73.3802,-42.48264],[-73.37734,-42.48978],[-73.34611,-42.49127],[-73.32841,-42.48326],[-73.3117,-42.48417],[-73.29912,-42.47076],[-73.31364,-42.45814]]]},"properties":{"COD_SHAC":"SHAC-10-101","SHAC":"Isla Quenac","REGION":"Los Lagos","NOM_ACUIF":"islas X","COD_BNA_SH":"1069","COD_REG":"10"}},
{"type":"Feature","geometry":{"type":"Polygon","coordinates":[[[-73.32425,-42.62431],[-73.3468,-42.62394],[-73.3589,-42.63307],[-73.32664,-42.64277],[-73.31229,-42.65184],[-73.28082,-42.65926],[-73.24187,-42.66225],[-73.23137,-42.64027],[-73.23392,-42.63226],[-73.32425,-42.62431]]]},"properties":{"COD_SHAC":"SHAC-10-102","SHAC":"Isla Chaulinec","REGION":"Los Lagos","NOM_ACUIF":"islas X","COD_BNA_SH":"1034","COD_REG":"10"}},
{"type":"Feature","geometry":{"type":"Polygon","coordinates":[[[-73.09684,-42.706],[-73.08607,-42.69491],[-73.10421,-42.69855],[-73.09684,-42.706]]]},"properties":{"COD_SHAC":"SHAC-10-110","SHAC":"Isla Imerquiña","REGION":"Los Lagos","NOM_ACUIF":"islas X","COD_BNA_SH":"1047","COD_REG":"10"}},
{"type":"Feature","geometry":{"type":"Polygon","coordinates":[[[-73.07397,-42.75536],[-73.07286,-42.74034],[-73.08661,-42.72581],[-73.0975,-42.73614],[-73.07397,-42.75536]]]},"properties":{"COD_SHAC":"SHAC-10-111","SHAC":"Isla auteni","REGION":"Los Lagos","NOM_ACUIF":"islas X","COD_BNA_SH":"1028","COD_REG":"10"}},
{"type":"Feature","geometry":{"type":"Polygon","coordinates":[[[-73.07308,-42.71605],[-73.07816,-42.71918],[-73.07163,-42.74097],[-73.05411,-42.74327],[-73.05196,-42.72122],[-73.07308,-42.71605]]]},"properties":{"COD_SHAC":"SHAC-10-11","SHAC":"Isla Nayahué","REGION":"Los Lagos","NOM_ACUIF":"islas X","COD_BNA_SH":"1065","COD_REG":"10"}},
{"type":"Feature","geometry":{"type":"Polygon","coordinates":[[[-72.5079,-42.07245],[-72.55722,-42.07595],[-72.57857,-42.08445],[-72.58623,-42.10792],[-72.59947,-42.11643],[-72.60873,-42.13386],[-72.5649,-42.13764],[-72.55336,-42.13596],[-72.53134,-42.156],[-72.50879,-42.1694],[-72.48897,-42.1674],[-72.47954,-42.14467],[-72.48165,-42.12811],[-72.49402,-42.09859],[-72.4789,-42.09035],[-72.48467,-42.08112],[-72.5079,-42.07245]]]},"properties":{"COD_SHAC":"SHAC-10-12","SHAC":"Isla Llancahué","REGION":"Los Lagos","NOM_ACUIF":"islas X","COD_BNA_SH":"1055","COD_REG":"10"}},
{"type":"Feature","geometry":{"type":"Polygon","coordinates":[[[-72.4613,-41.98537],[-72.49545,-42.01887],[-72.51238,-42.0567],[-72.47847,-42.06456],[-72.47141,-42.0418],[-72.46144,-42.02874],[-72.4613,-41.98537]]]},"properties":{"COD_SHAC":"SHAC-10-13","SHAC":"Isla Pelada","REGION":"Los Lagos","NOM_ACUIF":"islas X","COD_BNA_SH":"1066","COD_REG":"10"}},
{"type":"Feature","geometry":{"type":"Polygon","coordinates":[[[-72.44113,-41.68189],[-72.45441,-41.68312],[-72.46573,-41.69789],[-72.43786,-41.68805],[-72.44113,-41.68189]]]},"properties":{"COD_SHAC":"SHAC-10-14","SHAC":"Isla 20","REGION":"Los Lagos","NOM_ACUIF":"islas X","COD_BNA_SH":"1015","COD_REG":"10"}},
{"type":"Feature","geometry":{"type":"Polygon","coordinates":[[[-72.58756,-42.05189],[-72.60244,-42.05061],[-72.60382,-42.0558],[-72.58756,-42.05189]]]},"properties":{"COD_SHAC":"SHAC-10-15","SHAC":"Isla Llanchid","REGION":"Los Lagos","NOM_ACUIF":"islas X","COD_BNA_SH":"1056","COD_REG":"10"}},
{"type":"Feature","geometry":{"type":"Polygon","coordinates":[[[-72.52599,-42.05639],[-72.5345,-42.05915],[-72.53462,-42.0637],[-72.52634,-42.06198],[-72.52599,-42.05639]]]},"properties":{"COD_SHAC":"SHAC-10-16","SHAC":"Isla Cabras","REGION":"Los Lagos","NOM_ACUIF":"islas X","COD_BNA_SH":"1030","COD_REG":"10"}},
{"type":"Feature","geometry":{"type":"Polygon","coordinates":[[[-72.59514,-42.15424],[-72.60219,-42.16069],[-72.58861,-42.16058],[-72.59514,-42.15424]]]},"properties":{"COD_SHAC":"SHAC-10-18","SHAC":"Isla Lilihuapi","REGION":"Los Lagos","NOM_ACUIF":"islas X","COD_BNA_SH":"1051","COD_REG":"10"}},
{"type":"Feature","geometry":{"type":"Polygon","coordinates":[[[-72.62739,-42.05093],[-72.6369,-42.0549],[-72.63442,-42.0593],[-72.6248,-42.05821],[-72.62739,-42.05093]]]},"properties":{"COD_SHAC":"SHAC-10-20","SHAC":"Isla Malomacun","REGION":"Los Lagos","NOM_ACUIF":"islas X","COD_BNA_SH":"1060","COD_REG":"10"}},
{"type":"Feature","geometry":{"type":"Polygon","coordinates":[[[-72.63892,-42.04804],[-72.63754,-42.04933],[-72.63548,-42.0484],[-72.63722,-42.04759],[-72.63892,-42.04804]]]},"properties":{"COD_SHAC":"SHAC-10-22","SHAC":"Isla Toro","REGION":"Los Lagos","NOM_ACUIF":"islas X","COD_BNA_SH":"1082","COD_REG":"10"}},
{"type":"Feature","geometry":{"type":"Polygon","coordinates":[[[-72.62348,-42.06426],[-72.64002,-42.06295],[-72.64651,-42.06991],[-72.63467,-42.0788],[-72.62348,-42.06426]]]},"properties":{"COD_SHAC":"SHAC-10-24","SHAC":"Isla Linguar","REGION":"Los Lagos","NOM_ACUIF":"islas X","COD_BNA_SH":"1052","COD_REG":"10"}},
{"type":"Feature","geometry":{"type":"Polygon","coordinates":[[[-72.60889,-42.06958],[-72.61058,-42.0657],[-72.61405,-42.0683],[-72.60889,-42.06958]]]},"properties":{"COD_SHAC":"SHAC-10-27","SHAC":"Isla Mutri","REGION":"Los Lagos","NOM_ACUIF":"islas X","COD_BNA_SH":"1064","COD_REG":"10"}},
{"type":"Feature","geometry":{"type":"Polygon","coordinates":[[[-72.61454,-42.05408],[-72.62075,-42.05426],[-72.62128,-42.05695],[-72.61659,-42.05668],[-72.61454,-42.05408]]]},"properties":{"COD_SHAC":"SHAC-10-112","SHAC":"Isla Los Toros","REGION":"Los Lagos","NOM_ACUIF":"islas X","COD_BNA_SH":"1058","COD_REG":"10"}},
{"type":"Feature","geometry":{"type":"Polygon","coordinates":[[[-72.64441,-42.01588],[-72.64806,-42.0134],[-72.65119,-42.01533],[-72.64649,-42.019],[-72.64441,-42.01588]]]},"properties":{"COD_SHAC":"SHAC-10-30","SHAC":"Isla Manzano","REGION":"Los Lagos","NOM_ACUIF":"islas X","COD_BNA_SH":"1061","COD_REG":"10"}},
{"type":"Feature","geometry":{"type":"Polygon","coordinates":[[[-70.2407,-19.05379],[-70.25146,-19.05253],[-70.24125,-19.10001],[-70.25315,-19.11497],[-70.25071,-19.12744],[-70.25436,-19.15727],[-70.26142,-19.15832],[-70.27378,-19.18553],[-70.26779,-19.19749],[-70.23818,-19.21387],[-70.21422,-19.21705],[-70.19568,-19.23729],[-70.18344,-19.22944],[-70.18357,-19.21853],[-70.19935,-19.20915],[-70.19214,-19.19776],[-70.1958,-19.18663],[-70.20658,-19.18088],[-70.20639,-19.17006],[-70.17699,-19.15554],[-70.15577,-19.15578],[-70.14546,-19.15133],[-70.11442,-19.15562],[-70.1114,-19.14944],[-70.08686,-19.13236],[-70.07146,-19.12656],[-70.05257,-19.11091],[-70.04118,-19.11014],[-70.00539,-19.09384],[-69.98253,-19.07779],[-69.94151,-19.05437],[-69.92903,-19.05464],[-69.84424,-19.04475],[-69.82747,-19.04766],[-69.8335,-19.02162],[-69.84864,-19.0128],[-69.84917,-19.00368],[-69.8611,-18.99375],[-69.86306,-18.96597],[-69.87368,-18.95216],[-69.87489,-18.95302],[-69.87641,-18.9543],[-69.8783,-18.9558],[-69.88177,-18.95707],[-69.88465,-18.95885],[-69.8879,-18.96034],[-69.88948,-18.96111],[-69.88973,-18.96123],[-69.89024,-18.96148],[-69.89214,-18.96369],[-69.89463,-18.96497],[-69.89509,-18.96605],[-69.89525,-18.96727],[-69.89534,-18.97064],[-69.89546,-18.97165],[-69.8955,-18.97203],[-69.89558,-18.97264],[-69.89626,-18.97357],[-69.89891,-18.97478],[-69.90155,-18.97613],[-69.90383,-18.97834],[-69.90839,-18.98535],[-69.92466,-18.99689],[-69.94982,-19.00472],[-69.95801,-19.00366],[-69.96026,-18.99821],[-69.96587,-18.99037],[-69.96969,-18.98576],[-69.97194,-18.98409],[-69.97405,-18.9838],[-69.97654,-18.98428],[-69.9789,-18.9875],[-69.97895,-18.98758],[-69.98187,-18.99272],[-69.98424,-18.99737],[-69.98598,-18.99987],[-70.00472,-19.00508],[-70.01793,-18.99468],[-70.03436,-18.99989],[-70.05991,-19.01582],[-70.07333,-19.01595],[-70.09897,-19.01559],[-70.11441,-19.02453],[-70.14273,-19.03165],[-70.15544,-19.03013],[-70.1604,-19.03849],[-70.16071,-19.04071],[-70.16992,-19.04881],[-70.17301,-19.05147],[-70.17671,-19.0627],[-70.17872,-19.07178],[-70.17964,-19.07208],[-70.18559,-19.07068],[-70.18905,-19.06922],[-70.21053,-19.06736],[-70.22085,-19.06464],[-70.2407,-19.05379]]]},"properties":{"COD_SHAC":"SHAC-15-04-535","SHAC":"Río Camarones","REGION":"Arica y Parinacota","NOM_ACUIF":"Rio Camarones","COD_BNA_SH":"1094","COD_REG":"15"}},
{"type":"Feature","geometry":{"type":"Polygon","coordinates":[[[-71.35182,-33.87125],[-71.3529,-33.83719],[-71.36223,-33.83111],[-71.37047,-33.81528],[-71.42666,-33.80306],[-71.44477,-33.80668],[-71.46442,-33.81359],[-71.45476,-33.82449],[-71.46971,-33.84107],[-71.44984,-33.86054],[-71.44294,-33.86459],[-71.42545,-33.88869],[-71.39902,-33.89039],[-71.38855,-33.89885],[-71.37407,-33.89408],[-71.34821,-33.8944],[-71.35182,-33.87125]]]},"properties":{"COD_SHAC":"SHAC-13-45-533","SHAC":"Ulmen","REGION":"Metropolitana de Santiago","NOM_ACUIF":"Rio Maipo","COD_BNA_SH":"0871","COD_REG":"13"}},
{"type":"Feature","geometry":{"type":"Polygon","coordinates":[[[-71.42205,-33.9965],[-71.42464,-33.98571],[-71.43967,-33.96921],[-71.46767,-33.9675],[-71.49078,-33.95452],[-71.50409,-33.96256],[-71.49637,-33.97583],[-71.48276,-33.9863],[-71.47112,-34.01103],[-71.44966,-34.0148],[-71.43219,-34.0318],[-71.41315,-34.03546],[-71.41103,-34.00814],[-71.42205,-33.9965]]]},"properties":{"COD_SHAC":"SHAC-13-46-534","SHAC":"Las Loicas","REGION":"Metropolitana de Santiago","NOM_ACUIF":"Estero Yali","COD_BNA_SH":"1002","COD_REG":"13"}},
{"type":"Feature","geometry":{"type":"Polygon","coordinates":[[[-71.46656,-29.09282],[-71.46157,-29.1054],[-71.46639,-29.11317],[-71.46186,-29.11946],[-71.42725,-29.11828],[-71.4066,-29.1135],[-71.39579,-29.1273],[-71.36991,-29.14545],[-71.35175,-29.14182],[-71.31639,-29.15665],[-71.2887,-29.17983],[-71.27833,-29.18431],[-71.26577,-29.17698],[-71.24314,-29.17577],[-71.22929,-29.18372],[-71.20331,-29.18581],[-71.18762,-29.1789],[-71.16529,-29.18263],[-71.14505,-29.16613],[-71.11679,-29.17094],[-71.10527,-29.16567],[-71.08812,-29.1772],[-71.0741,-29.1916],[-71.06688,-29.18626],[-71.05891,-29.17049],[-71.02302,-29.15137],[-71.02239,-29.13281],[-71.01095,-29.12289],[-71.02324,-29.12381],[-71.03642,-29.1162],[-71.04992,-29.1181],[-71.073,-29.0857],[-71.07234,-29.07728],[-71.08868,-29.06929],[-71.10568,-29.0688],[-71.13238,-29.05175],[-71.15942,-29.05705],[-71.18393,-29.06599],[-71.18665,-29.05569],[-71.2033,-29.05066],[-71.21385,-29.05465],[-71.22383,-29.04866],[-71.24129,-29.04703],[-71.2435,-29.03898],[-71.26651,-29.03782],[-71.27481,-29.04933],[-71.29495,-29.04186],[-71.30998,-29.04934],[-71.34667,-29.05196],[-71.3678,-29.06292],[-71.38997,-29.06671],[-71.41132,-29.05752],[-71.46656,-29.09282]]]},"properties":{"COD_SHAC":"SHAC-03-52-87","SHAC":"Quebrada Carrizalillo","REGION":"Atacama","NOM_ACUIF":"Costeros Provincia Huasco","COD_BNA_SH":"0957","COD_REG":"3"}},
{"type":"Feature","geometry":{"type":"Polygon","coordinates":[[[-71.38838,-28.93603],[-71.38581,-28.92673],[-71.40335,-28.91213],[-71.44232,-28.91093],[-71.45942,-28.90659],[-71.47775,-28.91275],[-71.48633,-28.94163],[-71.50112,-28.95569],[-71.50265,-28.96659],[-71.51285,-28.9767],[-71.49412,-28.98119],[-71.46438,-28.96507],[-71.44371,-28.96021],[-71.41661,-28.94247],[-71.38838,-28.93603]]]},"properties":{"COD_SHAC":"SHAC-03-53-88","SHAC":"Quebrada sn1","REGION":"Atacama","NOM_ACUIF":"Costeros Provincia Huasco","COD_BNA_SH":"0961","COD_REG":"3"}},
{"type":"Feature","geometry":{"type":"Polygon","coordinates":[[[-71.38838,-28.93603],[-71.37765,-28.95166],[-71.3993,-28.97658],[-71.40434,-28.99082],[-71.4332,-29.03494],[-71.45397,-29.05249],[-71.45319,-29.06059],[-71.46656,-29.09282],[-71.41132,-29.05752],[-71.38997,-29.06671],[-71.3678,-29.06292],[-71.34667,-29.05196],[-71.30998,-29.04934],[-71.29495,-29.04186],[-71.27481,-29.04933],[-71.26651,-29.03782],[-71.2435,-29.03898],[-71.24129,-29.04703],[-71.22383,-29.04866],[-71.21385,-29.05465],[-71.2033,-29.05066],[-71.18665,-29.05569],[-71.18393,-29.06599],[-71.15942,-29.05705],[-71.13238,-29.05175],[-71.10568,-29.0688],[-71.08868,-29.06929],[-71.07234,-29.07728],[-71.073,-29.0857],[-71.04992,-29.1181],[-71.03642,-29.1162],[-71.02324,-29.12381],[-71.01095,-29.12289],[-70.99413,-29.12969],[-70.98179,-29.12906],[-70.97396,-29.13691],[-70.95796,-29.12786],[-70.91848,-29.13607],[-70.90336,-29.13011],[-70.88756,-29.14326],[-70.84258,-29.14373],[-70.79682,-29.1321],[-70.78368,-29.11952],[-70.7469,-29.10388],[-70.73052,-29.104],[-70.72717,-29.08941],[-70.7159,-29.08511],[-70.72852,-29.06036],[-70.68692,-29.04763],[-70.64619,-29.05344],[-70.64572,-29.04229],[-70.62912,-29.04256],[-70.61121,-29.03636],[-70.5971,-29.05146],[-70.57003,-29.05372],[-70.55304,-29.04379],[-70.54539,-29.04685],[-70.52962,-29.03309],[-70.51163,-29.01065],[-70.49996,-28.97539],[-70.51529,-28.97242],[-70.51447,-28.95299],[-70.50328,-28.94725],[-70.50992,-28.91906],[-70.50249,-28.90725],[-70.52465,-28.8933],[-70.53426,-28.89609],[-70.54563,-28.88896],[-70.54723,-28.87372],[-70.56742,-28.882],[-70.58559,-28.86416],[-70.6134,-28.87714],[-70.60838,-28.89368],[-70.61345,-28.90331],[-70.63229,-28.91393],[-70.66069,-28.91303],[-70.68896,-28.89924],[-70.69879,-28.88487],[-70.69525,-28.87483],[-70.735,-28.82871],[-70.73651,-28.81716],[-70.75717,-28.81981],[-70.78478,-28.84015],[-70.78899,-28.85296],[-70.82006,-28.84484],[-70.83127,-28.8501],[-70.85028,-28.84951],[-70.86769,-28.83725],[-70.87634,-28.82619],[-70.8773,-28.78417],[-70.88433,-28.77922],[-70.89323,-28.75281],[-70.91656,-28.73655],[-70.93904,-28.74792],[-70.95394,-28.76419],[-70.95819,-28.77898],[-70.98965,-28.77587],[-71.0054,-28.80388],[-71.01762,-28.80892],[-71.0335,-28.82294],[-71.04536,-28.84227],[-71.05888,-28.8463],[-71.07454,-28.83516],[-71.0812,-28.82411],[-71.09354,-28.81918],[-71.10831,-28.84577],[-71.11035,-28.85524],[-71.12681,-28.85135],[-71.15383,-28.85469],[-71.16227,-28.85088],[-71.18261,-28.85643],[-71.19117,-28.87142],[-71.23287,-28.87331],[-71.24657,-28.87906],[-71.27036,-28.87911],[-71.27911,-28.89023],[-71.29136,-28.88866],[-71.29974,-28.87907],[-71.31295,-28.88247],[-71.3271,-28.87368],[-71.33887,-28.88133],[-71.35501,-28.91538],[-71.36529,-28.92526],[-71.38581,-28.92673],[-71.38838,-28.93603]]]},"properties":{"COD_SHAC":"SHAC-03-54-89","SHAC":"Quebrada Chañaral","REGION":"Atacama","NOM_ACUIF":"Costeros Provincia Huasco","COD_BNA_SH":"0958","COD_REG":"3"}},
{"type":"Feature","geometry":{"type":"Polygon","coordinates":[[[-70.98965,-28.77587],[-70.9781,-28.76153],[-70.9842,-28.72979],[-71.00962,-28.74325],[-71.04556,-28.73551],[-71.07176,-28.73847],[-71.07218,-28.72392],[-71.09546,-28.71523],[-71.11848,-28.72442],[-71.14088,-28.72944],[-71.15829,-28.72867],[-71.15493,-28.68268],[-71.17261,-28.66921],[-71.2067,-28.6787],[-71.21222,-28.68803],[-71.23717,-28.69183],[-71.24198,-28.70498],[-71.25333,-28.71294],[-71.27691,-28.71377],[-71.27633,-28.73493],[-71.29075,-28.74268],[-71.31086,-28.74211],[-71.32308,-28.75621],[-71.34534,-28.75514],[-71.34747,-28.77518],[-71.35701,-28.7833],[-71.35472,-28.80631],[-71.36227,-28.81167],[-71.38716,-28.80125],[-71.4107,-28.81619],[-71.41087,-28.82843],[-71.40218,-28.83396],[-71.38955,-28.85987],[-71.38318,-28.86336],[-71.3574,-28.86342],[-71.35351,-28.87673],[-71.33887,-28.88133],[-71.3271,-28.87368],[-71.31295,-28.88247],[-71.29974,-28.87907],[-71.29136,-28.88866],[-71.27911,-28.89023],[-71.27036,-28.87911],[-71.24657,-28.87906],[-71.23287,-28.87331],[-71.19117,-28.87142],[-71.18261,-28.85643],[-71.16227,-28.85088],[-71.15383,-28.85469],[-71.12681,-28.85135],[-71.11035,-28.85524],[-71.10831,-28.84577],[-71.09354,-28.81918],[-71.0812,-28.82411],[-71.07454,-28.83516],[-71.05888,-28.8463],[-71.04536,-28.84227],[-71.0335,-28.82294],[-71.01762,-28.80892],[-71.0054,-28.80388],[-70.98965,-28.77587]]]},"properties":{"COD_SHAC":"SHAC-03-55-90","SHAC":"Quebrada San Juan","REGION":"Atacama","NOM_ACUIF":"Costeros Provincia Huasco","COD_BNA_SH":"0960","COD_REG":"3"}},
{"type":"Feature","geometry":{"type":"Polygon","coordinates":[[[-71.4107,-28.81619],[-71.43037,-28.81975],[-71.44547,-28.83955],[-71.47052,-28.85046],[-71.47912,-28.89289],[-71.47775,-28.91275],[-71.45942,-28.90659],[-71.44232,-28.91093],[-71.40335,-28.91213],[-71.38581,-28.92673],[-71.36529,-28.92526],[-71.35501,-28.91538],[-71.33887,-28.88133],[-71.35351,-28.87673],[-71.3574,-28.86342],[-71.38318,-28.86336],[-71.38955,-28.85987],[-71.40218,-28.83396],[-71.41087,-28.82843],[-71.4107,-28.81619]]]},"properties":{"COD_SHAC":"SHAC-03-56-91","SHAC":"Quebrada Los Pozos","REGION":"Atacama","NOM_ACUIF":"Costeros Provincia Huasco","COD_BNA_SH":"0959","COD_REG":"3"}},
{"type":"Feature","geometry":{"type":"Polygon","coordinates":[[[-69.1953,-26.78629],[-69.20398,-26.77231],[-69.20519,-26.75734],[-69.22473,-26.74173],[-69.24943,-26.73793],[-69.26651,-26.75212],[-69.27138,-26.76506],[-69.28274,-26.77105],[-69.27753,-26.80337],[-69.29061,-26.80728],[-69.30406,-26.82868],[-69.34992,-26.85256],[-69.34069,-26.86918],[-69.31817,-26.87512],[-69.29783,-26.86855],[-69.26912,-26.86386],[-69.23808,-26.84074],[-69.23337,-26.81976],[-69.21984,-26.8154],[-69.21206,-26.80176],[-69.1953,-26.78629]]]},"properties":{"COD_SHAC":"SHAC-03-57-92","SHAC":"La Coipa","REGION":"Atacama","NOM_ACUIF":"Rio Copiapo","COD_BNA_SH":"1095","COD_REG":"3"}},
{"type":"Feature","geometry":{"type":"Polygon","coordinates":[[[-70.9888,-33.17633],[-71.00409,-33.15597],[-71.01452,-33.1499],[-71.01216,-33.13808],[-71.01944,-33.11031],[-71.01496,-33.09805],[-71.02902,-33.08341],[-71.03896,-33.09771],[-71.06214,-33.10165],[-71.07086,-33.09581],[-71.10522,-33.11359],[-71.12192,-33.11458],[-71.13666,-33.1212],[-71.13455,-33.13547],[-71.16579,-33.13905],[-71.18696,-33.15066],[-71.19771,-33.16083],[-71.22303,-33.1728],[-71.22848,-33.17917],[-71.25141,-33.17586],[-71.25953,-33.19367],[-71.24414,-33.21545],[-71.21466,-33.23766],[-71.22409,-33.24266],[-71.22143,-33.27919],[-71.20321,-33.30831],[-71.21537,-33.35328],[-71.22706,-33.37319],[-71.24295,-33.38164],[-71.26797,-33.38936],[-71.27749,-33.40394],[-71.25609,-33.40934],[-71.23277,-33.42633],[-71.18987,-33.44237],[-71.18762,-33.45042],[-71.1655,-33.44522],[-71.1496,-33.44903],[-71.12355,-33.44669],[-71.10944,-33.4419],[-71.1103,-33.43146],[-71.12566,-33.41462],[-71.11632,-33.39579],[-71.08952,-33.38898],[-71.06619,-33.37894],[-71.03699,-33.34497],[-71.01901,-33.33539],[-71.00244,-33.33303],[-71.00068,-33.30693],[-70.96872,-33.2882],[-70.99727,-33.22791],[-71.003,-33.22328],[-70.99877,-33.19073],[-70.9888,-33.17633]]]},"properties":{"COD_SHAC":"SHAC-13-37-283","SHAC":"Puangue Alto","REGION":"Metropolitana de Santiago","NOM_ACUIF":"Rio Maipo","COD_BNA_SH":"0124","COD_REG":"13"}},
{"type":"Feature","geometry":{"type":"Polygon","coordinates":[[[-71.47301,-33.26413],[-71.49475,-33.26773],[-71.50895,-33.27838],[-71.53275,-33.27042],[-71.54509,-33.28479],[-71.53106,-33.29983],[-71.51969,-33.32304],[-71.48775,-33.3299],[-71.48067,-33.33642],[-71.46627,-33.33099],[-71.4428,-33.35239],[-71.39655,-33.35876],[-71.37635,-33.37327],[-71.34117,-33.3714],[-71.33713,-33.39134],[-71.32895,-33.40827],[-71.30239,-33.4123],[-71.27749,-33.40394],[-71.26797,-33.38936],[-71.24295,-33.38164],[-71.22706,-33.37319],[-71.21537,-33.35328],[-71.20321,-33.30831],[-71.23006,-33.32373],[-71.25292,-33.31296],[-71.3144,-33.32346],[-71.3318,-33.31438],[-71.33844,-33.29609],[-71.3368,-33.28672],[-71.35567,-33.28815],[-71.36892,-33.30563],[-71.3687,-33.31449],[-71.38858,-33.31524],[-71.42867,-33.30168],[-71.42772,-33.28784],[-71.44148,-33.28839],[-71.46874,-33.28156],[-71.47301,-33.26413]]]},"properties":{"COD_SHAC":"SHAC-05-43-221","SHAC":"La Vinilla-Casablanca","REGION":"Valparaiso","NOM_ACUIF":"Estero Casablanca","COD_BNA_SH":"0107","COD_REG":"5"}},
{"type":"Feature","geometry":{"type":"Polygon","coordinates":[[[-72.98589,-37.26842],[-72.99864,-37.25848],[-72.99896,-37.23573],[-72.98926,-37.22424],[-72.99178,-37.19441],[-73.00916,-37.18304],[-73.00371,-37.16462],[-73.01027,-37.14839],[-73.02235,-37.14236],[-73.04102,-37.14197],[-73.0364,-37.11638],[-73.0438,-37.10474],[-73.06374,-37.11545],[-73.0654,-37.12746],[-73.08395,-37.14278],[-73.08101,-37.15345],[-73.09785,-37.15811],[-73.10235,-37.16996],[-73.08053,-37.20114],[-73.09071,-37.21159],[-73.12022,-37.21646],[-73.14602,-37.24125],[-73.16848,-37.25602],[-73.18147,-37.24658],[-73.1996,-37.24812],[-73.24037,-37.23541],[-73.27521,-37.227],[-73.35755,-37.24315],[-73.40911,-37.24161],[-73.4356,-37.28008],[-73.45325,-37.2886],[-73.43633,-37.30687],[-73.41272,-37.31337],[-73.39486,-37.32781],[-73.40967,-37.35339],[-73.40483,-37.36721],[-73.43965,-37.42481],[-73.40614,-37.42688],[-73.38447,-37.43162],[-73.35462,-37.42235],[-73.34734,-37.40852],[-73.32792,-37.41148],[-73.31453,-37.43339],[-73.29948,-37.44767],[-73.2736,-37.4501],[-73.25739,-37.44356],[-73.22741,-37.45308],[-73.21387,-37.4535],[-73.20609,-37.46859],[-73.20877,-37.47851],[-73.20055,-37.50539],[-73.18652,-37.51946],[-73.18468,-37.53473],[-73.19317,-37.54339],[-73.1939,-37.58375],[-73.17937,-37.59351],[-73.16451,-37.59275],[-73.14958,-37.60092],[-73.13748,-37.6247],[-73.1193,-37.6296],[-73.10423,-37.64618],[-73.12065,-37.67232],[-73.11461,-37.687],[-73.07996,-37.67642],[-73.07946,-37.663],[-73.0581,-37.64034],[-73.0727,-37.63037],[-73.06395,-37.60939],[-73.06216,-37.58831],[-73.05138,-37.57042],[-73.02852,-37.57164],[-73.01353,-37.5481],[-72.99706,-37.54476],[-72.9845,-37.52939],[-73.01334,-37.5231],[-73.018,-37.49595],[-73.01202,-37.4839],[-72.98291,-37.4679],[-72.98154,-37.43241],[-72.99785,-37.42352],[-72.99483,-37.40982],[-73.00822,-37.4008],[-73.01328,-37.38096],[-73.02355,-37.36036],[-73.00251,-37.34502],[-72.98042,-37.34534],[-72.99623,-37.32106],[-72.9874,-37.31261],[-72.98536,-37.2893],[-72.997,-37.27662],[-72.98589,-37.26842]]]},"properties":{"COD_SHAC":"SHAC-08-08-386","SHAC":"Nahuelbuta","REGION":"Biobio","NOM_ACUIF":"Costeras VIII Sur","COD_BNA_SH":"0953","COD_REG":"8"}},
{"type":"Feature","geometry":{"type":"Polygon","coordinates":[[[-73.44999,-40.1668],[-73.48142,-40.16864],[-73.49116,-40.17268],[-73.50395,-40.15967],[-73.54533,-40.1724],[-73.57189,-40.17082],[-73.59994,-40.17394],[-73.6438,-40.18576],[-73.66534,-40.20622],[-73.68425,-40.21079],[-73.68927,-40.2215],[-73.71043,-40.22326],[-73.71993,-40.23148],[-73.71978,-40.25669],[-73.73135,-40.26139],[-73.71754,-40.26958],[-73.69951,-40.272],[-73.6993,-40.29741],[-73.68151,-40.3072],[-73.6618,-40.3277],[-73.64872,-40.32864],[-73.63225,-40.34735],[-73.63921,-40.35665],[-73.63245,-40.36729],[-73.61453,-40.37566],[-73.59545,-40.37358],[-73.58752,-40.3824],[-73.55566,-40.39399],[-73.53938,-40.42445],[-73.55115,-40.44905],[-73.52948,-40.46053],[-73.51528,-40.46157],[-73.48733,-40.4417],[-73.471,-40.44084],[-73.4458,-40.45678],[-73.42737,-40.42821],[-73.40256,-40.41387],[-73.38885,-40.39569],[-73.35648,-40.40378],[-73.33161,-40.38814],[-73.32443,-40.37588],[-73.35178,-40.33652],[-73.33407,-40.32354],[-73.31401,-40.31548],[-73.31628,-40.29873],[-73.33943,-40.2853],[-73.32589,-40.27137],[-73.34004,-40.262],[-73.35148,-40.23803],[-73.37969,-40.23186],[-73.38071,-40.20342],[-73.41997,-40.20636],[-73.43511,-40.19392],[-73.44999,-40.1668]]]},"properties":{"COD_SHAC":"SHAC-14-04-409","SHAC":"Bueno Inferior","REGION":"Los Rios","NOM_ACUIF":"Rio Bueno","COD_BNA_SH":"1091","COD_REG":"14"}},
{"type":"Feature","geometry":{"type":"Polygon","coordinates":[[[-70.33284,-18.40296],[-70.31367,-18.38625],[-70.29261,-18.37494],[-70.25954,-18.37398],[-70.23114,-18.37838],[-70.17316,-18.37204],[-70.14074,-18.35912],[-70.12212,-18.35536],[-70.08482,-18.35903],[-70.07528,-18.37221],[-70.03311,-18.36063],[-69.95818,-18.36137],[-69.93242,-18.34692],[-69.90677,-18.33862],[-69.89296,-18.33868],[-69.87867,-18.33143],[-69.87848,-18.32224],[-69.86468,-18.31111],[-69.84448,-18.30595],[-69.81299,-18.28302],[-69.77932,-18.24817],[-69.76464,-18.22313],[-69.74805,-18.2044],[-69.75221,-18.18815],[-69.74561,-18.18269],[-69.74473,-18.16394],[-69.75256,-18.15272],[-69.74961,-18.13953],[-69.75917,-18.12637],[-69.77364,-18.11464],[-69.77367,-18.10566],[-69.75962,-18.10116],[-69.74836,-18.08122],[-69.7636,-18.0804],[-69.77354,-18.06772],[-69.80114,-18.07846],[-69.81631,-18.11066],[-69.85962,-18.16167],[-69.91479,-18.20871],[-69.96238,-18.25776],[-69.98027,-18.26623],[-70.04931,-18.2643],[-70.14828,-18.3144],[-70.19789,-18.3188],[-70.24409,-18.30811],[-70.29954,-18.30192],[-70.31314,-18.30357],[-70.35017,-18.32019],[-70.36661,-18.33436],[-70.37734,-18.3513],[-70.3574,-18.37174],[-70.33284,-18.40296]]]},"properties":{"COD_SHAC":"SHAC-15-01-1","SHAC":"La Concordia","REGION":"Arica y Parinacota","NOM_ACUIF":"Quebrada de la Concordia","COD_BNA_SH":"1086","COD_REG":"15"}},
{"type":"Feature","geometry":{"type":"Polygon","coordinates":[[[-68.75394,-19.92589],[-68.74913,-19.89758],[-68.73545,-19.89712],[-68.73539,-19.87915],[-68.74888,-19.85386],[-68.74805,-19.8437],[-68.76446,-19.82938],[-68.77578,-19.83048],[-68.77833,-19.81386],[-68.77161,-19.79878],[-68.75963,-19.78686],[-68.77288,-19.77617],[-68.78029,-19.7889],[-68.80483,-19.81087],[-68.80969,-19.82762],[-68.81993,-19.827],[-68.84317,-19.83648],[-68.85913,-19.84912],[-68.87916,-19.88542],[-68.88985,-19.89303],[-68.8844,-19.90451],[-68.88856,-19.91579],[-68.887,-19.93822],[-68.89312,-19.94042],[-68.90076,-19.9617],[-68.86892,-19.96861],[-68.8694,-19.97844],[-68.85117,-19.9891],[-68.84278,-19.96547],[-68.82629,-19.96603],[-68.8178,-19.95818],[-68.81516,-19.94488],[-68.78426,-19.91024],[-68.77983,-19.92108],[-68.76419,-19.92776],[-68.75394,-19.92589]]]},"properties":{"COD_SHAC":"SHAC-01-537","SHAC":"Laguna Lagunillas","REGION":"Tarapaca","NOM_ACUIF":"Salar de Huasco","COD_BNA_SH":"1128","COD_REG":"1"}},
{"type":"Feature","geometry":{"type":"Polygon","coordinates":[[[-72.08033,-45.57516],[-72.11914,-45.56707],[-72.14709,-45.56673],[-72.16732,-45.56041],[-72.18268,-45.56246],[-72.21102,-45.55031],[-72.24974,-45.55001],[-72.25716,-45.53068],[-72.27875,-45.53844],[-72.30293,-45.5203],[-72.30698,-45.52994],[-72.29969,-45.54252],[-72.30824,-45.54883],[-72.29317,-45.576],[-72.30714,-45.5864],[-72.30005,-45.61275],[-72.27019,-45.61461],[-72.24018,-45.64003],[-72.22792,-45.63737],[-72.20867,-45.60766],[-72.16922,-45.60981],[-72.14127,-45.60086],[-72.11571,-45.60044],[-72.08033,-45.57516]]]},"properties":{"COD_SHAC":"SHAC-11-1147","SHAC":"Río Claro-Aysén","REGION":"Aysén del G. Carlos Ibánez del Campo","NOM_ACUIF":"Río Aysén","COD_BNA_SH":"1147","COD_REG":"11"}},
{"type":"Feature","geometry":{"type":"Polygon","coordinates":[[[-72.0452,-46.32212],[-72.0476,-46.28017],[-72.04333,-46.2703],[-72.01716,-46.27541],[-71.99987,-46.25719],[-72.02646,-46.25193],[-72.02776,-46.24369],[-72.0781,-46.23006],[-72.09335,-46.25347],[-72.09525,-46.26594],[-72.11234,-46.26735],[-72.13154,-46.27965],[-72.14566,-46.27206],[-72.15864,-46.28264],[-72.17866,-46.2733],[-72.19405,-46.28058],[-72.21448,-46.27882],[-72.23211,-46.26483],[-72.26731,-46.27866],[-72.28433,-46.27488],[-72.2902,-46.28823],[-72.31565,-46.30366],[-72.30689,-46.33583],[-72.309,-46.34692],[-72.32645,-46.35293],[-72.3248,-46.3743],[-72.28424,-46.37895],[-72.26493,-46.37501],[-72.24293,-46.3772],[-72.22593,-46.39585],[-72.1935,-46.39236],[-72.16879,-46.38241],[-72.1194,-46.38068],[-72.11619,-46.35859],[-72.10433,-46.35162],[-72.08175,-46.35905],[-72.05877,-46.36175],[-72.05241,-46.3517],[-72.06488,-46.34394],[-72.07115,-46.32169],[-72.0452,-46.32212]]]},"properties":{"COD_SHAC":"SHAC-11-1192","SHAC":"Río Claro-Baker","REGION":"Aysén del G. Carlos Ibánez del Campo","NOM_ACUIF":"Rio Baker","COD_BNA_SH":"1192","COD_REG":"11"}},
{"type":"Feature","geometry":{"type":"Polygon","coordinates":[[[-72.56729,-43.92771],[-72.59195,-43.91567],[-72.61161,-43.92037],[-72.62155,-43.91634],[-72.63056,-43.9365],[-72.65282,-43.94053],[-72.68142,-43.93371],[-72.68226,-43.91983],[-72.70274,-43.91466],[-72.70077,-43.90525],[-72.71404,-43.89503],[-72.73223,-43.90043],[-72.74104,-43.88568],[-72.7578,-43.87531],[-72.76446,-43.86164],[-72.80877,-43.86786],[-72.79559,-43.87678],[-72.79302,-43.88981],[-72.81074,-43.91157],[-72.83028,-43.91801],[-72.86089,-43.92023],[-72.86375,-43.93329],[-72.84726,-43.93778],[-72.82842,-43.95141],[-72.83469,-43.96041],[-72.81854,-43.96836],[-72.82163,-43.9762],[-72.84911,-43.97856],[-72.85038,-43.99326],[-72.83283,-43.99426],[-72.8408,-44.00786],[-72.83792,-44.0232],[-72.84291,-44.04377],[-72.85592,-44.05813],[-72.86694,-44.06856],[-72.85671,-44.07766],[-72.833,-44.07711],[-72.81681,-44.08138],[-72.79925,-44.07447],[-72.78378,-44.07618],[-72.77547,-44.09442],[-72.74619,-44.08627],[-72.73307,-44.10373],[-72.72216,-44.10253],[-72.7113,-44.1136],[-72.69793,-44.14168],[-72.70157,-44.1467],[-72.67057,-44.15777],[-72.65587,-44.14855],[-72.63282,-44.15493],[-72.59694,-44.14911],[-72.56732,-44.1504],[-72.5533,-44.14783],[-72.5501,-44.12797],[-72.54131,-44.11296],[-72.54564,-44.1066],[-72.52627,-44.09746],[-72.51725,-44.07693],[-72.52092,-44.06999],[-72.55584,-44.05617],[-72.57847,-44.05023],[-72.58073,-44.01185],[-72.55924,-43.98596],[-72.57216,-43.96703],[-72.56729,-43.92771]]]},"properties":{"COD_SHAC":"SHAC-11-1228","SHAC":"Río Palena Bajo","REGION":"Aysén del G. Carlos Ibánez del Campo","NOM_ACUIF":"Río Palena","COD_BNA_SH":"1228","COD_REG":"11"}},
{"type":"Feature","geometry":{"type":"Polygon","coordinates":[[[-71.55203,-44.54356],[-71.59902,-44.53179],[-71.61038,-44.54668],[-71.62752,-44.54578],[-71.6468,-44.55574],[-71.64914,-44.56312],[-71.61377,-44.57337],[-71.61804,-44.59186],[-71.63862,-44.60379],[-71.65808,-44.62855],[-71.67628,-44.61953],[-71.67812,-44.60756],[-71.6686,-44.59727],[-71.68863,-44.59152],[-71.72948,-44.59296],[-71.76643,-44.58933],[-71.79765,-44.57828],[-71.85507,-44.59963],[-71.86768,-44.59267],[-71.89747,-44.59679],[-71.90194,-44.58371],[-71.97231,-44.60213],[-71.99004,-44.60364],[-71.9978,-44.59047],[-72.01023,-44.58258],[-72.034,-44.58946],[-72.05168,-44.56796],[-72.09583,-44.57797],[-72.14313,-44.56279],[-72.15527,-44.57772],[-72.18752,-44.57197],[-72.20235,-44.58167],[-72.17619,-44.59855],[-72.18068,-44.61026],[-72.17056,-44.63081],[-72.18615,-44.63719],[-72.202,-44.6311],[-72.2122,-44.64934],[-72.188,-44.67502],[-72.17189,-44.6799],[-72.17456,-44.69682],[-72.1846,-44.70704],[-72.20331,-44.71104],[-72.20497,-44.71924],[-72.23771,-44.72167],[-72.24274,-44.73717],[-72.23486,-44.7629],[-72.26564,-44.77292],[-72.27771,-44.78353],[-72.26873,-44.81607],[-72.28753,-44.86054],[-72.27585,-44.85939],[-72.24812,-44.87681],[-72.24038,-44.85939],[-72.21921,-44.86458],[-72.19086,-44.84793],[-72.17569,-44.85748],[-72.15525,-44.85162],[-72.12142,-44.84712],[-72.10489,-44.83704],[-72.0816,-44.83152],[-72.06452,-44.83841],[-72.05394,-44.83836],[-72.03348,-44.80523],[-72.04293,-44.79595],[-72.05855,-44.79336],[-72.07671,-44.77845],[-72.06351,-44.77228],[-72.06106,-44.75672],[-72.03289,-44.76557],[-72.01458,-44.75979],[-72.00554,-44.78461],[-71.9863,-44.7805],[-71.95658,-44.78622],[-71.92708,-44.79553],[-71.91518,-44.77637],[-71.89453,-44.78518],[-71.8881,-44.79434],[-71.85005,-44.8016],[-71.83249,-44.79187],[-71.81041,-44.78593],[-71.82457,-44.77378],[-71.81193,-44.76398],[-71.78346,-44.75159],[-71.76475,-44.76275],[-71.74841,-44.7618],[-71.73542,-44.76882],[-71.70422,-44.7696],[-71.69073,-44.76394],[-71.66031,-44.78219],[-71.61564,-44.77734],[-71.59937,-44.78034],[-71.59946,-44.76383],[-71.57671,-44.75353],[-71.56789,-44.75846],[-71.49827,-44.73786],[-71.53679,-44.70795],[-71.53405,-44.69721],[-71.5544,-44.67076],[-71.54413,-44.65594],[-71.54463,-44.60737],[-71.53604,-44.55968],[-71.55203,-44.54356]]]},"properties":{"COD_SHAC":"SHAC-11-1223","SHAC":"Rio Cisnes Medio","REGION":"Aysén del G. Carlos Ibánez del Campo","NOM_ACUIF":"Río Cisnes","COD_BNA_SH":"1223","COD_REG":"11"}},
{"type":"Feature","geometry":{"type":"Polygon","coordinates":[[[-71.88902,-45.08333],[-71.96249,-45.08681],[-71.96679,-45.11384],[-71.94727,-45.11949],[-71.95498,-45.14505],[-71.94884,-45.15486],[-71.96924,-45.16201],[-72.00709,-45.1657],[-72.01712,-45.17274],[-72.00044,-45.19154],[-72.01062,-45.20072],[-72.00082,-45.21549],[-72.01644,-45.21695],[-72.03432,-45.22998],[-72.0332,-45.23956],[-72.05134,-45.25212],[-72.03853,-45.2622],[-72.02787,-45.28324],[-72.00888,-45.28809],[-71.98454,-45.28767],[-71.97597,-45.303],[-71.96053,-45.3006],[-71.94539,-45.30809],[-71.92585,-45.30092],[-71.91346,-45.30591],[-71.88581,-45.30468],[-71.87121,-45.34694],[-71.85015,-45.34455],[-71.8446,-45.36353],[-71.85625,-45.37431],[-71.85053,-45.39102],[-71.83912,-45.39811],[-71.82318,-45.39202],[-71.80624,-45.39836],[-71.81011,-45.41345],[-71.7937,-45.41247],[-71.77271,-45.41823],[-71.74799,-45.39488],[-71.76575,-45.37956],[-71.76352,-45.37194],[-71.74253,-45.36474],[-71.73989,-45.35001],[-71.72188,-45.34531],[-71.7028,-45.32073],[-71.71899,-45.30863],[-71.7101,-45.29111],[-71.69979,-45.28807],[-71.701,-45.255],[-71.72686,-45.24803],[-71.72433,-45.23409],[-71.71235,-45.21441],[-71.71375,-45.20204],[-71.73174,-45.19095],[-71.74989,-45.18647],[-71.7696,-45.17393],[-71.80119,-45.14684],[-71.82177,-45.14782],[-71.82419,-45.12706],[-71.84219,-45.12036],[-71.84298,-45.11244],[-71.8753,-45.09626],[-71.88902,-45.08333]]]},"properties":{"COD_SHAC":"SHAC-11-1160","SHAC":"Río Nireguao Medio","REGION":"Aysén del G. Carlos Ibánez del Campo","NOM_ACUIF":"Río Aysén","COD_BNA_SH":"1160","COD_REG":"11"}},
{"type":"Feature","geometry":{"type":"Polygon","coordinates":[[[-72.75139,-45.20856],[-72.76705,-45.19846],[-72.78592,-45.19978],[-72.79193,-45.20918],[-72.80832,-45.20203],[-72.82434,-45.20599],[-72.83703,-45.19567],[-72.83451,-45.18416],[-72.85454,-45.16066],[-72.89113,-45.177],[-72.89961,-45.17296],[-72.93846,-45.17943],[-72.93806,-45.19821],[-72.92636,-45.23819],[-72.89875,-45.25044],[-72.90853,-45.26153],[-72.87571,-45.28269],[-72.8538,-45.28245],[-72.85169,-45.2911],[-72.83118,-45.30249],[-72.81915,-45.30267],[-72.81562,-45.31803],[-72.7951,-45.33366],[-72.77688,-45.33504],[-72.7551,-45.34278],[-72.75323,-45.35298],[-72.7103,-45.36283],[-72.70609,-45.36817],[-72.7048,-45.36833],[-72.66908,-45.35226],[-72.65164,-45.33348],[-72.65649,-45.31437],[-72.66944,-45.29784],[-72.69727,-45.27688],[-72.72003,-45.26899],[-72.73333,-45.2581],[-72.72994,-45.24804],[-72.75139,-45.20856]]]},"properties":{"COD_SHAC":"SHAC-11-1152","SHAC":"Río de Los Palos","REGION":"Aysén del G. Carlos Ibánez del Campo","NOM_ACUIF":"Río Aysén","COD_BNA_SH":"1152","COD_REG":"11"}},
{"type":"Feature","geometry":{"type":"Polygon","coordinates":[[[-72.30714,-45.5864],[-72.33474,-45.58325],[-72.35479,-45.58845],[-72.36408,-45.59653],[-72.36525,-45.61041],[-72.35642,-45.62477],[-72.3283,-45.64236],[-72.33086,-45.67371],[-72.35615,-45.67642],[-72.36386,-45.68348],[-72.39084,-45.68514],[-72.42778,-45.68293],[-72.44217,-45.7038],[-72.43447,-45.71648],[-72.44615,-45.73442],[-72.46756,-45.72686],[-72.4819,-45.71468],[-72.50312,-45.72367],[-72.51771,-45.73212],[-72.50518,-45.76227],[-72.53214,-45.76482],[-72.54843,-45.77165],[-72.551,-45.78009],[-72.5845,-45.78543],[-72.62029,-45.7959],[-72.62181,-45.80458],[-72.60034,-45.82012],[-72.64087,-45.83365],[-72.65963,-45.84974],[-72.63031,-45.87363],[-72.61262,-45.89857],[-72.58509,-45.89443],[-72.56697,-45.84046],[-72.55818,-45.83387],[-72.53441,-45.8435],[-72.51526,-45.84068],[-72.50537,-45.82686],[-72.48881,-45.82428],[-72.47796,-45.8066],[-72.46673,-45.80499],[-72.44787,-45.78115],[-72.42294,-45.79429],[-72.38857,-45.80301],[-72.37208,-45.81344],[-72.3758,-45.82159],[-72.35654,-45.84089],[-72.34206,-45.84329],[-72.3243,-45.85712],[-72.27772,-45.86962],[-72.25809,-45.88126],[-72.23186,-45.85673],[-72.20278,-45.84249],[-72.1835,-45.85429],[-72.14995,-45.86493],[-72.14601,-45.85013],[-72.12893,-45.84565],[-72.11213,-45.84985],[-72.07652,-45.84542],[-72.06651,-45.8537],[-72.04085,-45.83987],[-72.03266,-45.84017],[-72.03299,-45.80483],[-72.05621,-45.79599],[-72.05944,-45.78085],[-72.07039,-45.76812],[-72.08982,-45.77431],[-72.10053,-45.78338],[-72.11627,-45.77995],[-72.11933,-45.76887],[-72.10715,-45.75513],[-72.11983,-45.74357],[-72.15472,-45.74087],[-72.20632,-45.7626],[-72.2214,-45.74985],[-72.22497,-45.73828],[-72.23904,-45.72842],[-72.23759,-45.71741],[-72.25451,-45.70383],[-72.24038,-45.69831],[-72.24262,-45.68716],[-72.26208,-45.6716],[-72.25669,-45.64864],[-72.24018,-45.64003],[-72.27019,-45.61461],[-72.30005,-45.61275],[-72.30714,-45.5864]]]},"properties":{"COD_SHAC":"SHAC-11-1138","SHAC":"Lagos Atravesado-Elizalde-Claro","REGION":"Aysén del G. Carlos Ibánez del Campo","NOM_ACUIF":"Río Aysén","COD_BNA_SH":"1138","COD_REG":"11"}},
{"type":"Feature","geometry":{"type":"Polygon","coordinates":[[[-72.95142,-48.2771],[-72.96137,-48.26691],[-72.9526,-48.25926],[-72.96777,-48.2492],[-72.97396,-48.22977],[-72.99422,-48.22428],[-72.99798,-48.21454],[-73.02284,-48.20779],[-73.02754,-48.19671],[-73.01723,-48.18165],[-73.02768,-48.17317],[-73.04115,-48.14304],[-73.04263,-48.10095],[-73.06956,-48.08885],[-73.08521,-48.07442],[-73.08407,-48.06101],[-73.11549,-48.04949],[-73.11576,-48.03658],[-73.13344,-48.03121],[-73.16808,-48.05542],[-73.19727,-48.064],[-73.20054,-48.07519],[-73.19005,-48.08778],[-73.18673,-48.11362],[-73.19422,-48.14179],[-73.18163,-48.15486],[-73.15821,-48.16716],[-73.18423,-48.18193],[-73.19745,-48.19803],[-73.24025,-48.18545],[-73.27739,-48.19334],[-73.30007,-48.18887],[-73.31572,-48.20463],[-73.34086,-48.21409],[-73.35163,-48.23341],[-73.36251,-48.23787],[-73.38797,-48.2366],[-73.40259,-48.25643],[-73.40038,-48.27179],[-73.40592,-48.28511],[-73.42332,-48.30463],[-73.41394,-48.32968],[-73.43403,-48.36292],[-73.43161,-48.39324],[-73.4058,-48.4066],[-73.4012,-48.42271],[-73.40769,-48.43573],[-73.42609,-48.44302],[-73.41868,-48.45388],[-73.38543,-48.45664],[-73.38229,-48.48471],[-73.35526,-48.47287],[-73.31825,-48.48371],[-73.31062,-48.49373],[-73.32928,-48.50239],[-73.33451,-48.51598],[-73.31737,-48.51664],[-73.29638,-48.52606],[-73.2439,-48.53417],[-73.21247,-48.52081],[-73.19241,-48.52201],[-73.1642,-48.51276],[-73.14748,-48.48842],[-73.1488,-48.47074],[-73.15716,-48.46021],[-73.12585,-48.43773],[-73.10656,-48.41583],[-73.11882,-48.3984],[-73.0888,-48.38301],[-73.0356,-48.38407],[-73.03209,-48.36576],[-73.00237,-48.37368],[-72.9665,-48.37176],[-72.9565,-48.34513],[-72.9331,-48.34271],[-72.94293,-48.30116],[-72.95142,-48.2771]]]},"properties":{"COD_SHAC":"SHAC-11-1234","SHAC":"Río Pascua","REGION":"Aysén del G. Carlos Ibánez del Campo","NOM_ACUIF":"Río Pascua","COD_BNA_SH":"1234","COD_REG":"11"}},
{"type":"Feature","geometry":{"type":"Polygon","coordinates":[[[-72.26564,-44.77292],[-72.29184,-44.7591],[-72.30291,-44.77609],[-72.32683,-44.76548],[-72.36495,-44.75851],[-72.37885,-44.77471],[-72.39116,-44.77494],[-72.42462,-44.75943],[-72.43469,-44.77753],[-72.45014,-44.78983],[-72.48567,-44.79125],[-72.48882,-44.78065],[-72.51407,-44.78927],[-72.51799,-44.80141],[-72.53899,-44.81511],[-72.57023,-44.80706],[-72.6079,-44.79153],[-72.61424,-44.78012],[-72.63651,-44.79011],[-72.66471,-44.77989],[-72.68421,-44.78542],[-72.70994,-44.8137],[-72.73557,-44.83167],[-72.74399,-44.8149],[-72.75988,-44.82476],[-72.76544,-44.84336],[-72.77995,-44.84576],[-72.78019,-44.8602],[-72.80148,-44.87464],[-72.82629,-44.88369],[-72.81817,-44.8936],[-72.83634,-44.91611],[-72.83126,-44.92421],[-72.84464,-44.93245],[-72.85391,-44.95368],[-72.84002,-44.96424],[-72.80188,-44.97483],[-72.78022,-44.97298],[-72.77027,-44.98602],[-72.79977,-44.99682],[-72.79959,-45.01301],[-72.7924,-45.02792],[-72.7397,-45.01733],[-72.72673,-45.02283],[-72.73527,-45.04402],[-72.72289,-45.05297],[-72.7064,-45.07173],[-72.68048,-45.07429],[-72.66855,-45.05525],[-72.65936,-45.05261],[-72.6443,-45.06418],[-72.62413,-45.06371],[-72.61389,-45.05286],[-72.59954,-45.06129],[-72.57127,-45.08596],[-72.54996,-45.09012],[-72.52232,-45.10598],[-72.5139,-45.11793],[-72.50718,-45.09347],[-72.49271,-45.0836],[-72.48603,-45.06776],[-72.4629,-45.04985],[-72.45709,-45.03404],[-72.44038,-45.01351],[-72.43837,-44.99935],[-72.42434,-44.99346],[-72.41296,-45.00896],[-72.40234,-45.01001],[-72.35827,-45.03754],[-72.34555,-45.03334],[-72.34492,-45.00598],[-72.31915,-45.02575],[-72.29477,-45.02763],[-72.29408,-45.01399],[-72.25728,-45.01324],[-72.23363,-45.01662],[-72.21548,-45.00221],[-72.21159,-44.98492],[-72.22118,-44.9706],[-72.20771,-44.96253],[-72.22515,-44.9549],[-72.21581,-44.93111],[-72.22827,-44.92001],[-72.23762,-44.88267],[-72.24812,-44.87681],[-72.27585,-44.85939],[-72.28753,-44.86054],[-72.26873,-44.81607],[-72.27771,-44.78353],[-72.26564,-44.77292]]]},"properties":{"COD_SHAC":"SHAC-11-1218","SHAC":"Laguna Escondida","REGION":"Aysén del G. Carlos Ibánez del Campo","NOM_ACUIF":"Río Cisnes","COD_BNA_SH":"1218","COD_REG":"11"}},
{"type":"Feature","geometry":{"type":"Polygon","coordinates":[[[-71.49827,-44.73786],[-71.46673,-44.73899],[-71.45009,-44.75232],[-71.43326,-44.75562],[-71.42981,-44.76669],[-71.40886,-44.7776],[-71.39627,-44.78979],[-71.37213,-44.79618],[-71.3464,-44.79339],[-71.32761,-44.80828],[-71.30512,-44.8061],[-71.27456,-44.8089],[-71.24778,-44.79824],[-71.25314,-44.78314],[-71.21031,-44.7536],[-71.20179,-44.73808],[-71.20389,-44.71681],[-71.21447,-44.71488],[-71.21075,-44.69782],[-71.19482,-44.68538],[-71.21938,-44.67468],[-71.23437,-44.64911],[-71.2157,-44.63519],[-71.2168,-44.61713],[-71.20544,-44.61276],[-71.18606,-44.5925],[-71.14691,-44.591],[-71.1292,-44.59692],[-71.09768,-44.58625],[-71.10309,-44.55249],[-71.0917,-44.53238],[-71.12918,-44.50725],[-71.15967,-44.5032],[-71.16138,-44.49658],[-71.13107,-44.47213],[-71.1582,-44.45581],[-71.17029,-44.44049],[-71.18439,-44.4408],[-71.21179,-44.43359],[-71.22711,-44.4339],[-71.24091,-44.41827],[-71.27319,-44.42407],[-71.30908,-44.42438],[-71.33551,-44.41901],[-71.35549,-44.4201],[-71.35688,-44.40209],[-71.36578,-44.39201],[-71.42274,-44.38825],[-71.42719,-44.396],[-71.4469,-44.39695],[-71.47692,-44.39244],[-71.4897,-44.40461],[-71.49506,-44.44469],[-71.5162,-44.46066],[-71.50763,-44.47656],[-71.53023,-44.52023],[-71.5443,-44.54097],[-71.55203,-44.54356],[-71.53604,-44.55968],[-71.54463,-44.60737],[-71.54413,-44.65594],[-71.5544,-44.67076],[-71.53405,-44.69721],[-71.53679,-44.70795],[-71.49827,-44.73786]]]},"properties":{"COD_SHAC":"SHAC-11-1221","SHAC":"Rio Cisnes Alto","REGION":"Aysén del G. Carlos Ibánez del Campo","NOM_ACUIF":"Río Cisnes","COD_BNA_SH":"1221","COD_REG":"11"}},
{"type":"Feature","geometry":{"type":"Polygon","coordinates":[[[-72.20235,-44.58167],[-72.19585,-44.568],[-72.21173,-44.53377],[-72.23628,-44.53172],[-72.26911,-44.51981],[-72.29824,-44.54266],[-72.31404,-44.53496],[-72.32477,-44.53864],[-72.32296,-44.55726],[-72.34133,-44.56434],[-72.35058,-44.60253],[-72.35801,-44.61332],[-72.37997,-44.61447],[-72.38583,-44.60573],[-72.40912,-44.60162],[-72.41981,-44.61843],[-72.45425,-44.60619],[-72.45766,-44.61178],[-72.48435,-44.61193],[-72.50137,-44.62462],[-72.51959,-44.62566],[-72.52086,-44.63549],[-72.54213,-44.63857],[-72.55122,-44.66347],[-72.57835,-44.6585],[-72.58294,-44.67448],[-72.60541,-44.68235],[-72.61159,-44.69538],[-72.60778,-44.70874],[-72.62327,-44.71907],[-72.62273,-44.72924],[-72.63454,-44.74068],[-72.66941,-44.75051],[-72.69771,-44.74569],[-72.72158,-44.74532],[-72.72218,-44.76577],[-72.73921,-44.77667],[-72.73807,-44.79344],[-72.74399,-44.8149],[-72.73557,-44.83167],[-72.70994,-44.8137],[-72.68421,-44.78542],[-72.66471,-44.77989],[-72.63651,-44.79011],[-72.61424,-44.78012],[-72.6079,-44.79153],[-72.57023,-44.80706],[-72.53899,-44.81511],[-72.51799,-44.80141],[-72.51407,-44.78927],[-72.48882,-44.78065],[-72.48567,-44.79125],[-72.45014,-44.78983],[-72.43469,-44.77753],[-72.42462,-44.75943],[-72.39116,-44.77494],[-72.37885,-44.77471],[-72.36495,-44.75851],[-72.32683,-44.76548],[-72.30291,-44.77609],[-72.29184,-44.7591],[-72.26564,-44.77292],[-72.23486,-44.7629],[-72.24274,-44.73717],[-72.23771,-44.72167],[-72.20497,-44.71924],[-72.20331,-44.71104],[-72.1846,-44.70704],[-72.17456,-44.69682],[-72.17189,-44.6799],[-72.188,-44.67502],[-72.2122,-44.64934],[-72.202,-44.6311],[-72.18615,-44.63719],[-72.17056,-44.63081],[-72.18068,-44.61026],[-72.17619,-44.59855],[-72.20235,-44.58167]]]},"properties":{"COD_SHAC":"SHAC-11-1222","SHAC":"Rio Cisnes Bajo","REGION":"Aysén del G. Carlos Ibánez del Campo","NOM_ACUIF":"Río Cisnes","COD_BNA_SH":"1222","COD_REG":"11"}},
{"type":"Feature","geometry":{"type":"Polygon","coordinates":[[[-71.4897,-44.40461],[-71.51552,-44.39626],[-71.55186,-44.40865],[-71.57855,-44.40559],[-71.61328,-44.39613],[-71.65544,-44.40962],[-71.66897,-44.40914],[-71.6935,-44.39804],[-71.7057,-44.38361],[-71.74101,-44.40224],[-71.74828,-44.39867],[-71.77254,-44.40899],[-71.8141,-44.41737],[-71.84123,-44.42461],[-71.86914,-44.45426],[-71.89054,-44.45785],[-71.90246,-44.45297],[-71.92401,-44.45501],[-71.94737,-44.47388],[-71.96954,-44.46094],[-71.99273,-44.45745],[-72.00424,-44.47114],[-72.02296,-44.48116],[-72.03592,-44.49429],[-72.02248,-44.50538],[-72.02814,-44.52065],[-72.00025,-44.53096],[-71.99433,-44.55884],[-71.98196,-44.56083],[-71.97746,-44.57322],[-71.9978,-44.59047],[-71.99004,-44.60364],[-71.97231,-44.60213],[-71.90194,-44.58371],[-71.89747,-44.59679],[-71.86768,-44.59267],[-71.85507,-44.59963],[-71.79765,-44.57828],[-71.76643,-44.58933],[-71.72948,-44.59296],[-71.68863,-44.59152],[-71.6686,-44.59727],[-71.67812,-44.60756],[-71.67628,-44.61953],[-71.65808,-44.62855],[-71.63862,-44.60379],[-71.61804,-44.59186],[-71.61377,-44.57337],[-71.64914,-44.56312],[-71.6468,-44.55574],[-71.62752,-44.54578],[-71.61038,-44.54668],[-71.59902,-44.53179],[-71.55203,-44.54356],[-71.5443,-44.54097],[-71.53023,-44.52023],[-71.50763,-44.47656],[-71.5162,-44.46066],[-71.49506,-44.44469],[-71.4897,-44.40461]]]},"properties":{"COD_SHAC":"SHAC-11-1220","SHAC":"Río Caceres","REGION":"Aysén del G. Carlos Ibánez del Campo","NOM_ACUIF":"Río Cisnes","COD_BNA_SH":"1220","COD_REG":"11"}},
{"type":"Feature","geometry":{"type":"Polygon","coordinates":[[[-72.02296,-44.48116],[-72.02974,-44.47043],[-72.04809,-44.46157],[-72.07159,-44.45901],[-72.08934,-44.46628],[-72.10425,-44.47837],[-72.10927,-44.49101],[-72.10438,-44.5015],[-72.07694,-44.51665],[-72.07898,-44.5394],[-72.09573,-44.53793],[-72.10298,-44.55956],[-72.08895,-44.56817],[-72.09583,-44.57797],[-72.05168,-44.56796],[-72.034,-44.58946],[-72.01023,-44.58258],[-71.9978,-44.59047],[-71.97746,-44.57322],[-71.98196,-44.56083],[-71.99433,-44.55884],[-72.00025,-44.53096],[-72.02814,-44.52065],[-72.02248,-44.50538],[-72.03592,-44.49429],[-72.02296,-44.48116]]]},"properties":{"COD_SHAC":"SHAC-11-1219","SHAC":"Laguna La Garganta","REGION":"Aysén del G. Carlos Ibánez del Campo","NOM_ACUIF":"Río Cisnes","COD_BNA_SH":"1219","COD_REG":"11"}},
{"type":"Feature","geometry":{"type":"Polygon","coordinates":[[[-71.8141,-44.41737],[-71.80617,-44.39804],[-71.8213,-44.39192],[-71.81736,-44.37765],[-71.83513,-44.36892],[-71.8398,-44.35047],[-71.80192,-44.34097],[-71.78612,-44.33101],[-71.79209,-44.30759],[-71.80468,-44.29122],[-71.80525,-44.26949],[-71.82848,-44.26559],[-71.8128,-44.2508],[-71.81286,-44.23832],[-71.78018,-44.21711],[-71.79677,-44.20887],[-71.8172,-44.17735],[-71.84777,-44.15602],[-71.84289,-44.13967],[-71.85158,-44.13099],[-71.84987,-44.11421],[-71.83516,-44.10693],[-71.82274,-44.11438],[-71.77984,-44.11186],[-71.7491,-44.09061],[-71.74824,-44.07833],[-71.73687,-44.06712],[-71.743,-44.06522],[-71.74356,-44.06528],[-71.74801,-44.06388],[-71.74971,-44.06366],[-71.75555,-44.06242],[-71.75605,-44.06192],[-71.75727,-44.06049],[-71.75735,-44.06008],[-71.75738,-44.05921],[-71.75742,-44.05888],[-71.75749,-44.05862],[-71.75761,-44.05826],[-71.75768,-44.05782],[-71.75777,-44.05749],[-71.75821,-44.05711],[-71.75863,-44.05696],[-71.75939,-44.05684],[-71.76047,-44.05673],[-71.7614,-44.05665],[-71.76195,-44.05646],[-71.7624,-44.05671],[-71.76286,-44.05677],[-71.76358,-44.05681],[-71.76483,-44.05677],[-71.77712,-44.05736],[-71.77842,-44.05786],[-71.7855,-44.0576],[-71.78647,-44.05656],[-71.78992,-44.0552],[-71.79083,-44.05485],[-71.79174,-44.05352],[-71.79273,-44.05246],[-71.79596,-44.03427],[-71.79575,-44.033],[-71.79575,-44.03188],[-71.79603,-44.03094],[-71.80264,-44.0256],[-71.80271,-44.02506],[-71.80264,-44.02253],[-71.80325,-44.02205],[-71.80367,-44.02176],[-71.80397,-44.02156],[-71.80474,-44.0212],[-71.80605,-44.02105],[-71.80712,-44.02071],[-71.80783,-44.02008],[-71.80915,-44.01876],[-71.80956,-44.01824],[-71.81057,-44.01671],[-71.81073,-44.01645],[-71.81042,-44.01422],[-71.81026,-44.01418],[-71.81359,-44.01235],[-71.8145,-44.01219],[-71.82259,-44.01036],[-71.82262,-44.01014],[-71.82266,-44.00947],[-71.82284,-44.00916],[-71.82284,-44.00823],[-71.82472,-44.00519],[-71.82521,-44.00403],[-71.82521,-44.00361],[-71.82625,-43.99718],[-71.82616,-43.9966],[-71.82611,-43.99446],[-71.82625,-43.99333],[-71.8262,-43.99177],[-71.82594,-43.99122],[-71.82447,-43.98948],[-71.82437,-43.98897],[-71.8255,-43.98813],[-71.82672,-43.9874],[-71.82668,-43.98549],[-71.82664,-43.98468],[-71.82719,-43.98402],[-71.8275,-43.98345],[-71.82773,-43.98025],[-71.82789,-43.97981],[-71.82778,-43.97892],[-71.82758,-43.97835],[-71.82719,-43.97669],[-71.82698,-43.97612],[-71.82237,-43.97276],[-71.82089,-43.97224],[-71.81755,-43.97005],[-71.81724,-43.96883],[-71.81655,-43.96716],[-71.81608,-43.96619],[-71.81515,-43.96436],[-71.81447,-43.96241],[-71.80873,-43.95861],[-71.80901,-43.95836],[-71.80805,-43.9556],[-71.81202,-43.95463],[-71.815,-43.95408],[-71.81582,-43.95381],[-71.81665,-43.95362],[-71.85092,-43.93446],[-71.85178,-43.93352],[-71.85222,-43.93316],[-71.85264,-43.9329],[-71.85308,-43.93267],[-71.85358,-43.93222],[-71.85415,-43.9317],[-71.85506,-43.93082],[-71.85553,-43.93033],[-71.85914,-43.92866],[-71.8606,-43.92861],[-71.86135,-43.92858],[-71.86218,-43.92845],[-71.86497,-43.9283],[-71.86541,-43.92843],[-71.86887,-43.92851],[-71.86928,-43.92859],[-71.86966,-43.92876],[-71.87214,-43.9295],[-71.87262,-43.92952],[-71.89398,-43.93761],[-71.89452,-43.93757],[-71.89814,-43.93789],[-71.89929,-43.93837],[-71.89994,-43.93842],[-71.9006,-43.93853],[-71.90106,-43.93861],[-71.90156,-43.93861],[-71.90285,-43.93894],[-71.90424,-43.93937],[-71.92032,-43.93939],[-71.92277,-43.93824],[-71.92482,-43.93678],[-71.92662,-43.93568],[-71.92833,-43.93523],[-71.92893,-43.93523],[-71.92988,-43.93503],[-71.93108,-43.93453],[-71.93258,-43.93413],[-71.93463,-43.93363],[-71.93643,-43.93308],[-71.93809,-43.93263],[-71.93954,-43.93213],[-71.94279,-43.93108],[-71.94444,-43.93083],[-71.95105,-43.92898],[-71.95175,-43.92878],[-71.9529,-43.92813],[-71.95425,-43.92757],[-71.95571,-43.92707],[-71.95671,-43.92652],[-71.96041,-43.92577],[-71.96186,-43.92547],[-71.96342,-43.92537],[-71.96522,-43.92542],[-71.96872,-43.92527],[-71.96987,-43.92542],[-71.97077,-43.92582],[-71.97172,-43.92622],[-71.97228,-43.92652],[-71.9728,-43.92704],[-71.97312,-43.92741],[-71.97346,-43.92776],[-71.97393,-43.92848],[-71.97398,-43.92913],[-71.97348,-43.92973],[-71.97288,-43.93068],[-71.97212,-43.93233],[-71.97187,-43.93323],[-71.97187,-43.93433],[-71.97152,-43.93493],[-71.97107,-43.93548],[-71.97027,-43.93618],[-71.96907,-43.93694],[-71.96807,-43.93799],[-71.96707,-43.93869],[-71.96582,-43.93944],[-71.96467,-43.93979],[-71.96321,-43.94009],[-71.96211,-43.94029],[-71.96111,-43.94049],[-71.96046,-43.94054],[-71.95951,-43.94059],[-71.95826,-43.94104],[-71.95751,-43.94169],[-71.95676,-43.94219],[-71.95641,-43.94289],[-71.9563,-43.94329],[-71.95616,-43.94384],[-71.95575,-43.94441],[-71.95552,-43.94496],[-71.9557,-43.94564],[-71.95626,-43.94655],[-71.95671,-43.9478],[-71.95721,-43.9491],[-71.95801,-43.9511],[-71.95801,-43.95235],[-71.95771,-43.95325],[-71.95716,-43.9542],[-71.95696,-43.95521],[-71.95696,-43.95621],[-71.95711,-43.95711],[-71.95751,-43.95761],[-71.95846,-43.95796],[-71.95961,-43.95836],[-71.96046,-43.95896],[-71.96131,-43.95966],[-71.96172,-43.96011],[-71.96183,-43.96082],[-71.96179,-43.96169],[-71.96151,-43.96237],[-71.96155,-43.96293],[-71.96185,-43.96353],[-71.96171,-43.96387],[-71.96164,-43.9641],[-71.96299,-43.9649],[-71.96358,-43.96483],[-71.96465,-43.96474],[-71.96521,-43.96464],[-71.96587,-43.96457],[-71.96631,-43.96446],[-71.96672,-43.96442],[-71.96752,-43.96447],[-71.96793,-43.96464],[-71.96832,-43.96472],[-71.96946,-43.96464],[-71.96987,-43.96451],[-71.97035,-43.96431],[-71.97077,-43.96407],[-71.97152,-43.96362],[-71.97228,-43.96331],[-71.97316,-43.96326],[-71.97374,-43.96339],[-71.97422,-43.96345],[-71.97468,-43.96372],[-71.97523,-43.96442],[-71.97547,-43.96485],[-71.97551,-43.96518],[-71.97549,-43.96548],[-71.97708,-43.96625],[-71.97893,-43.96696],[-71.97975,-43.9672],[-71.9807,-43.96724],[-71.98158,-43.96722],[-71.98209,-43.96714],[-71.98243,-43.96668],[-71.98298,-43.96634],[-71.98348,-43.96562],[-71.98394,-43.96411],[-71.98416,-43.96368],[-71.98442,-43.96325],[-71.98471,-43.96277],[-71.98499,-43.96211],[-71.98534,-43.96121],[-71.98554,-43.96081],[-71.98634,-43.96056],[-71.98754,-43.96046],[-71.98859,-43.96026],[-71.98974,-43.96021],[-71.99055,-43.96016],[-71.99121,-43.96035],[-71.9921,-43.96069],[-71.99363,-43.96119],[-71.9949,-43.96181],[-71.99595,-43.96227],[-71.99724,-43.96272],[-71.998,-43.96271],[-71.99865,-43.96271],[-71.99983,-43.96267],[-72,-43.96269],[-72.00076,-43.96281],[-72.00403,-43.96354],[-72.00463,-43.9638],[-72.0084,-43.96511],[-72.00962,-43.96532],[-72.01032,-43.96542],[-72.01272,-43.96632],[-72.01357,-43.96617],[-72.01452,-43.96572],[-72.01502,-43.96512],[-72.01557,-43.96412],[-72.01587,-43.96321],[-72.01612,-43.96246],[-72.01673,-43.96181],[-72.01733,-43.96121],[-72.01853,-43.96061],[-72.01948,-43.95986],[-72.02028,-43.95926],[-72.02253,-43.95851],[-72.02353,-43.95816],[-72.02438,-43.95811],[-72.02503,-43.95811],[-72.026,-43.95813],[-72.02633,-43.95819],[-72.02665,-43.95785],[-72.0263,-43.95708],[-72.02608,-43.95508],[-72.02566,-43.95496],[-72.02555,-43.95457],[-72.02673,-43.95046],[-72.02704,-43.94981],[-72.02716,-43.94954],[-72.02719,-43.94915],[-72.02747,-43.94876],[-72.02776,-43.94839],[-72.02827,-43.94778],[-72.02879,-43.94721],[-72.02924,-43.94645],[-72.02959,-43.9458],[-72.03009,-43.94494],[-72.03069,-43.94404],[-72.03154,-43.94274],[-72.03244,-43.94194],[-72.03354,-43.94119],[-72.03965,-43.93764],[-72.04033,-43.93732],[-72.04142,-43.93695],[-72.04196,-43.93678],[-72.0429,-43.93653],[-72.04366,-43.93623],[-72.04453,-43.9362],[-72.04486,-43.93628],[-72.04616,-43.93653],[-72.04703,-43.93655],[-72.0481,-43.93661],[-72.04924,-43.93674],[-72.05024,-43.93681],[-72.05107,-43.93691],[-72.05258,-43.93687],[-72.05344,-43.93702],[-72.05392,-43.93708],[-72.05427,-43.93709],[-72.05527,-43.93719],[-72.05577,-43.93729],[-72.05662,-43.93744],[-72.05807,-43.93809],[-72.05947,-43.93899],[-72.06022,-43.93974],[-72.06057,-43.94069],[-72.06093,-43.94204],[-72.06118,-43.94365],[-72.06141,-43.94439],[-72.06333,-43.9467],[-72.06358,-43.948],[-72.06353,-43.9487],[-72.06353,-43.94935],[-72.06353,-43.95],[-72.06368,-43.95045],[-72.06423,-43.9508],[-72.06463,-43.95115],[-72.06563,-43.95165],[-72.06668,-43.95235],[-72.06743,-43.9533],[-72.06838,-43.95445],[-72.06914,-43.95647],[-72.07023,-43.96037],[-72.07096,-43.9616],[-72.07292,-43.96115],[-72.07434,-43.95979],[-72.08857,-43.94962],[-72.092,-43.94742],[-72.09591,-43.94559],[-72.10763,-43.92881],[-72.10521,-43.92552],[-72.10318,-43.92359],[-72.09641,-43.91846],[-72.09467,-43.91701],[-72.09254,-43.91605],[-72.09042,-43.91576],[-72.08877,-43.91498],[-72.08751,-43.91324],[-72.08597,-43.91111],[-72.08481,-43.90947],[-72.08307,-43.90821],[-72.08084,-43.90725],[-72.07891,-43.90638],[-72.07678,-43.90531],[-72.07608,-43.90441],[-72.07581,-43.90338],[-72.07611,-43.90249],[-72.07678,-43.90135],[-72.07823,-43.89932],[-72.07958,-43.89816],[-72.0821,-43.8968],[-72.08442,-43.89554],[-72.08677,-43.89475],[-72.09257,-43.89178],[-72.09352,-43.89146],[-72.09422,-43.89108],[-72.09512,-43.8907],[-72.09639,-43.89038],[-72.09747,-43.89013],[-72.09836,-43.89013],[-72.10008,-43.89019],[-72.10085,-43.89019],[-72.10193,-43.89019],[-72.10321,-43.88987],[-72.10461,-43.88955],[-72.10595,-43.88917],[-72.10703,-43.88873],[-72.10798,-43.88847],[-72.10907,-43.88783],[-72.1099,-43.88713],[-72.11047,-43.88643],[-72.11098,-43.88567],[-72.11162,-43.88465],[-72.112,-43.88357],[-72.11219,-43.8821],[-72.11257,-43.88127],[-72.11327,-43.88038],[-72.11423,-43.87923],[-72.12263,-43.87779],[-72.12402,-43.87849],[-72.12561,-43.87958],[-72.12691,-43.88028],[-72.14443,-43.88645],[-72.14572,-43.88516],[-72.14731,-43.88386],[-72.14921,-43.88227],[-72.15149,-43.88098],[-72.15866,-43.88107],[-72.16035,-43.88147],[-72.16274,-43.88277],[-72.16344,-43.88386],[-72.16414,-43.88486],[-72.16483,-43.88605],[-72.16563,-43.88665],[-72.16722,-43.88754],[-72.16862,-43.88824],[-72.1729,-43.89093],[-72.17499,-43.89252],[-72.17638,-43.89362],[-72.17996,-43.89461],[-72.18146,-43.89421],[-72.18315,-43.89272],[-72.18484,-43.88964],[-72.18544,-43.88814],[-72.18574,-43.88705],[-72.1859,-43.87252],[-72.20123,-43.85116],[-72.19876,-43.84061],[-72.22251,-43.83745],[-72.26675,-43.84135],[-72.28259,-43.82796],[-72.24197,-43.80713],[-72.24939,-43.79632],[-72.27735,-43.78969],[-72.29112,-43.7913],[-72.30491,-43.77865],[-72.29961,-43.7709],[-72.27384,-43.76402],[-72.27383,-43.75697],[-72.294,-43.74471],[-72.29587,-43.74312],[-72.31073,-43.72728],[-72.30596,-43.71579],[-72.31993,-43.70467],[-72.32045,-43.70327],[-72.32278,-43.6907],[-72.32185,-43.69014],[-72.32098,-43.68937],[-72.32112,-43.68869],[-72.33292,-43.67458],[-72.38502,-43.69266],[-72.40075,-43.68962],[-72.41158,-43.69994],[-72.41236,-43.70083],[-72.41381,-43.71467],[-72.42413,-43.73116],[-72.43885,-43.72579],[-72.44109,-43.72616],[-72.44268,-43.72654],[-72.44424,-43.72702],[-72.44577,-43.72883],[-72.44609,-43.72995],[-72.45054,-43.73648],[-72.47407,-43.7356],[-72.47427,-43.7356],[-72.47506,-43.7356],[-72.47586,-43.73583],[-72.47693,-43.73714],[-72.47763,-43.73873],[-72.48156,-43.7449],[-72.48006,-43.74658],[-72.47698,-43.74826],[-72.47558,-43.74934],[-72.48319,-43.76097],[-72.48259,-43.7627],[-72.48231,-43.76354],[-72.48357,-43.76962],[-72.48319,-43.77031],[-72.48029,-43.77196],[-72.48847,-43.77812],[-72.48936,-43.77854],[-72.49002,-43.7791],[-72.49095,-43.78069],[-72.4906,-43.78827],[-72.47326,-43.80406],[-72.47073,-43.82402],[-72.49281,-43.83547],[-72.47411,-43.84395],[-72.46526,-43.85831],[-72.46313,-43.87987],[-72.42938,-43.8755],[-72.41476,-43.86828],[-72.40624,-43.88685],[-72.41502,-43.90938],[-72.40802,-43.92696],[-72.41638,-43.94909],[-72.41051,-43.96236],[-72.37022,-43.95466],[-72.33939,-43.95504],[-72.27454,-43.96293],[-72.23999,-43.98113],[-72.23649,-43.98957],[-72.25989,-44.00701],[-72.25135,-44.02589],[-72.25413,-44.04046],[-72.28648,-44.03888],[-72.29677,-44.04269],[-72.29574,-44.06142],[-72.27483,-44.08197],[-72.27761,-44.10386],[-72.31065,-44.13614],[-72.29038,-44.14191],[-72.29991,-44.1586],[-72.29229,-44.17776],[-72.28131,-44.17962],[-72.28674,-44.19983],[-72.26167,-44.22259],[-72.28526,-44.24626],[-72.26618,-44.27111],[-72.24468,-44.27809],[-72.25871,-44.30544],[-72.27741,-44.30163],[-72.29171,-44.30986],[-72.27325,-44.33272],[-72.2523,-44.34249],[-72.25747,-44.36241],[-72.2681,-44.37139],[-72.30492,-44.37659],[-72.3091,-44.38296],[-72.33135,-44.38155],[-72.35845,-44.39495],[-72.38155,-44.39195],[-72.38741,-44.40105],[-72.38122,-44.41166],[-72.34871,-44.42159],[-72.33333,-44.43712],[-72.33444,-44.44932],[-72.35335,-44.44746],[-72.37298,-44.45946],[-72.35337,-44.48371],[-72.36535,-44.49551],[-72.36793,-44.51515],[-72.35847,-44.5272],[-72.32477,-44.53864],[-72.31404,-44.53496],[-72.29824,-44.54266],[-72.26911,-44.51981],[-72.23628,-44.53172],[-72.21173,-44.53377],[-72.19585,-44.568],[-72.20235,-44.58167],[-72.18752,-44.57197],[-72.15527,-44.57772],[-72.14313,-44.56279],[-72.09583,-44.57797],[-72.08895,-44.56817],[-72.10298,-44.55956],[-72.09573,-44.53793],[-72.07898,-44.5394],[-72.07694,-44.51665],[-72.10438,-44.5015],[-72.10927,-44.49101],[-72.10425,-44.47837],[-72.08934,-44.46628],[-72.07159,-44.45901],[-72.04809,-44.46157],[-72.02974,-44.47043],[-72.02296,-44.48116],[-72.00424,-44.47114],[-71.99273,-44.45745],[-71.96954,-44.46094],[-71.94737,-44.47388],[-71.92401,-44.45501],[-71.90246,-44.45297],[-71.89054,-44.45785],[-71.86914,-44.45426],[-71.84123,-44.42461],[-71.8141,-44.41737]]]},"properties":{"COD_SHAC":"SHAC-11-1227","SHAC":"Río Palena Alto","REGION":"Aysén del G. Carlos Ibánez del Campo","NOM_ACUIF":"Río Palena","COD_BNA_SH":"1227","COD_REG":"11"}},
{"type":"Feature","geometry":{"type":"Polygon","coordinates":[[[-72.35244,-45.40677],[-72.38182,-45.40617],[-72.40048,-45.38968],[-72.41509,-45.38446],[-72.42635,-45.39857],[-72.47167,-45.39968],[-72.49874,-45.40546],[-72.4894,-45.41298],[-72.48969,-45.42521],[-72.50134,-45.42898],[-72.4841,-45.45904],[-72.50281,-45.46289],[-72.52184,-45.45787],[-72.53311,-45.44557],[-72.54498,-45.44436],[-72.55693,-45.45438],[-72.55528,-45.46821],[-72.57713,-45.49397],[-72.55938,-45.5001],[-72.53562,-45.5037],[-72.52674,-45.49542],[-72.50695,-45.5051],[-72.4994,-45.5219],[-72.48016,-45.52684],[-72.48155,-45.52011],[-72.46283,-45.50171],[-72.46725,-45.4892],[-72.44522,-45.46786],[-72.43409,-45.46516],[-72.42067,-45.45145],[-72.40544,-45.44807],[-72.40739,-45.46551],[-72.41694,-45.48248],[-72.39559,-45.49764],[-72.37557,-45.49415],[-72.35732,-45.49815],[-72.32877,-45.51717],[-72.31899,-45.51242],[-72.30293,-45.5203],[-72.27875,-45.53844],[-72.25716,-45.53068],[-72.24974,-45.55001],[-72.21102,-45.55031],[-72.18268,-45.56246],[-72.16732,-45.56041],[-72.14709,-45.56673],[-72.11914,-45.56707],[-72.08033,-45.57516],[-72.06494,-45.57807],[-72.07004,-45.55451],[-72.05595,-45.55399],[-72.02428,-45.53323],[-72.02236,-45.51749],[-72.06756,-45.5222],[-72.12104,-45.50358],[-72.13815,-45.50223],[-72.14299,-45.48946],[-72.12609,-45.48166],[-72.12035,-45.46017],[-72.12524,-45.44286],[-72.13718,-45.44001],[-72.16692,-45.44828],[-72.19001,-45.45061],[-72.20764,-45.46964],[-72.27006,-45.48465],[-72.28308,-45.44841],[-72.28064,-45.44059],[-72.29439,-45.42939],[-72.32671,-45.41813],[-72.3451,-45.42608],[-72.35244,-45.40677]]]},"properties":{"COD_SHAC":"SHAC-11-1168","SHAC":"Río Simpson Bajo","REGION":"Aysén del G. Carlos Ibánez del Campo","NOM_ACUIF":"Río Aysén","COD_BNA_SH":"1168","COD_REG":"11"}},
{"type":"Feature","geometry":{"type":"Polygon","coordinates":[[[-71.70121,-45.52452],[-71.71603,-45.52204],[-71.70617,-45.50503],[-71.73295,-45.49273],[-71.75789,-45.47561],[-71.75078,-45.46182],[-71.7623,-45.45392],[-71.80837,-45.43875],[-71.8536,-45.44562],[-71.86781,-45.44826],[-71.888,-45.4382],[-71.90738,-45.45655],[-71.91965,-45.4618],[-71.93533,-45.48461],[-71.9369,-45.5035],[-71.91494,-45.50919],[-71.91138,-45.53146],[-71.89322,-45.53633],[-71.87365,-45.53443],[-71.85742,-45.54314],[-71.85097,-45.569],[-71.82699,-45.55122],[-71.81587,-45.54957],[-71.7582,-45.55586],[-71.72489,-45.53533],[-71.70126,-45.53399],[-71.70121,-45.52452]]]},"properties":{"COD_SHAC":"SHAC-11-1150","SHAC":"Río Coihaique Medio","REGION":"Aysén del G. Carlos Ibánez del Campo","NOM_ACUIF":"Río Aysén","COD_BNA_SH":"1150","COD_REG":"11"}},
{"type":"Feature","geometry":{"type":"Polygon","coordinates":[[[-71.7582,-45.55586],[-71.81587,-45.54957],[-71.82699,-45.55122],[-71.85097,-45.569],[-71.86663,-45.58214],[-71.8895,-45.58888],[-71.92013,-45.60906],[-71.98507,-45.61977],[-71.98211,-45.63147],[-71.96451,-45.64979],[-71.9577,-45.66551],[-71.96919,-45.68137],[-71.96886,-45.69598],[-71.98397,-45.70243],[-71.97744,-45.71322],[-71.96951,-45.70669],[-71.924,-45.71239],[-71.91143,-45.72972],[-71.8956,-45.73816],[-71.87146,-45.73472],[-71.84634,-45.74169],[-71.8009,-45.72096],[-71.79216,-45.70436],[-71.77281,-45.69641],[-71.77305,-45.68124],[-71.79553,-45.6668],[-71.77404,-45.64104],[-71.78288,-45.63187],[-71.77901,-45.62072],[-71.76078,-45.61989],[-71.73114,-45.58672],[-71.76278,-45.57589],[-71.7582,-45.55586]]]},"properties":{"COD_SHAC":"SHAC-11-1164","SHAC":"Río Pollux Alto","REGION":"Aysén del G. Carlos Ibánez del Campo","NOM_ACUIF":"Río Aysén","COD_BNA_SH":"1164","COD_REG":"11"}},
{"type":"Feature","geometry":{"type":"Polygon","coordinates":[[[-72.05134,-45.25212],[-72.09022,-45.25616],[-72.09232,-45.23827],[-72.10384,-45.22652],[-72.14298,-45.21552],[-72.18017,-45.22865],[-72.19324,-45.24214],[-72.2164,-45.2532],[-72.23696,-45.25641],[-72.25447,-45.25387],[-72.27275,-45.26582],[-72.26909,-45.27636],[-72.25458,-45.28625],[-72.28427,-45.30698],[-72.28212,-45.33162],[-72.26939,-45.33737],[-72.26455,-45.35221],[-72.24962,-45.35788],[-72.23555,-45.37269],[-72.20699,-45.36438],[-72.19013,-45.34554],[-72.15413,-45.35925],[-72.15437,-45.39469],[-72.17534,-45.41984],[-72.17986,-45.43776],[-72.19001,-45.45061],[-72.16692,-45.44828],[-72.13718,-45.44001],[-72.14153,-45.43615],[-72.1259,-45.41671],[-72.10046,-45.41522],[-72.07166,-45.40769],[-72.05226,-45.3988],[-72.05481,-45.42138],[-72.04461,-45.45408],[-71.99997,-45.46302],[-71.96358,-45.46275],[-71.93686,-45.45517],[-71.92904,-45.44695],[-71.90738,-45.45655],[-71.888,-45.4382],[-71.86781,-45.44826],[-71.8536,-45.44562],[-71.81011,-45.41345],[-71.80624,-45.39836],[-71.82318,-45.39202],[-71.83912,-45.39811],[-71.85053,-45.39102],[-71.85625,-45.37431],[-71.8446,-45.36353],[-71.85015,-45.34455],[-71.87121,-45.34694],[-71.88581,-45.30468],[-71.91346,-45.30591],[-71.92585,-45.30092],[-71.94539,-45.30809],[-71.96053,-45.3006],[-71.97597,-45.303],[-71.98454,-45.28767],[-72.00888,-45.28809],[-72.02787,-45.28324],[-72.03853,-45.2622],[-72.05134,-45.25212]]]},"properties":{"COD_SHAC":"SHAC-11-1153","SHAC":"Río Emperador Guillermo","REGION":"Aysén del G. Carlos Ibánez del Campo","NOM_ACUIF":"Río Aysén","COD_BNA_SH":"1153","COD_REG":"11"}},
{"type":"Feature","geometry":{"type":"Polygon","coordinates":[[[-72.54675,-45.17085],[-72.56113,-45.17082],[-72.56805,-45.19855],[-72.57574,-45.20035],[-72.59586,-45.22502],[-72.60102,-45.23971],[-72.59011,-45.25069],[-72.5967,-45.3017],[-72.5907,-45.31581],[-72.57783,-45.31693],[-72.56929,-45.32995],[-72.54306,-45.34165],[-72.53694,-45.35107],[-72.51031,-45.35211],[-72.51227,-45.36932],[-72.49285,-45.36607],[-72.4748,-45.38029],[-72.49874,-45.40546],[-72.47167,-45.39968],[-72.42635,-45.39857],[-72.41509,-45.38446],[-72.40048,-45.38968],[-72.38182,-45.40617],[-72.35244,-45.40677],[-72.3305,-45.38397],[-72.28772,-45.38843],[-72.29117,-45.36414],[-72.28622,-45.3561],[-72.26455,-45.35221],[-72.26939,-45.33737],[-72.28212,-45.33162],[-72.28427,-45.30698],[-72.25458,-45.28625],[-72.26909,-45.27636],[-72.27275,-45.26582],[-72.28945,-45.24819],[-72.31567,-45.24647],[-72.35732,-45.24984],[-72.35885,-45.24219],[-72.3772,-45.22519],[-72.39042,-45.22914],[-72.42802,-45.23177],[-72.45793,-45.24656],[-72.47905,-45.2392],[-72.48391,-45.21429],[-72.50239,-45.20942],[-72.49633,-45.19305],[-72.51497,-45.18662],[-72.5337,-45.18604],[-72.54675,-45.17085]]]},"properties":{"COD_SHAC":"SHAC-11-1156","SHAC":"Río Maniguales Bajo","REGION":"Aysén del G. Carlos Ibánez del Campo","NOM_ACUIF":"Río Aysén","COD_BNA_SH":"1156","COD_REG":"11"}},
{"type":"Feature","geometry":{"type":"Polygon","coordinates":[[[-71.97396,-44.92124],[-71.97871,-44.90397],[-71.99932,-44.89841],[-72.04003,-44.9015],[-72.0502,-44.88204],[-72.06486,-44.87525],[-72.04286,-44.86591],[-72.04552,-44.85815],[-72.06886,-44.84967],[-72.06452,-44.83841],[-72.0816,-44.83152],[-72.10489,-44.83704],[-72.12142,-44.84712],[-72.15525,-44.85162],[-72.17569,-44.85748],[-72.19086,-44.84793],[-72.21921,-44.86458],[-72.24038,-44.85939],[-72.24812,-44.87681],[-72.23762,-44.88267],[-72.22827,-44.92001],[-72.21581,-44.93111],[-72.22515,-44.9549],[-72.20771,-44.96253],[-72.22118,-44.9706],[-72.21159,-44.98492],[-72.21548,-45.00221],[-72.23363,-45.01662],[-72.25728,-45.01324],[-72.24542,-45.03487],[-72.22262,-45.05729],[-72.21179,-45.06067],[-72.2012,-45.07446],[-72.17397,-45.09801],[-72.15985,-45.10035],[-72.13655,-45.09454],[-72.09302,-45.11496],[-72.0572,-45.11552],[-72.00154,-45.10335],[-71.99316,-45.08882],[-72.01351,-45.08232],[-72.01958,-45.06418],[-72.0098,-45.05346],[-72.02921,-45.0374],[-72.02304,-45.02847],[-72.03402,-45.01981],[-72.06914,-45.01656],[-72.06349,-44.99144],[-72.0381,-44.97625],[-72.02567,-44.9626],[-71.99582,-44.96802],[-71.96776,-44.93444],[-71.97396,-44.92124]]]},"properties":{"COD_SHAC":"SHAC-11-1155","SHAC":"Río Maniguales Alto","REGION":"Aysén del G. Carlos Ibánez del Campo","NOM_ACUIF":"Río Aysén","COD_BNA_SH":"1155","COD_REG":"11"}},
{"type":"Feature","geometry":{"type":"Polygon","coordinates":[[[-71.88699,-45.89726],[-71.91268,-45.85653],[-71.90187,-45.83549],[-71.90285,-45.82327],[-71.92397,-45.80678],[-71.93107,-45.82648],[-71.92316,-45.83539],[-71.93495,-45.86196],[-71.95325,-45.87453],[-71.95104,-45.88429],[-71.96161,-45.89438],[-71.98152,-45.89229],[-71.99185,-45.90679],[-72.00431,-45.90539],[-72.01916,-45.88936],[-72.01887,-45.89717],[-72.04263,-45.90404],[-72.04515,-45.92225],[-72.05429,-45.93036],[-72.04862,-45.94545],[-72.05954,-45.95227],[-72.08413,-45.94665],[-72.09163,-45.9618],[-72.08423,-45.9853],[-72.09069,-45.99909],[-72.08321,-46.01955],[-72.11282,-46.02961],[-72.12259,-46.04015],[-72.12425,-46.0521],[-72.11167,-46.05599],[-72.07137,-46.04854],[-72.04803,-46.06594],[-72.03277,-46.08227],[-72.01937,-46.08201],[-72.00673,-46.09323],[-71.9837,-46.09478],[-71.98454,-46.11366],[-71.97069,-46.12825],[-71.9559,-46.12387],[-71.93577,-46.13089],[-71.91557,-46.12969],[-71.91499,-46.14015],[-71.89004,-46.12845],[-71.85886,-46.11948],[-71.85541,-46.1065],[-71.86378,-46.08163],[-71.88432,-46.07496],[-71.89433,-46.06477],[-71.87675,-46.02717],[-71.86836,-46.02263],[-71.85682,-45.99167],[-71.8762,-45.9903],[-71.89515,-45.98013],[-71.8929,-45.9615],[-71.91783,-45.94568],[-71.92112,-45.93767],[-71.90915,-45.92607],[-71.88989,-45.92965],[-71.87379,-45.90541],[-71.88699,-45.89726]]]},"properties":{"COD_SHAC":"SHAC-11-1143","SHAC":"Río Blanco XI","REGION":"Aysén del G. Carlos Ibánez del Campo","NOM_ACUIF":"Río Aysén","COD_BNA_SH":"1143","COD_REG":"11"}},
{"type":"Feature","geometry":{"type":"Polygon","coordinates":[[[-72.06494,-45.57807],[-72.08033,-45.57516],[-72.11571,-45.60044],[-72.14127,-45.60086],[-72.16922,-45.60981],[-72.20867,-45.60766],[-72.22792,-45.63737],[-72.24018,-45.64003],[-72.25669,-45.64864],[-72.26208,-45.6716],[-72.24262,-45.68716],[-72.24038,-45.69831],[-72.25451,-45.70383],[-72.23759,-45.71741],[-72.23904,-45.72842],[-72.22497,-45.73828],[-72.2214,-45.74985],[-72.20632,-45.7626],[-72.15472,-45.74087],[-72.11983,-45.74357],[-72.10715,-45.75513],[-72.11933,-45.76887],[-72.11627,-45.77995],[-72.10053,-45.78338],[-72.08982,-45.77431],[-72.07039,-45.76812],[-72.05944,-45.78085],[-72.05621,-45.79599],[-72.03299,-45.80483],[-72.03266,-45.84017],[-72.02296,-45.84878],[-71.99439,-45.8536],[-71.98771,-45.8677],[-72.01544,-45.88117],[-72.01916,-45.88936],[-72.00431,-45.90539],[-71.99185,-45.90679],[-71.98152,-45.89229],[-71.96161,-45.89438],[-71.95104,-45.88429],[-71.95325,-45.87453],[-71.93495,-45.86196],[-71.92316,-45.83539],[-71.93107,-45.82648],[-71.92397,-45.80678],[-71.89619,-45.81034],[-71.89,-45.80613],[-71.89753,-45.78119],[-71.89343,-45.75364],[-71.8799,-45.75049],[-71.87146,-45.73472],[-71.8956,-45.73816],[-71.91143,-45.72972],[-71.924,-45.71239],[-71.96951,-45.70669],[-71.97744,-45.71322],[-71.99189,-45.72539],[-72.00778,-45.72194],[-72.05245,-45.72314],[-72.08473,-45.70686],[-72.13202,-45.70381],[-72.1497,-45.69348],[-72.17189,-45.66379],[-72.1358,-45.64933],[-72.12294,-45.63797],[-72.11761,-45.62344],[-72.07975,-45.61053],[-72.06504,-45.61517],[-72.03663,-45.61518],[-72.06494,-45.57807]]]},"properties":{"COD_SHAC":"SHAC-11-1169","SHAC":"Río Simpson Medio","REGION":"Aysén del G. Carlos Ibánez del Campo","NOM_ACUIF":"Río Aysén","COD_BNA_SH":"1169","COD_REG":"11"}},
{"type":"Feature","geometry":{"type":"Polygon","coordinates":[[[-72.19001,-45.45061],[-72.17986,-45.43776],[-72.17534,-45.41984],[-72.15437,-45.39469],[-72.15413,-45.35925],[-72.19013,-45.34554],[-72.20699,-45.36438],[-72.23555,-45.37269],[-72.24962,-45.35788],[-72.26455,-45.35221],[-72.28622,-45.3561],[-72.29117,-45.36414],[-72.28772,-45.38843],[-72.3305,-45.38397],[-72.35244,-45.40677],[-72.3451,-45.42608],[-72.32671,-45.41813],[-72.29439,-45.42939],[-72.28064,-45.44059],[-72.28308,-45.44841],[-72.27006,-45.48465],[-72.20764,-45.46964],[-72.19001,-45.45061]]]},"properties":{"COD_SHAC":"SHAC-11-1151","SHAC":"Rio Correntoso","REGION":"Aysén del G. Carlos Ibánez del Campo","NOM_ACUIF":"Río Aysén","COD_BNA_SH":"1151","COD_REG":"11"}},
{"type":"Feature","geometry":{"type":"Polygon","coordinates":[[[-72.25728,-45.01324],[-72.29408,-45.01399],[-72.29477,-45.02763],[-72.31915,-45.02575],[-72.34492,-45.00598],[-72.34555,-45.03334],[-72.35827,-45.03754],[-72.40234,-45.01001],[-72.41296,-45.00896],[-72.42434,-44.99346],[-72.43837,-44.99935],[-72.44038,-45.01351],[-72.45709,-45.03404],[-72.4629,-45.04985],[-72.48603,-45.06776],[-72.49271,-45.0836],[-72.48513,-45.09324],[-72.46601,-45.09645],[-72.43762,-45.09073],[-72.44448,-45.10591],[-72.40514,-45.11148],[-72.41135,-45.12072],[-72.40531,-45.13218],[-72.38439,-45.14285],[-72.33678,-45.1485],[-72.31752,-45.13924],[-72.27238,-45.15796],[-72.22597,-45.16291],[-72.20442,-45.13703],[-72.16759,-45.12463],[-72.15629,-45.11117],[-72.15985,-45.10035],[-72.17397,-45.09801],[-72.2012,-45.07446],[-72.21179,-45.06067],[-72.22262,-45.05729],[-72.24542,-45.03487],[-72.25728,-45.01324]]]},"properties":{"COD_SHAC":"SHAC-11-1171","SHAC":"Rio Turbio","REGION":"Aysén del G. Carlos Ibánez del Campo","NOM_ACUIF":"Río Aysén","COD_BNA_SH":"1171","COD_REG":"11"}},
{"type":"Feature","geometry":{"type":"Polygon","coordinates":[[[-71.83086,-44.92676],[-71.85413,-44.93243],[-71.87681,-44.95896],[-71.88645,-44.95],[-71.93466,-44.94233],[-71.9352,-44.93291],[-71.94819,-44.92039],[-71.97396,-44.92124],[-71.96776,-44.93444],[-71.99582,-44.96802],[-72.02567,-44.9626],[-72.0381,-44.97625],[-72.06349,-44.99144],[-72.06914,-45.01656],[-72.03402,-45.01981],[-72.02304,-45.02847],[-72.02921,-45.0374],[-72.0098,-45.05346],[-72.01958,-45.06418],[-72.01351,-45.08232],[-71.99316,-45.08882],[-71.96249,-45.08681],[-71.88902,-45.08333],[-71.88549,-45.05124],[-71.88606,-45.01766],[-71.88136,-45.00142],[-71.85287,-44.97556],[-71.83709,-44.97138],[-71.8194,-44.95834],[-71.8245,-44.93283],[-71.83086,-44.92676]]]},"properties":{"COD_SHAC":"SHAC-11-1170","SHAC":"Río Toqui","REGION":"Aysén del G. Carlos Ibánez del Campo","NOM_ACUIF":"Río Aysén","COD_BNA_SH":"1170","COD_REG":"11"}},
{"type":"Feature","geometry":{"type":"Polygon","coordinates":[[[-72.49271,-45.0836],[-72.50718,-45.09347],[-72.5139,-45.11793],[-72.51107,-45.14123],[-72.53255,-45.14746],[-72.54675,-45.17085],[-72.5337,-45.18604],[-72.51497,-45.18662],[-72.49633,-45.19305],[-72.50239,-45.20942],[-72.48391,-45.21429],[-72.47905,-45.2392],[-72.45793,-45.24656],[-72.42802,-45.23177],[-72.39042,-45.22914],[-72.3772,-45.22519],[-72.35885,-45.24219],[-72.35732,-45.24984],[-72.31567,-45.24647],[-72.28945,-45.24819],[-72.25543,-45.23884],[-72.26104,-45.22872],[-72.25102,-45.21376],[-72.25966,-45.2072],[-72.27675,-45.18031],[-72.27238,-45.15796],[-72.31752,-45.13924],[-72.33678,-45.1485],[-72.38439,-45.14285],[-72.40531,-45.13218],[-72.41135,-45.12072],[-72.40514,-45.11148],[-72.44448,-45.10591],[-72.43762,-45.09073],[-72.46601,-45.09645],[-72.48513,-45.09324],[-72.49271,-45.0836]]]},"properties":{"COD_SHAC":"SHAC-11-1146","SHAC":"Río Canon","REGION":"Aysén del G. Carlos Ibánez del Campo","NOM_ACUIF":"Río Aysén","COD_BNA_SH":"1146","COD_REG":"11"}},
{"type":"Feature","geometry":{"type":"Polygon","coordinates":[[[-72.5139,-45.11793],[-72.52232,-45.10598],[-72.54996,-45.09012],[-72.57127,-45.08596],[-72.59954,-45.06129],[-72.61389,-45.05286],[-72.62413,-45.06371],[-72.6443,-45.06418],[-72.65936,-45.05261],[-72.66855,-45.05525],[-72.68048,-45.07429],[-72.7064,-45.07173],[-72.72289,-45.05297],[-72.73573,-45.05731],[-72.74426,-45.08869],[-72.75877,-45.08938],[-72.76552,-45.10005],[-72.75203,-45.10656],[-72.74481,-45.11825],[-72.75496,-45.12768],[-72.74861,-45.14795],[-72.7617,-45.16022],[-72.75477,-45.17502],[-72.76637,-45.18673],[-72.74665,-45.1925],[-72.75139,-45.20856],[-72.72994,-45.24804],[-72.73333,-45.2581],[-72.72003,-45.26899],[-72.69727,-45.27688],[-72.66944,-45.29784],[-72.65649,-45.31437],[-72.65164,-45.33348],[-72.66908,-45.35226],[-72.7048,-45.36833],[-72.66851,-45.36794],[-72.64127,-45.37497],[-72.62794,-45.38263],[-72.59018,-45.36967],[-72.57512,-45.36914],[-72.5499,-45.37949],[-72.52948,-45.37697],[-72.51227,-45.36932],[-72.51031,-45.35211],[-72.53694,-45.35107],[-72.54306,-45.34165],[-72.56929,-45.32995],[-72.57783,-45.31693],[-72.5907,-45.31581],[-72.5967,-45.3017],[-72.59011,-45.25069],[-72.60102,-45.23971],[-72.59586,-45.22502],[-72.57574,-45.20035],[-72.56805,-45.19855],[-72.56113,-45.17082],[-72.54675,-45.17085],[-72.53255,-45.14746],[-72.51107,-45.14123],[-72.5139,-45.11793]]]},"properties":{"COD_SHAC":"SHAC-11-1163","SHAC":"Río Pangal XI","REGION":"Aysén del G. Carlos Ibánez del Campo","NOM_ACUIF":"Río Aysén","COD_BNA_SH":"1163","COD_REG":"11"}},
{"type":"Feature","geometry":{"type":"Polygon","coordinates":[[[-72.8092,-46.11744],[-72.82784,-46.09069],[-72.85166,-46.09267],[-72.87416,-46.08578],[-72.90061,-46.08529],[-72.90884,-46.07541],[-72.93763,-46.06935],[-72.95715,-46.06885],[-72.98045,-46.0759],[-72.99065,-46.09137],[-73.0058,-46.10353],[-73.03351,-46.10182],[-73.04712,-46.10644],[-73.04905,-46.12327],[-73.06922,-46.12617],[-73.07796,-46.13521],[-73.10743,-46.13435],[-73.10891,-46.14335],[-73.13624,-46.15022],[-73.11047,-46.16665],[-73.08886,-46.17627],[-73.08417,-46.19227],[-73.08832,-46.20566],[-73.10242,-46.21571],[-73.09527,-46.23278],[-73.07032,-46.24743],[-73.07149,-46.27094],[-73.04788,-46.28187],[-73.03069,-46.30804],[-73.01162,-46.32027],[-72.9889,-46.32911],[-72.96262,-46.33105],[-72.94271,-46.34609],[-72.90083,-46.34639],[-72.85957,-46.35405],[-72.83353,-46.37002],[-72.82995,-46.38014],[-72.81162,-46.38858],[-72.78349,-46.38563],[-72.77277,-46.39796],[-72.73658,-46.4179],[-72.73725,-46.44067],[-72.72284,-46.45058],[-72.68825,-46.46662],[-72.68121,-46.46071],[-72.68491,-46.45888],[-72.68248,-46.44547],[-72.67111,-46.43968],[-72.63674,-46.41036],[-72.62313,-46.38778],[-72.62985,-46.3815],[-72.64038,-46.35492],[-72.66022,-46.33399],[-72.65992,-46.31918],[-72.64688,-46.31817],[-72.64146,-46.3048],[-72.64408,-46.28888],[-72.67697,-46.26811],[-72.65836,-46.24395],[-72.6579,-46.22344],[-72.65078,-46.20928],[-72.67028,-46.20022],[-72.68775,-46.20117],[-72.69802,-46.21102],[-72.74042,-46.19626],[-72.75988,-46.16339],[-72.77932,-46.15266],[-72.77992,-46.14212],[-72.76375,-46.13485],[-72.77794,-46.12691],[-72.80874,-46.1225],[-72.8092,-46.11744]]]},"properties":{"COD_SHAC":"SHAC-11-1211","SHAC":"Río Murta","REGION":"Aysén del G. Carlos Ibánez del Campo","NOM_ACUIF":"Rio Baker","COD_BNA_SH":"1211","COD_REG":"11"}},
{"type":"Feature","geometry":{"type":"Polygon","coordinates":[[[-72.78968,-46.66643],[-72.8107,-46.66914],[-72.83552,-46.67836],[-72.84395,-46.66374],[-72.87946,-46.66274],[-72.88701,-46.64018],[-72.92589,-46.62535],[-72.94976,-46.59342],[-72.94909,-46.58299],[-72.96758,-46.57232],[-72.98594,-46.56784],[-73.0204,-46.56883],[-73.02954,-46.56002],[-73.07305,-46.56078],[-73.07875,-46.56894],[-73.1003,-46.57574],[-73.11582,-46.59388],[-73.13162,-46.59562],[-73.13946,-46.61833],[-73.1541,-46.62191],[-73.17009,-46.60619],[-73.21457,-46.62216],[-73.22234,-46.63457],[-73.24176,-46.63666],[-73.24911,-46.62457],[-73.2704,-46.63046],[-73.30424,-46.62484],[-73.31534,-46.61965],[-73.31335,-46.63402],[-73.32052,-46.64642],[-73.31637,-46.66884],[-73.28983,-46.68497],[-73.30075,-46.70151],[-73.30526,-46.71862],[-73.29604,-46.7518],[-73.30369,-46.76605],[-73.30471,-46.81203],[-73.29089,-46.82525],[-73.30772,-46.83407],[-73.28551,-46.84676],[-73.25103,-46.85983],[-73.22418,-46.83771],[-73.22294,-46.82668],[-73.19452,-46.81228],[-73.15889,-46.81615],[-73.13295,-46.80631],[-73.07891,-46.83108],[-73.02798,-46.83647],[-73.00079,-46.8321],[-72.93547,-46.79897],[-72.9296,-46.7821],[-72.91011,-46.77569],[-72.88379,-46.78215],[-72.85201,-46.77309],[-72.84062,-46.7811],[-72.81267,-46.77851],[-72.79063,-46.77025],[-72.78756,-46.7627],[-72.79983,-46.74975],[-72.79465,-46.73092],[-72.777,-46.71746],[-72.76926,-46.70542],[-72.77823,-46.68412],[-72.77868,-46.66805],[-72.78968,-46.66643]]]},"properties":{"COD_SHAC":"SHAC-11-1197","SHAC":"Río Delta o El Leon","REGION":"Aysén del G. Carlos Ibánez del Campo","NOM_ACUIF":"Rio Baker","COD_BNA_SH":"1197","COD_REG":"11"}},
{"type":"Feature","geometry":{"type":"Polygon","coordinates":[[[-72.90853,-45.26153],[-72.94078,-45.25241],[-72.95697,-45.26844],[-72.94318,-45.28291],[-72.90542,-45.3029],[-72.90688,-45.31927],[-72.86792,-45.33947],[-72.84451,-45.3458],[-72.83335,-45.35844],[-72.81743,-45.36225],[-72.7899,-45.37606],[-72.77462,-45.38347],[-72.73667,-45.38835],[-72.70609,-45.36817],[-72.7103,-45.36283],[-72.75323,-45.35298],[-72.7551,-45.34278],[-72.77688,-45.33504],[-72.7951,-45.33366],[-72.81562,-45.31803],[-72.81915,-45.30267],[-72.83118,-45.30249],[-72.85169,-45.2911],[-72.8538,-45.28245],[-72.87571,-45.28269],[-72.90853,-45.26153]]]},"properties":{"COD_SHAC":"SHAC-11-1139","SHAC":"Río Arredondo","REGION":"Aysén del G. Carlos Ibánez del Campo","NOM_ACUIF":"Río Aysén","COD_BNA_SH":"1139","COD_REG":"11"}},
{"type":"Feature","geometry":{"type":"Polygon","coordinates":[[[-72.09335,-46.25347],[-72.10472,-46.23668],[-72.14925,-46.22469],[-72.15106,-46.21216],[-72.16799,-46.21571],[-72.21114,-46.20525],[-72.22693,-46.21067],[-72.24927,-46.20444],[-72.27211,-46.22411],[-72.28684,-46.21297],[-72.29477,-46.19456],[-72.30444,-46.19107],[-72.29907,-46.17641],[-72.23178,-46.15836],[-72.22675,-46.1469],[-72.26466,-46.15268],[-72.30865,-46.1455],[-72.33389,-46.15136],[-72.37056,-46.16561],[-72.38442,-46.15776],[-72.41158,-46.15236],[-72.43272,-46.14843],[-72.45408,-46.1622],[-72.47053,-46.14974],[-72.49085,-46.15337],[-72.50491,-46.16583],[-72.52654,-46.15042],[-72.55949,-46.14829],[-72.56993,-46.1637],[-72.61907,-46.2007],[-72.63665,-46.19949],[-72.65078,-46.20928],[-72.6579,-46.22344],[-72.65836,-46.24395],[-72.67697,-46.26811],[-72.64408,-46.28888],[-72.60553,-46.29199],[-72.57412,-46.29907],[-72.56571,-46.2946],[-72.55109,-46.30964],[-72.54003,-46.30758],[-72.52285,-46.31889],[-72.50218,-46.32215],[-72.47545,-46.31993],[-72.46719,-46.34019],[-72.43918,-46.32273],[-72.41321,-46.3282],[-72.41057,-46.34172],[-72.39729,-46.35056],[-72.38252,-46.34356],[-72.35146,-46.34682],[-72.34584,-46.33648],[-72.32645,-46.35293],[-72.309,-46.34692],[-72.30689,-46.33583],[-72.31565,-46.30366],[-72.2902,-46.28823],[-72.28433,-46.27488],[-72.26731,-46.27866],[-72.23211,-46.26483],[-72.21448,-46.27882],[-72.19405,-46.28058],[-72.17866,-46.2733],[-72.15864,-46.28264],[-72.14566,-46.27206],[-72.13154,-46.27965],[-72.11234,-46.26735],[-72.09525,-46.26594],[-72.09335,-46.25347]]]},"properties":{"COD_SHAC":"SHAC-11-1208","SHAC":"Río Las Horquetas","REGION":"Aysén del G. Carlos Ibánez del Campo","NOM_ACUIF":"Rio Baker","COD_BNA_SH":"1208","COD_REG":"11"}},
{"type":"Feature","geometry":{"type":"Polygon","coordinates":[[[-72.32645,-46.35293],[-72.34584,-46.33648],[-72.35146,-46.34682],[-72.38252,-46.34356],[-72.39729,-46.35056],[-72.41057,-46.34172],[-72.41321,-46.3282],[-72.43918,-46.32273],[-72.46719,-46.34019],[-72.47545,-46.31993],[-72.50218,-46.32215],[-72.52285,-46.31889],[-72.4943,-46.34199],[-72.51363,-46.38976],[-72.52243,-46.39386],[-72.53429,-46.42811],[-72.53215,-46.44078],[-72.52099,-46.44498],[-72.51821,-46.46115],[-72.47793,-46.46125],[-72.48083,-46.48552],[-72.45774,-46.50105],[-72.44621,-46.50028],[-72.41844,-46.47962],[-72.39984,-46.47756],[-72.38146,-46.49987],[-72.37138,-46.5014],[-72.33975,-46.48234],[-72.32557,-46.48906],[-72.30529,-46.47849],[-72.22784,-46.49118],[-72.21827,-46.5001],[-72.20425,-46.49583],[-72.18237,-46.4983],[-72.18402,-46.5249],[-72.1666,-46.52721],[-72.14684,-46.51679],[-72.17735,-46.48936],[-72.17767,-46.4665],[-72.14687,-46.4395],[-72.1555,-46.41801],[-72.17256,-46.41443],[-72.1935,-46.39236],[-72.22593,-46.39585],[-72.24293,-46.3772],[-72.26493,-46.37501],[-72.28424,-46.37895],[-72.3248,-46.3743],[-72.32645,-46.35293]]]},"properties":{"COD_SHAC":"SHAC-11-1185","SHAC":"Río Avellano","REGION":"Aysén del G. Carlos Ibánez del Campo","NOM_ACUIF":"Rio Baker","COD_BNA_SH":"1185","COD_REG":"11"}},
{"type":"Feature","geometry":{"type":"Polygon","coordinates":[[[-71.93592,-46.29641],[-71.92068,-46.29477],[-71.90988,-46.30596],[-71.88813,-46.30644],[-71.88048,-46.31656],[-71.84141,-46.31709],[-71.8291,-46.30755],[-71.80635,-46.30173],[-71.77775,-46.31359],[-71.76225,-46.34095],[-71.74451,-46.33407],[-71.72887,-46.30468],[-71.72862,-46.29067],[-71.74812,-46.29108],[-71.75666,-46.26823],[-71.73676,-46.26581],[-71.7487,-46.24691],[-71.75193,-46.22883],[-71.77234,-46.21595],[-71.77922,-46.1978],[-71.79977,-46.19086],[-71.81862,-46.20123],[-71.84443,-46.19058],[-71.86204,-46.19218],[-71.88156,-46.16263],[-71.9007,-46.164],[-71.91307,-46.17579],[-71.92953,-46.18083],[-71.9372,-46.20821],[-71.93391,-46.22674],[-71.95082,-46.23275],[-71.94233,-46.25988],[-71.93285,-46.26306],[-71.93592,-46.29641]]]},"properties":{"COD_SHAC":"SHAC-11-1180","SHAC":"Estero Lechoso","REGION":"Aysén del G. Carlos Ibánez del Campo","NOM_ACUIF":"Rio Baker","COD_BNA_SH":"1180","COD_REG":"11"}},
{"type":"Feature","geometry":{"type":"Polygon","coordinates":[[[-72.4469,-44.32692],[-72.44363,-44.31236],[-72.41963,-44.30609],[-72.42604,-44.28414],[-72.43472,-44.27458],[-72.429,-44.26494],[-72.4366,-44.24676],[-72.42336,-44.21202],[-72.43223,-44.19224],[-72.42382,-44.16785],[-72.42552,-44.1399],[-72.41479,-44.13057],[-72.42949,-44.12119],[-72.4138,-44.06676],[-72.39389,-44.05294],[-72.39609,-44.03515],[-72.3833,-44.01584],[-72.36826,-44.01364],[-72.36717,-43.99997],[-72.38504,-43.98482],[-72.40285,-43.97541],[-72.4256,-43.97352],[-72.45363,-43.98744],[-72.46877,-44.00091],[-72.49533,-44.00142],[-72.50981,-44.01883],[-72.53613,-44.02407],[-72.55936,-44.02213],[-72.58073,-44.01185],[-72.57847,-44.05023],[-72.55584,-44.05617],[-72.52092,-44.06999],[-72.51725,-44.07693],[-72.52627,-44.09746],[-72.54564,-44.1066],[-72.54131,-44.11296],[-72.5501,-44.12797],[-72.5533,-44.14783],[-72.56732,-44.1504],[-72.54273,-44.18639],[-72.53897,-44.20531],[-72.55732,-44.21001],[-72.56009,-44.22236],[-72.58714,-44.23237],[-72.58102,-44.25873],[-72.56919,-44.27165],[-72.52256,-44.30239],[-72.49507,-44.29877],[-72.48323,-44.30383],[-72.45792,-44.32537],[-72.4469,-44.32692]]]},"properties":{"COD_SHAC":"SHAC-11-1231","SHAC":"Río Risopatron","REGION":"Aysén del G. Carlos Ibánez del Campo","NOM_ACUIF":"Río Palena","COD_BNA_SH":"1231","COD_REG":"11"}},
{"type":"Feature","geometry":{"type":"Polygon","coordinates":[[[-72.41051,-43.96236],[-72.41638,-43.94909],[-72.40802,-43.92696],[-72.41502,-43.90938],[-72.40624,-43.88685],[-72.41476,-43.86828],[-72.42938,-43.8755],[-72.46313,-43.87987],[-72.50224,-43.88105],[-72.52599,-43.8904],[-72.55933,-43.88891],[-72.5524,-43.90815],[-72.56295,-43.91383],[-72.56729,-43.92771],[-72.57216,-43.96703],[-72.55924,-43.98596],[-72.58073,-44.01185],[-72.55936,-44.02213],[-72.53613,-44.02407],[-72.50981,-44.01883],[-72.49533,-44.00142],[-72.46877,-44.00091],[-72.45363,-43.98744],[-72.4256,-43.97352],[-72.40285,-43.97541],[-72.38504,-43.98482],[-72.39579,-43.9684],[-72.41051,-43.96236]]]},"properties":{"COD_SHAC":"SHAC-11-1230","SHAC":"Río Palena Medio","REGION":"Aysén del G. Carlos Ibánez del Campo","NOM_ACUIF":"Río Palena","COD_BNA_SH":"1230","COD_REG":"11"}},
{"type":"Feature","geometry":{"type":"Polygon","coordinates":[[[-72.38122,-44.41166],[-72.38741,-44.40105],[-72.38155,-44.39195],[-72.35845,-44.39495],[-72.33135,-44.38155],[-72.3091,-44.38296],[-72.30492,-44.37659],[-72.2681,-44.37139],[-72.25747,-44.36241],[-72.2523,-44.34249],[-72.27325,-44.33272],[-72.29171,-44.30986],[-72.27741,-44.30163],[-72.25871,-44.30544],[-72.24468,-44.27809],[-72.26618,-44.27111],[-72.28526,-44.24626],[-72.26167,-44.22259],[-72.28674,-44.19983],[-72.28131,-44.17962],[-72.29229,-44.17776],[-72.29991,-44.1586],[-72.29038,-44.14191],[-72.31065,-44.13614],[-72.27761,-44.10386],[-72.27483,-44.08197],[-72.29574,-44.06142],[-72.29677,-44.04269],[-72.28648,-44.03888],[-72.25413,-44.04046],[-72.25135,-44.02589],[-72.25989,-44.00701],[-72.23649,-43.98957],[-72.23999,-43.98113],[-72.27454,-43.96293],[-72.33939,-43.95504],[-72.37022,-43.95466],[-72.41051,-43.96236],[-72.39579,-43.9684],[-72.38504,-43.98482],[-72.36717,-43.99997],[-72.36826,-44.01364],[-72.3833,-44.01584],[-72.39609,-44.03515],[-72.39389,-44.05294],[-72.4138,-44.06676],[-72.42949,-44.12119],[-72.41479,-44.13057],[-72.42552,-44.1399],[-72.42382,-44.16785],[-72.43223,-44.19224],[-72.42336,-44.21202],[-72.4366,-44.24676],[-72.429,-44.26494],[-72.43472,-44.27458],[-72.42604,-44.28414],[-72.41963,-44.30609],[-72.44363,-44.31236],[-72.4469,-44.32692],[-72.4401,-44.33203],[-72.43751,-44.35199],[-72.4436,-44.37615],[-72.45237,-44.37848],[-72.44597,-44.40161],[-72.43845,-44.40996],[-72.42289,-44.40907],[-72.40177,-44.4191],[-72.38122,-44.41166]]]},"properties":{"COD_SHAC":"SHAC-11-1226","SHAC":"Lago Rosselot","REGION":"Aysén del G. Carlos Ibánez del Campo","NOM_ACUIF":"Río Palena","COD_BNA_SH":"1226","COD_REG":"11"}},
{"type":"Feature","geometry":{"type":"Polygon","coordinates":[[[-71.69714,-46.70952],[-71.67932,-46.69678],[-71.64779,-46.6883],[-71.64479,-46.67884],[-71.65048,-46.65118],[-71.64594,-46.63798],[-71.66869,-46.61204],[-71.66063,-46.56864],[-71.67217,-46.52563],[-71.71809,-46.53907],[-71.73513,-46.53368],[-71.76378,-46.52581],[-71.79556,-46.53406],[-71.8163,-46.54504],[-71.82916,-46.5693],[-71.81954,-46.59421],[-71.83613,-46.61301],[-71.84652,-46.6322],[-71.81824,-46.63928],[-71.7918,-46.63418],[-71.78616,-46.64137],[-71.75717,-46.65627],[-71.71915,-46.68182],[-71.7176,-46.69603],[-71.69714,-46.70952]]]},"properties":{"COD_SHAC":"SHAC-11-1206","SHAC":"Río Jeinimeni Bajo-Chile Chico","REGION":"Aysén del G. Carlos Ibánez del Campo","NOM_ACUIF":"Rio Baker","COD_BNA_SH":"1206","COD_REG":"11"}},
{"type":"Feature","geometry":{"type":"Polygon","coordinates":[[[-72.51162,-46.89974],[-72.51199,-46.87779],[-72.52446,-46.85345],[-72.52751,-46.81238],[-72.5391,-46.78737],[-72.52974,-46.77819],[-72.54701,-46.75355],[-72.55745,-46.7452],[-72.58069,-46.75837],[-72.59762,-46.75569],[-72.61054,-46.77073],[-72.63312,-46.80954],[-72.68079,-46.82399],[-72.69374,-46.84468],[-72.71321,-46.83747],[-72.72639,-46.82141],[-72.75328,-46.82563],[-72.76505,-46.83674],[-72.77321,-46.89726],[-72.78862,-46.88828],[-72.79207,-46.86051],[-72.80234,-46.84556],[-72.81411,-46.86692],[-72.81197,-46.88715],[-72.78322,-46.89334],[-72.78039,-46.90299],[-72.76484,-46.90737],[-72.71733,-46.8887],[-72.69373,-46.8925],[-72.68077,-46.90577],[-72.67949,-46.91709],[-72.69317,-46.9263],[-72.70415,-46.95068],[-72.71944,-46.9611],[-72.75286,-46.96531],[-72.74573,-46.97688],[-72.72974,-46.97087],[-72.71038,-46.99534],[-72.67932,-47.00887],[-72.67164,-47.0182],[-72.65518,-47.0178],[-72.65966,-47.03489],[-72.62373,-47.03752],[-72.59269,-47.02227],[-72.58401,-47.00871],[-72.54976,-46.99728],[-72.54879,-46.95746],[-72.5517,-46.93646],[-72.52948,-46.91982],[-72.52468,-46.90387],[-72.51162,-46.89974]]]},"properties":{"COD_SHAC":"SHAC-11-1207","SHAC":"Río Las Dunas","REGION":"Aysén del G. Carlos Ibánez del Campo","NOM_ACUIF":"Rio Baker","COD_BNA_SH":"1207","COD_REG":"11"}},
{"type":"Feature","geometry":{"type":"Polygon","coordinates":[[[-72.3272,-46.72863],[-72.33489,-46.73275],[-72.36464,-46.71995],[-72.37434,-46.73152],[-72.38832,-46.73278],[-72.39525,-46.73405],[-72.39907,-46.7593],[-72.41613,-46.76785],[-72.45705,-46.77174],[-72.48882,-46.76552],[-72.51116,-46.75168],[-72.50994,-46.73373],[-72.53097,-46.72933],[-72.5496,-46.71663],[-72.55745,-46.7452],[-72.54701,-46.75355],[-72.52974,-46.77819],[-72.5391,-46.78737],[-72.52751,-46.81238],[-72.52446,-46.85345],[-72.51199,-46.87779],[-72.51162,-46.89974],[-72.48572,-46.91706],[-72.47847,-46.92971],[-72.45713,-46.92107],[-72.437,-46.94754],[-72.41872,-46.94357],[-72.40334,-46.95131],[-72.34463,-46.94284],[-72.31632,-46.91395],[-72.30927,-46.89762],[-72.28449,-46.88608],[-72.2419,-46.87209],[-72.26026,-46.8553],[-72.26847,-46.82233],[-72.25382,-46.82081],[-72.24409,-46.80923],[-72.25469,-46.79483],[-72.29019,-46.79416],[-72.30445,-46.78973],[-72.31925,-46.77213],[-72.31007,-46.76392],[-72.30414,-46.74653],[-72.3272,-46.72863]]]},"properties":{"COD_SHAC":"SHAC-11-1209","SHAC":"Río Los Maitenes","REGION":"Aysén del G. Carlos Ibánez del Campo","NOM_ACUIF":"Rio Baker","COD_BNA_SH":"1209","COD_REG":"11"}},
{"type":"Feature","geometry":{"type":"Polygon","coordinates":[[[-73.01333,-46.90394],[-73.04562,-46.88304],[-73.06235,-46.88254],[-73.07795,-46.87389],[-73.11027,-46.88005],[-73.10751,-46.85669],[-73.07891,-46.83108],[-73.13295,-46.80631],[-73.15889,-46.81615],[-73.19452,-46.81228],[-73.22294,-46.82668],[-73.22418,-46.83771],[-73.25103,-46.85983],[-73.28551,-46.84676],[-73.30772,-46.83407],[-73.32893,-46.85439],[-73.32676,-46.86281],[-73.34021,-46.8801],[-73.35611,-46.89051],[-73.38159,-46.89075],[-73.40057,-46.90698],[-73.36893,-46.92861],[-73.37888,-46.93964],[-73.37696,-46.95887],[-73.35553,-46.95221],[-73.33984,-46.95755],[-73.3282,-46.99458],[-73.32417,-47.02198],[-73.31778,-47.02983],[-73.28669,-47.03434],[-73.22386,-47.0496],[-73.20893,-47.06708],[-73.18244,-47.07095],[-73.14814,-47.05958],[-73.13551,-47.06661],[-73.13602,-47.07796],[-73.10171,-47.0945],[-73.08958,-47.09026],[-73.07673,-47.06317],[-73.05181,-47.04584],[-73.05386,-47.03866],[-73.0219,-47.03541],[-72.99034,-47.03134],[-72.98892,-47.01397],[-72.97095,-46.99038],[-72.97933,-46.9686],[-72.97679,-46.94317],[-72.98466,-46.91478],[-72.9991,-46.91391],[-73.01333,-46.90394]]]},"properties":{"COD_SHAC":"SHAC-11-1214","SHAC":"Río Soler","REGION":"Aysén del G. Carlos Ibánez del Campo","NOM_ACUIF":"Rio Baker","COD_BNA_SH":"1214","COD_REG":"11"}},
{"type":"Feature","geometry":{"type":"Polygon","coordinates":[[[-72.01435,-47.20346],[-71.9677,-47.21485],[-71.95169,-47.21557],[-71.86842,-47.23371],[-71.86447,-47.22443],[-71.88383,-47.20854],[-71.89026,-47.18735],[-71.87457,-47.17148],[-71.85111,-47.16495],[-71.86659,-47.15055],[-71.85926,-47.1347],[-71.87639,-47.11971],[-71.87998,-47.10746],[-71.95046,-47.08716],[-71.95203,-47.07039],[-71.92981,-47.05842],[-71.91556,-47.05932],[-71.90316,-47.05083],[-71.88616,-47.02726],[-71.88025,-47.01137],[-71.89618,-46.99604],[-71.9158,-46.998],[-71.91901,-46.98476],[-71.93165,-46.97561],[-71.95767,-46.97465],[-71.99927,-46.97038],[-72.00133,-46.95966],[-72.02531,-46.96006],[-72.0345,-46.9472],[-72.05524,-46.94817],[-72.09311,-46.93625],[-72.09638,-46.92866],[-72.11848,-46.92156],[-72.12671,-46.9038],[-72.12639,-46.88303],[-72.1421,-46.87976],[-72.15046,-46.86539],[-72.17727,-46.85503],[-72.19571,-46.86744],[-72.2419,-46.87209],[-72.28449,-46.88608],[-72.30927,-46.89762],[-72.31632,-46.91395],[-72.34463,-46.94284],[-72.40334,-46.95131],[-72.41872,-46.94357],[-72.437,-46.94754],[-72.45713,-46.92107],[-72.47847,-46.92971],[-72.48572,-46.91706],[-72.51162,-46.89974],[-72.52468,-46.90387],[-72.52948,-46.91982],[-72.5517,-46.93646],[-72.54879,-46.95746],[-72.54976,-46.99728],[-72.58401,-47.00871],[-72.59269,-47.02227],[-72.62373,-47.03752],[-72.65966,-47.03489],[-72.68337,-47.0488],[-72.6944,-47.07978],[-72.68488,-47.10634],[-72.66694,-47.11858],[-72.64549,-47.11586],[-72.61903,-47.1266],[-72.6021,-47.13847],[-72.59166,-47.15494],[-72.57778,-47.16559],[-72.5419,-47.16584],[-72.51553,-47.16046],[-72.47797,-47.1653],[-72.46579,-47.15513],[-72.44421,-47.15352],[-72.43761,-47.13092],[-72.40162,-47.10699],[-72.38009,-47.09789],[-72.36971,-47.10299],[-72.35241,-47.08762],[-72.29521,-47.09722],[-72.27475,-47.09385],[-72.26403,-47.10244],[-72.21575,-47.10656],[-72.16505,-47.11671],[-72.13733,-47.11443],[-72.12432,-47.12678],[-72.09884,-47.12904],[-72.09319,-47.13774],[-72.06045,-47.14714],[-72.05566,-47.16454],[-72.04377,-47.16803],[-72.01435,-47.20346]]]},"properties":{"COD_SHAC":"SHAC-11-1191","SHAC":"Río Chacabuco","REGION":"Aysén del G. Carlos Ibánez del Campo","NOM_ACUIF":"Rio Baker","COD_BNA_SH":"1191","COD_REG":"11"}},
{"type":"Feature","geometry":{"type":"Polygon","coordinates":[[[-72.38832,-46.73278],[-72.39,-46.71998],[-72.41175,-46.7095],[-72.4113,-46.69685],[-72.42723,-46.67988],[-72.41936,-46.66321],[-72.44473,-46.67609],[-72.44971,-46.69248],[-72.48384,-46.67525],[-72.49865,-46.67186],[-72.50052,-46.69174],[-72.50999,-46.70909],[-72.5496,-46.71663],[-72.53097,-46.72933],[-72.50994,-46.73373],[-72.51116,-46.75168],[-72.48882,-46.76552],[-72.45705,-46.77174],[-72.41613,-46.76785],[-72.39907,-46.7593],[-72.39525,-46.73405],[-72.38832,-46.73278]]]},"properties":{"COD_SHAC":"SHAC-11-1184","SHAC":"Las tres hermanas","REGION":"Aysén del G. Carlos Ibánez del Campo","NOM_ACUIF":"Rio Baker","COD_BNA_SH":"1184","COD_REG":"11"}},
{"type":"Feature","geometry":{"type":"Polygon","coordinates":[[[-72.34181,-46.67741],[-72.31598,-46.6051],[-72.2789,-46.60241],[-72.28604,-46.58801],[-72.26766,-46.56387],[-72.32281,-46.57563],[-72.33289,-46.58408],[-72.33219,-46.59835],[-72.3657,-46.62961],[-72.37736,-46.65351],[-72.37646,-46.66396],[-72.34181,-46.67741]]]},"properties":{"COD_SHAC":"SHAC-11-1174","SHAC":"Costeros Sur Lago General Carrera","REGION":"Aysén del G. Carlos Ibánez del Campo","NOM_ACUIF":"Rio Baker","COD_BNA_SH":"1174","COD_REG":"11"}},
{"type":"Feature","geometry":{"type":"Polygon","coordinates":[[[-72.34181,-46.67741],[-72.37646,-46.66396],[-72.37736,-46.65351],[-72.39528,-46.6565],[-72.40578,-46.66798],[-72.41936,-46.66321],[-72.42723,-46.67988],[-72.4113,-46.69685],[-72.41175,-46.7095],[-72.39,-46.71998],[-72.38832,-46.73278],[-72.37434,-46.73152],[-72.36464,-46.71995],[-72.33489,-46.73275],[-72.3272,-46.72863],[-72.30447,-46.71979],[-72.30031,-46.70927],[-72.31057,-46.69971],[-72.33151,-46.7029],[-72.34591,-46.68856],[-72.34181,-46.67741]]]},"properties":{"COD_SHAC":"SHAC-11-1181","SHAC":"Estero Santa Teresa","REGION":"Aysén del G. Carlos Ibánez del Campo","NOM_ACUIF":"Rio Baker","COD_BNA_SH":"1181","COD_REG":"11"}},
{"type":"Feature","geometry":{"type":"Polygon","coordinates":[[[-72.19272,-46.55263],[-72.22835,-46.54144],[-72.26178,-46.56418],[-72.26766,-46.56387],[-72.28604,-46.58801],[-72.2789,-46.60241],[-72.31598,-46.6051],[-72.34181,-46.67741],[-72.34591,-46.68856],[-72.33151,-46.7029],[-72.31057,-46.69971],[-72.30031,-46.70927],[-72.30447,-46.71979],[-72.3272,-46.72863],[-72.30414,-46.74653],[-72.31007,-46.76392],[-72.31925,-46.77213],[-72.30445,-46.78973],[-72.29019,-46.79416],[-72.25469,-46.79483],[-72.25264,-46.7853],[-72.21985,-46.78387],[-72.19995,-46.78768],[-72.18017,-46.77923],[-72.16686,-46.7941],[-72.14131,-46.78431],[-72.15293,-46.76659],[-72.13908,-46.75912],[-72.13488,-46.73953],[-72.12433,-46.72784],[-72.13045,-46.71541],[-72.11916,-46.70497],[-72.14143,-46.69236],[-72.1412,-46.68103],[-72.18109,-46.67756],[-72.1959,-46.68263],[-72.2044,-46.65915],[-72.22545,-46.63384],[-72.20531,-46.62254],[-72.19916,-46.61104],[-72.19988,-46.59341],[-72.20861,-46.58709],[-72.21041,-46.569],[-72.19272,-46.55263]]]},"properties":{"COD_SHAC":"SHAC-11-1177","SHAC":"Estero Laguna Bonita","REGION":"Aysén del G. Carlos Ibánez del Campo","NOM_ACUIF":"Rio Baker","COD_BNA_SH":"1177","COD_REG":"11"}},
{"type":"Feature","geometry":{"type":"Polygon","coordinates":[[[-71.84621,-46.48429],[-71.86659,-46.47482],[-71.88658,-46.48685],[-71.89981,-46.48463],[-71.90625,-46.49636],[-71.92582,-46.50758],[-71.94035,-46.50054],[-71.95671,-46.51895],[-71.97711,-46.51299],[-71.98751,-46.5246],[-72.02633,-46.54279],[-72.03525,-46.55255],[-72.0755,-46.5538],[-72.09117,-46.56282],[-72.11745,-46.55958],[-72.13857,-46.56225],[-72.16144,-46.57382],[-72.18921,-46.57911],[-72.1991,-46.5628],[-72.19272,-46.55263],[-72.21041,-46.569],[-72.20861,-46.58709],[-72.19988,-46.59341],[-72.19916,-46.61104],[-72.20531,-46.62254],[-72.22545,-46.63384],[-72.2044,-46.65915],[-72.1959,-46.68263],[-72.18109,-46.67756],[-72.1412,-46.68103],[-72.12725,-46.66754],[-72.04624,-46.64915],[-72.031,-46.65362],[-72.01664,-46.64911],[-72.01632,-46.63336],[-71.97731,-46.60329],[-71.95584,-46.60606],[-71.9318,-46.58983],[-71.93301,-46.56935],[-71.91868,-46.56087],[-71.92762,-46.55196],[-71.88531,-46.53054],[-71.87916,-46.5194],[-71.88908,-46.50843],[-71.87202,-46.50252],[-71.86129,-46.48648],[-71.84621,-46.48429]]]},"properties":{"COD_SHAC":"SHAC-11-1182","SHAC":"Esteros Santa Clara-Las Horquetas-La Tina","REGION":"Aysén del G. Carlos Ibánez del Campo","NOM_ACUIF":"Rio Baker","COD_BNA_SH":"1182","COD_REG":"11"}},
{"type":"Feature","geometry":{"type":"Polygon","coordinates":[[[-71.84621,-46.48429],[-71.86129,-46.48648],[-71.87202,-46.50252],[-71.88908,-46.50843],[-71.87916,-46.5194],[-71.88531,-46.53054],[-71.92762,-46.55196],[-71.91868,-46.56087],[-71.93301,-46.56935],[-71.9318,-46.58983],[-71.95584,-46.60606],[-71.97731,-46.60329],[-72.01632,-46.63336],[-72.01664,-46.64911],[-71.99285,-46.66713],[-71.96795,-46.66624],[-71.93082,-46.65761],[-71.90757,-46.66051],[-71.88873,-46.64142],[-71.87362,-46.63568],[-71.86401,-46.60872],[-71.87624,-46.58921],[-71.8644,-46.57528],[-71.87413,-46.55875],[-71.866,-46.55221],[-71.87038,-46.5254],[-71.85318,-46.52091],[-71.85178,-46.50531],[-71.83863,-46.49404],[-71.84621,-46.48429]]]},"properties":{"COD_SHAC":"SHAC-11-1176","SHAC":"Estero del Baño","REGION":"Aysén del G. Carlos Ibánez del Campo","NOM_ACUIF":"Rio Baker","COD_BNA_SH":"1176","COD_REG":"11"}},
{"type":"Feature","geometry":{"type":"Polygon","coordinates":[[[-71.73513,-46.53368],[-71.73897,-46.51311],[-71.75105,-46.50136],[-71.77364,-46.49269],[-71.79455,-46.49247],[-71.80873,-46.50101],[-71.82837,-46.50251],[-71.83863,-46.49404],[-71.85178,-46.50531],[-71.85318,-46.52091],[-71.87038,-46.5254],[-71.866,-46.55221],[-71.87413,-46.55875],[-71.8644,-46.57528],[-71.87624,-46.58921],[-71.86401,-46.60872],[-71.87362,-46.63568],[-71.84652,-46.6322],[-71.83613,-46.61301],[-71.81954,-46.59421],[-71.82916,-46.5693],[-71.8163,-46.54504],[-71.79556,-46.53406],[-71.76378,-46.52581],[-71.73513,-46.53368]]]},"properties":{"COD_SHAC":"SHAC-11-1179","SHAC":"Estero Las Chacras","REGION":"Aysén del G. Carlos Ibánez del Campo","NOM_ACUIF":"Rio Baker","COD_BNA_SH":"1179","COD_REG":"11"}},
{"type":"Feature","geometry":{"type":"Polygon","coordinates":[[[-71.95575,-46.81856],[-71.98472,-46.80561],[-71.99124,-46.78863],[-71.98486,-46.78231],[-71.99835,-46.76767],[-72.01382,-46.76393],[-72.03865,-46.74163],[-72.07125,-46.74984],[-72.09757,-46.74057],[-72.10278,-46.7254],[-72.12433,-46.72784],[-72.13488,-46.73953],[-72.13908,-46.75912],[-72.15293,-46.76659],[-72.14131,-46.78431],[-72.16686,-46.7941],[-72.18017,-46.77923],[-72.19995,-46.78768],[-72.21985,-46.78387],[-72.25264,-46.7853],[-72.25469,-46.79483],[-72.24409,-46.80923],[-72.25382,-46.82081],[-72.26847,-46.82233],[-72.26026,-46.8553],[-72.2419,-46.87209],[-72.19571,-46.86744],[-72.17727,-46.85503],[-72.15046,-46.86539],[-72.1421,-46.87976],[-72.12639,-46.88303],[-72.12671,-46.9038],[-72.11848,-46.92156],[-72.09638,-46.92866],[-72.09311,-46.93625],[-72.05524,-46.94817],[-72.0345,-46.9472],[-72.02531,-46.96006],[-72.00133,-46.95966],[-71.99927,-46.97038],[-71.95767,-46.97465],[-71.95811,-46.93723],[-71.96497,-46.93299],[-71.96984,-46.90352],[-71.95837,-46.89822],[-71.94436,-46.87844],[-71.93127,-46.86835],[-71.93186,-46.84657],[-71.93884,-46.83146],[-71.95575,-46.81856]]]},"properties":{"COD_SHAC":"SHAC-11-1204","SHAC":"Rio Jeinemeni Alto","REGION":"Aysén del G. Carlos Ibánez del Campo","NOM_ACUIF":"Rio Baker","COD_BNA_SH":"1204","COD_REG":"11"}},
{"type":"Feature","geometry":{"type":"Polygon","coordinates":[[[-72.67455,-45.44467],[-72.69668,-45.45725],[-72.71806,-45.45738],[-72.73089,-45.46273],[-72.72909,-45.4811],[-72.7363,-45.49952],[-72.75085,-45.5012],[-72.76374,-45.51422],[-72.78252,-45.5296],[-72.82325,-45.54674],[-72.83217,-45.55311],[-72.84008,-45.56517],[-72.83244,-45.57347],[-72.85153,-45.58945],[-72.8924,-45.57473],[-72.9015,-45.57741],[-72.88531,-45.59774],[-72.89406,-45.61094],[-72.90673,-45.61675],[-72.91283,-45.63866],[-72.90835,-45.64839],[-72.91344,-45.67942],[-72.88844,-45.69366],[-72.89163,-45.71836],[-72.90034,-45.73072],[-72.8942,-45.76479],[-72.87511,-45.77454],[-72.82491,-45.77959],[-72.82996,-45.79573],[-72.81525,-45.7995],[-72.78321,-45.79289],[-72.74983,-45.76917],[-72.73664,-45.75065],[-72.75907,-45.71319],[-72.77315,-45.70185],[-72.76297,-45.68467],[-72.76471,-45.66794],[-72.78832,-45.65663],[-72.78065,-45.63796],[-72.75964,-45.63557],[-72.73114,-45.62321],[-72.71651,-45.60431],[-72.7118,-45.58147],[-72.69845,-45.57006],[-72.69341,-45.55389],[-72.67849,-45.54593],[-72.68636,-45.52372],[-72.68137,-45.50563],[-72.66591,-45.486],[-72.66725,-45.4587],[-72.67455,-45.44467]]]},"properties":{"COD_SHAC":"SHAC-11-1137","SHAC":"Lago Riesco","REGION":"Aysén del G. Carlos Ibánez del Campo","NOM_ACUIF":"Río Aysén","COD_BNA_SH":"1137","COD_REG":"11"}},
{"type":"Feature","geometry":{"type":"Polygon","coordinates":[[[-72.55938,-45.5001],[-72.56395,-45.5099],[-72.59404,-45.49796],[-72.60572,-45.50365],[-72.62979,-45.49341],[-72.64673,-45.50443],[-72.6493,-45.51711],[-72.62541,-45.5496],[-72.60901,-45.56441],[-72.58744,-45.56862],[-72.57794,-45.5813],[-72.59261,-45.62039],[-72.59616,-45.65006],[-72.5515,-45.67744],[-72.5438,-45.68611],[-72.54004,-45.71237],[-72.5311,-45.72129],[-72.50312,-45.72367],[-72.4819,-45.71468],[-72.46756,-45.72686],[-72.44615,-45.73442],[-72.43447,-45.71648],[-72.44217,-45.7038],[-72.42778,-45.68293],[-72.39084,-45.68514],[-72.36386,-45.68348],[-72.35615,-45.67642],[-72.33086,-45.67371],[-72.3283,-45.64236],[-72.35642,-45.62477],[-72.38282,-45.61904],[-72.39586,-45.60495],[-72.41287,-45.60087],[-72.41239,-45.58711],[-72.42528,-45.5841],[-72.43513,-45.56628],[-72.45459,-45.55275],[-72.4611,-45.54161],[-72.48016,-45.52684],[-72.4994,-45.5219],[-72.50695,-45.5051],[-72.52674,-45.49542],[-72.53562,-45.5037],[-72.55938,-45.5001]]]},"properties":{"COD_SHAC":"SHAC-11-1166","SHAC":"Río Quetro","REGION":"Aysén del G. Carlos Ibánez del Campo","NOM_ACUIF":"Río Aysén","COD_BNA_SH":"1166","COD_REG":"11"}},
{"type":"Feature","geometry":{"type":"Polygon","coordinates":[[[-71.90738,-45.45655],[-71.92904,-45.44695],[-71.93686,-45.45517],[-71.96358,-45.46275],[-71.99997,-45.46302],[-72.04461,-45.45408],[-72.05481,-45.42138],[-72.05226,-45.3988],[-72.07166,-45.40769],[-72.10046,-45.41522],[-72.1259,-45.41671],[-72.14153,-45.43615],[-72.13718,-45.44001],[-72.12524,-45.44286],[-72.12035,-45.46017],[-72.12609,-45.48166],[-72.14299,-45.48946],[-72.13815,-45.50223],[-72.12104,-45.50358],[-72.06756,-45.5222],[-72.02236,-45.51749],[-72.01003,-45.5202],[-71.98338,-45.51193],[-71.95172,-45.51172],[-71.9369,-45.5035],[-71.93533,-45.48461],[-71.91965,-45.4618],[-71.90738,-45.45655]]]},"properties":{"COD_SHAC":"SHAC-11-1141","SHAC":"Río Baguales","REGION":"Aysén del G. Carlos Ibánez del Campo","NOM_ACUIF":"Río Aysén","COD_BNA_SH":"1141","COD_REG":"11"}},
{"type":"Feature","geometry":{"type":"Polygon","coordinates":[[[-72.30293,-45.5203],[-72.31899,-45.51242],[-72.32877,-45.51717],[-72.35732,-45.49815],[-72.37557,-45.49415],[-72.39559,-45.49764],[-72.41694,-45.48248],[-72.40739,-45.46551],[-72.40544,-45.44807],[-72.42067,-45.45145],[-72.43409,-45.46516],[-72.44522,-45.46786],[-72.46725,-45.4892],[-72.46283,-45.50171],[-72.48155,-45.52011],[-72.48016,-45.52684],[-72.4611,-45.54161],[-72.45459,-45.55275],[-72.43513,-45.56628],[-72.42528,-45.5841],[-72.41239,-45.58711],[-72.41287,-45.60087],[-72.39586,-45.60495],[-72.38282,-45.61904],[-72.35642,-45.62477],[-72.36525,-45.61041],[-72.36408,-45.59653],[-72.35479,-45.58845],[-72.33474,-45.58325],[-72.30714,-45.5864],[-72.29317,-45.576],[-72.30824,-45.54883],[-72.29969,-45.54252],[-72.30698,-45.52994],[-72.30293,-45.5203]]]},"properties":{"COD_SHAC":"SHAC-11-1136","SHAC":"Estero Caracoles","REGION":"Aysén del G. Carlos Ibánez del Campo","NOM_ACUIF":"Río Aysén","COD_BNA_SH":"1136","COD_REG":"11"}},
{"type":"Feature","geometry":{"type":"Polygon","coordinates":[[[-72.09302,-45.11496],[-72.13655,-45.09454],[-72.15985,-45.10035],[-72.15629,-45.11117],[-72.16759,-45.12463],[-72.20442,-45.13703],[-72.22597,-45.16291],[-72.27238,-45.15796],[-72.27675,-45.18031],[-72.25966,-45.2072],[-72.25102,-45.21376],[-72.26104,-45.22872],[-72.25543,-45.23884],[-72.28945,-45.24819],[-72.27275,-45.26582],[-72.25447,-45.25387],[-72.23696,-45.25641],[-72.2164,-45.2532],[-72.19324,-45.24214],[-72.18017,-45.22865],[-72.14298,-45.21552],[-72.10384,-45.22652],[-72.09232,-45.23827],[-72.09022,-45.25616],[-72.05134,-45.25212],[-72.0332,-45.23956],[-72.03432,-45.22998],[-72.01644,-45.21695],[-72.00082,-45.21549],[-72.01062,-45.20072],[-72.04173,-45.19586],[-72.09357,-45.18315],[-72.125,-45.18891],[-72.14018,-45.17726],[-72.15306,-45.17989],[-72.15425,-45.16374],[-72.12358,-45.14796],[-72.12779,-45.13413],[-72.12337,-45.12247],[-72.10274,-45.12356],[-72.09302,-45.11496]]]},"properties":{"COD_SHAC":"SHAC-11-1157","SHAC":"Río Maniguales Medio","REGION":"Aysén del G. Carlos Ibánez del Campo","NOM_ACUIF":"Río Aysén","COD_BNA_SH":"1157","COD_REG":"11"}},
{"type":"Feature","geometry":{"type":"Polygon","coordinates":[[[-72.55693,-45.45438],[-72.58369,-45.41032],[-72.60182,-45.41166],[-72.60311,-45.43176],[-72.6421,-45.43068],[-72.67455,-45.44467],[-72.66725,-45.4587],[-72.66591,-45.486],[-72.68137,-45.50563],[-72.68636,-45.52372],[-72.67849,-45.54593],[-72.69341,-45.55389],[-72.69845,-45.57006],[-72.7118,-45.58147],[-72.71651,-45.60431],[-72.73114,-45.62321],[-72.75964,-45.63557],[-72.78065,-45.63796],[-72.78832,-45.65663],[-72.76471,-45.66794],[-72.76297,-45.68467],[-72.77315,-45.70185],[-72.75907,-45.71319],[-72.73664,-45.75065],[-72.71506,-45.78154],[-72.69645,-45.77893],[-72.68248,-45.78525],[-72.65216,-45.7882],[-72.63409,-45.78488],[-72.62029,-45.7959],[-72.5845,-45.78543],[-72.551,-45.78009],[-72.54843,-45.77165],[-72.53214,-45.76482],[-72.50518,-45.76227],[-72.51771,-45.73212],[-72.50312,-45.72367],[-72.5311,-45.72129],[-72.54004,-45.71237],[-72.5438,-45.68611],[-72.5515,-45.67744],[-72.59616,-45.65006],[-72.59261,-45.62039],[-72.57794,-45.5813],[-72.58744,-45.56862],[-72.60901,-45.56441],[-72.62541,-45.5496],[-72.6493,-45.51711],[-72.64673,-45.50443],[-72.62979,-45.49341],[-72.60572,-45.50365],[-72.59404,-45.49796],[-72.56395,-45.5099],[-72.55938,-45.5001],[-72.57713,-45.49397],[-72.55528,-45.46821],[-72.55693,-45.45438]]]},"properties":{"COD_SHAC":"SHAC-11-1144","SHAC":"Río Blanco AEL","REGION":"Aysén del G. Carlos Ibánez del Campo","NOM_ACUIF":"Río Aysén","COD_BNA_SH":"1144","COD_REG":"11"}},
{"type":"Feature","geometry":{"type":"Polygon","coordinates":[[[-72.35633,-46.01719],[-72.34175,-45.98389],[-72.32552,-45.97248],[-72.31549,-45.95377],[-72.2886,-45.94462],[-72.29987,-45.92647],[-72.31605,-45.92067],[-72.33837,-45.9328],[-72.37265,-45.94084],[-72.38874,-45.93886],[-72.43873,-45.95742],[-72.46612,-45.95432],[-72.477,-45.96935],[-72.49292,-45.97483],[-72.48165,-45.98837],[-72.48723,-45.9989],[-72.4755,-46.01363],[-72.48612,-46.02775],[-72.47512,-46.04196],[-72.47588,-46.05488],[-72.45192,-46.06149],[-72.42507,-46.04097],[-72.40862,-46.04618],[-72.40053,-46.0575],[-72.38252,-46.03055],[-72.35633,-46.01719]]]},"properties":{"COD_SHAC":"SHAC-11-1142","SHAC":"Rio Balboa","REGION":"Aysén del G. Carlos Ibánez del Campo","NOM_ACUIF":"Río Aysén","COD_BNA_SH":"1142","COD_REG":"11"}},
{"type":"Feature","geometry":{"type":"Polygon","coordinates":[[[-72.03266,-45.84017],[-72.04085,-45.83987],[-72.06651,-45.8537],[-72.07652,-45.84542],[-72.11213,-45.84985],[-72.12893,-45.84565],[-72.14601,-45.85013],[-72.14995,-45.86493],[-72.1835,-45.85429],[-72.20278,-45.84249],[-72.23186,-45.85673],[-72.25809,-45.88126],[-72.27383,-45.90527],[-72.30586,-45.90505],[-72.31605,-45.92067],[-72.29987,-45.92647],[-72.2886,-45.94462],[-72.31549,-45.95377],[-72.32552,-45.97248],[-72.34175,-45.98389],[-72.35633,-46.01719],[-72.3339,-46.02838],[-72.32584,-46.01965],[-72.30192,-46.02975],[-72.29963,-46.03804],[-72.31308,-46.04891],[-72.30954,-46.05896],[-72.24902,-46.04146],[-72.19921,-46.04605],[-72.18539,-46.03853],[-72.17023,-46.04168],[-72.15246,-46.02803],[-72.13246,-46.04007],[-72.12259,-46.04015],[-72.11282,-46.02961],[-72.08321,-46.01955],[-72.09069,-45.99909],[-72.08423,-45.9853],[-72.09163,-45.9618],[-72.08413,-45.94665],[-72.05954,-45.95227],[-72.04862,-45.94545],[-72.05429,-45.93036],[-72.04515,-45.92225],[-72.04263,-45.90404],[-72.01887,-45.89717],[-72.01916,-45.88936],[-72.01544,-45.88117],[-71.98771,-45.8677],[-71.99439,-45.8536],[-72.02296,-45.84878],[-72.03266,-45.84017]]]},"properties":{"COD_SHAC":"SHAC-11-1154","SHAC":"Rio La Paloma","REGION":"Aysén del G. Carlos Ibánez del Campo","NOM_ACUIF":"Río Aysén","COD_BNA_SH":"1154","COD_REG":"11"}},
{"type":"Feature","geometry":{"type":"Polygon","coordinates":[[[-72.25809,-45.88126],[-72.27772,-45.86962],[-72.3243,-45.85712],[-72.34206,-45.84329],[-72.35654,-45.84089],[-72.3758,-45.82159],[-72.37208,-45.81344],[-72.38857,-45.80301],[-72.42294,-45.79429],[-72.44787,-45.78115],[-72.46673,-45.80499],[-72.47796,-45.8066],[-72.48881,-45.82428],[-72.50537,-45.82686],[-72.51526,-45.84068],[-72.53441,-45.8435],[-72.55818,-45.83387],[-72.56697,-45.84046],[-72.58509,-45.89443],[-72.56172,-45.8996],[-72.54953,-45.91058],[-72.57139,-45.9239],[-72.55839,-45.93266],[-72.56913,-45.94067],[-72.55145,-45.94797],[-72.54675,-45.95937],[-72.52947,-45.96758],[-72.49292,-45.97483],[-72.477,-45.96935],[-72.46612,-45.95432],[-72.43873,-45.95742],[-72.38874,-45.93886],[-72.37265,-45.94084],[-72.33837,-45.9328],[-72.31605,-45.92067],[-72.30586,-45.90505],[-72.27383,-45.90527],[-72.25809,-45.88126]]]},"properties":{"COD_SHAC":"SHAC-11-1135","SHAC":"Entre Ríos","REGION":"Aysén del G. Carlos Ibánez del Campo","NOM_ACUIF":"Río Aysén","COD_BNA_SH":"1135","COD_REG":"11"}},
{"type":"Feature","geometry":{"type":"Polygon","coordinates":[[[-72.62029,-45.7959],[-72.63409,-45.78488],[-72.65216,-45.7882],[-72.68248,-45.78525],[-72.69645,-45.77893],[-72.71506,-45.78154],[-72.73664,-45.75065],[-72.74983,-45.76917],[-72.78321,-45.79289],[-72.81525,-45.7995],[-72.82996,-45.79573],[-72.82491,-45.77959],[-72.87511,-45.77454],[-72.8942,-45.76479],[-72.89212,-45.78772],[-72.91309,-45.79475],[-72.91679,-45.80455],[-72.90674,-45.83646],[-72.89772,-45.84768],[-72.89661,-45.86303],[-72.91868,-45.87142],[-72.91583,-45.89488],[-72.90613,-45.90693],[-72.86868,-45.92243],[-72.83607,-45.92462],[-72.80798,-45.92309],[-72.80793,-45.93216],[-72.7911,-45.94073],[-72.77749,-45.93883],[-72.77339,-45.92095],[-72.76046,-45.9195],[-72.72006,-45.9278],[-72.70189,-45.92339],[-72.67998,-45.92852],[-72.66605,-45.94142],[-72.63921,-45.9443],[-72.60236,-45.93371],[-72.58897,-45.92261],[-72.57139,-45.9239],[-72.54953,-45.91058],[-72.56172,-45.8996],[-72.58509,-45.89443],[-72.61262,-45.89857],[-72.63031,-45.87363],[-72.65963,-45.84974],[-72.64087,-45.83365],[-72.60034,-45.82012],[-72.62181,-45.80458],[-72.62029,-45.7959]]]},"properties":{"COD_SHAC":"SHAC-11-1145","SHAC":"Rio Cajon Bravo","REGION":"Aysén del G. Carlos Ibánez del Campo","NOM_ACUIF":"Río Aysén","COD_BNA_SH":"1145","COD_REG":"11"}},
{"type":"Feature","geometry":{"type":"Polygon","coordinates":[[[-71.5401,-45.40004],[-71.56793,-45.39034],[-71.58701,-45.37962],[-71.62748,-45.38426],[-71.66505,-45.37246],[-71.70613,-45.36914],[-71.71538,-45.36503],[-71.72188,-45.34531],[-71.73989,-45.35001],[-71.74253,-45.36474],[-71.76352,-45.37194],[-71.76575,-45.37956],[-71.74799,-45.39488],[-71.77271,-45.41823],[-71.7937,-45.41247],[-71.81011,-45.41345],[-71.8536,-45.44562],[-71.80837,-45.43875],[-71.7623,-45.45392],[-71.75078,-45.46182],[-71.75789,-45.47561],[-71.73295,-45.49273],[-71.70617,-45.50503],[-71.71603,-45.52204],[-71.70121,-45.52452],[-71.67914,-45.51502],[-71.64486,-45.51778],[-71.63517,-45.51129],[-71.6111,-45.51523],[-71.60483,-45.52242],[-71.57686,-45.51918],[-71.56118,-45.52352],[-71.52332,-45.50932],[-71.46915,-45.49394],[-71.47145,-45.47901],[-71.50951,-45.46086],[-71.50867,-45.44867],[-71.51792,-45.4392],[-71.52375,-45.41665],[-71.5401,-45.40004]]]},"properties":{"COD_SHAC":"SHAC-11-1148","SHAC":"Río Coihaique Alto","REGION":"Aysén del G. Carlos Ibánez del Campo","NOM_ACUIF":"Río Aysén","COD_BNA_SH":"1148","COD_REG":"11"}},
{"type":"Feature","geometry":{"type":"Polygon","coordinates":[[[-71.85097,-45.569],[-71.85742,-45.54314],[-71.87365,-45.53443],[-71.89322,-45.53633],[-71.91138,-45.53146],[-71.91494,-45.50919],[-71.9369,-45.5035],[-71.95172,-45.51172],[-71.98338,-45.51193],[-72.01003,-45.5202],[-72.02236,-45.51749],[-72.02428,-45.53323],[-72.05595,-45.55399],[-72.07004,-45.55451],[-72.06494,-45.57807],[-72.03663,-45.61518],[-72.01534,-45.61428],[-71.98507,-45.61977],[-71.92013,-45.60906],[-71.8895,-45.58888],[-71.86663,-45.58214],[-71.85097,-45.569]]]},"properties":{"COD_SHAC":"SHAC-11-1149","SHAC":"Río Coihaique Bajo","REGION":"Aysén del G. Carlos Ibánez del Campo","NOM_ACUIF":"Río Aysén","COD_BNA_SH":"1149","COD_REG":"11"}},
{"type":"Feature","geometry":{"type":"Polygon","coordinates":[[[-71.98507,-45.61977],[-72.01534,-45.61428],[-72.03663,-45.61518],[-72.06504,-45.61517],[-72.07975,-45.61053],[-72.11761,-45.62344],[-72.12294,-45.63797],[-72.1358,-45.64933],[-72.17189,-45.66379],[-72.1497,-45.69348],[-72.13202,-45.70381],[-72.08473,-45.70686],[-72.05245,-45.72314],[-72.00778,-45.72194],[-71.99189,-45.72539],[-71.97744,-45.71322],[-71.98397,-45.70243],[-71.96886,-45.69598],[-71.96919,-45.68137],[-71.9577,-45.66551],[-71.96451,-45.64979],[-71.98211,-45.63147],[-71.98507,-45.61977]]]},"properties":{"COD_SHAC":"SHAC-11-1165","SHAC":"Río Pollux Bajo","REGION":"Aysén del G. Carlos Ibánez del Campo","NOM_ACUIF":"Río Aysén","COD_BNA_SH":"1165","COD_REG":"11"}},
{"type":"Feature","geometry":{"type":"Polygon","coordinates":[[[-71.81139,-46.11638],[-71.79864,-46.11132],[-71.78429,-46.06284],[-71.7641,-46.05318],[-71.74948,-46.02946],[-71.73763,-46.01764],[-71.70353,-46.0029],[-71.73097,-45.99265],[-71.71891,-45.98494],[-71.7043,-45.95658],[-71.70744,-45.92428],[-71.70197,-45.89809],[-71.69393,-45.88206],[-71.72186,-45.86159],[-71.73165,-45.8735],[-71.76359,-45.87215],[-71.77556,-45.86118],[-71.80215,-45.8722],[-71.82575,-45.87702],[-71.84685,-45.8904],[-71.88699,-45.89726],[-71.87379,-45.90541],[-71.88989,-45.92965],[-71.90915,-45.92607],[-71.92112,-45.93767],[-71.91783,-45.94568],[-71.8929,-45.9615],[-71.89515,-45.98013],[-71.8762,-45.9903],[-71.85682,-45.99167],[-71.86836,-46.02263],[-71.87675,-46.02717],[-71.89433,-46.06477],[-71.88432,-46.07496],[-71.86378,-46.08163],[-71.85541,-46.1065],[-71.85886,-46.11948],[-71.84676,-46.12025],[-71.82624,-46.10991],[-71.81139,-46.11638]]]},"properties":{"COD_SHAC":"SHAC-11-1162","SHAC":"Río Oscuro","REGION":"Aysén del G. Carlos Ibánez del Campo","NOM_ACUIF":"Río Aysén","COD_BNA_SH":"1162","COD_REG":"11"}},
{"type":"Feature","geometry":{"type":"Polygon","coordinates":[[[-72.83623,-45.48446],[-72.84015,-45.50778],[-72.85415,-45.51922],[-72.85433,-45.53177],[-72.83217,-45.55311],[-72.82325,-45.54674],[-72.78252,-45.5296],[-72.76374,-45.51422],[-72.78796,-45.50125],[-72.80978,-45.50238],[-72.83623,-45.48446]]]},"properties":{"COD_SHAC":"SHAC-11-1130","SHAC":"Estero Dingle","REGION":"Aysén del G. Carlos Ibánez del Campo","NOM_ACUIF":"Costeras Aysén","COD_BNA_SH":"1130","COD_REG":"11"}},
{"type":"Feature","geometry":{"type":"Polygon","coordinates":[[[-72.81267,-46.77851],[-72.84062,-46.7811],[-72.85201,-46.77309],[-72.88379,-46.78215],[-72.91011,-46.77569],[-72.9296,-46.7821],[-72.93547,-46.79897],[-73.00079,-46.8321],[-73.02798,-46.83647],[-73.07891,-46.83108],[-73.10751,-46.85669],[-73.11027,-46.88005],[-73.07795,-46.87389],[-73.06235,-46.88254],[-73.04562,-46.88304],[-73.01333,-46.90394],[-72.98676,-46.88457],[-72.96321,-46.87807],[-72.93933,-46.87778],[-72.92141,-46.85748],[-72.91593,-46.84041],[-72.90678,-46.83295],[-72.87918,-46.83034],[-72.87313,-46.8244],[-72.84672,-46.81739],[-72.84639,-46.83806],[-72.83761,-46.84368],[-72.80942,-46.83889],[-72.8024,-46.84419],[-72.79324,-46.82662],[-72.81332,-46.82645],[-72.81113,-46.79999],[-72.79178,-46.7951],[-72.81267,-46.77851]]]},"properties":{"COD_SHAC":"SHAC-11-1198","SHAC":"Río El Cañal","REGION":"Aysén del G. Carlos Ibánez del Campo","NOM_ACUIF":"Rio Baker","COD_BNA_SH":"1198","COD_REG":"11"}},
{"type":"Feature","geometry":{"type":"Polygon","coordinates":[[[-71.94785,-46.31077],[-71.96328,-46.31058],[-71.9695,-46.32991],[-71.98743,-46.33146],[-71.98591,-46.34492],[-71.96896,-46.34609],[-71.93376,-46.35635],[-71.90359,-46.35769],[-71.86931,-46.36704],[-71.84326,-46.38019],[-71.83137,-46.36873],[-71.80559,-46.37399],[-71.78158,-46.36443],[-71.76002,-46.36123],[-71.7685,-46.35055],[-71.79376,-46.34543],[-71.85865,-46.3688],[-71.87351,-46.3547],[-71.88091,-46.33856],[-71.89703,-46.33401],[-71.90828,-46.34014],[-71.9316,-46.33009],[-71.94785,-46.31077]]]},"properties":{"COD_SHAC":"SHAC-11-1175","SHAC":"El Maitén","REGION":"Aysén del G. Carlos Ibánez del Campo","NOM_ACUIF":"Rio Baker","COD_BNA_SH":"1175","COD_REG":"11"}},
{"type":"Feature","geometry":{"type":"Polygon","coordinates":[[[-72.0452,-46.32212],[-72.07115,-46.32169],[-72.06488,-46.34394],[-72.05241,-46.3517],[-72.05877,-46.36175],[-72.08175,-46.35905],[-72.10433,-46.35162],[-72.11619,-46.35859],[-72.1194,-46.38068],[-72.16879,-46.38241],[-72.1935,-46.39236],[-72.17256,-46.41443],[-72.1555,-46.41801],[-72.14687,-46.4395],[-72.17767,-46.4665],[-72.17735,-46.48936],[-72.14684,-46.51679],[-72.14793,-46.50528],[-72.13595,-46.49169],[-72.11077,-46.49169],[-72.04225,-46.45684],[-72.02141,-46.45447],[-71.98613,-46.43093],[-71.97237,-46.41445],[-71.95566,-46.40742],[-71.90793,-46.40964],[-71.88875,-46.40161],[-71.88087,-46.38002],[-71.85833,-46.37735],[-71.85964,-46.39616],[-71.83933,-46.3948],[-71.82502,-46.4005],[-71.81209,-46.38619],[-71.77951,-46.37254],[-71.76369,-46.37137],[-71.76002,-46.36123],[-71.78158,-46.36443],[-71.80559,-46.37399],[-71.83137,-46.36873],[-71.84326,-46.38019],[-71.86931,-46.36704],[-71.90359,-46.35769],[-71.93376,-46.35635],[-71.96896,-46.34609],[-71.98591,-46.34492],[-71.98743,-46.33146],[-72.0018,-46.32208],[-72.01751,-46.3351],[-72.0452,-46.32212]]]},"properties":{"COD_SHAC":"SHAC-11-1178","SHAC":"Estero Largo","REGION":"Aysén del G. Carlos Ibánez del Campo","NOM_ACUIF":"Rio Baker","COD_BNA_SH":"1178","COD_REG":"11"}},
{"type":"Feature","geometry":{"type":"Polygon","coordinates":[[[-72.68825,-46.46662],[-72.72284,-46.45058],[-72.73725,-46.44067],[-72.73658,-46.4179],[-72.77277,-46.39796],[-72.78349,-46.38563],[-72.81162,-46.38858],[-72.82995,-46.38014],[-72.83353,-46.37002],[-72.85957,-46.35405],[-72.90083,-46.34639],[-72.94271,-46.34609],[-72.96262,-46.33105],[-72.9889,-46.32911],[-73.01162,-46.32027],[-73.0291,-46.34388],[-72.99583,-46.34977],[-72.971,-46.36242],[-72.98085,-46.38281],[-72.9648,-46.39586],[-72.97011,-46.42219],[-72.98144,-46.42798],[-72.98341,-46.44269],[-72.99506,-46.45081],[-72.98213,-46.46848],[-73.00231,-46.4887],[-72.94662,-46.51343],[-72.91928,-46.51674],[-72.893,-46.51225],[-72.86038,-46.52241],[-72.82893,-46.50251],[-72.80867,-46.4937],[-72.769,-46.48512],[-72.74143,-46.4652],[-72.72132,-46.48268],[-72.70796,-46.46912],[-72.68825,-46.46662]]]},"properties":{"COD_SHAC":"SHAC-11-1200","SHAC":"Río Engaño","REGION":"Aysén del G. Carlos Ibánez del Campo","NOM_ACUIF":"Rio Baker","COD_BNA_SH":"1200","COD_REG":"11"}},
{"type":"Feature","geometry":{"type":"Polygon","coordinates":[[[-72.61527,-46.45669],[-72.60796,-46.44464],[-72.59308,-46.44017],[-72.58709,-46.42669],[-72.53215,-46.44078],[-72.53429,-46.42811],[-72.52243,-46.39386],[-72.51363,-46.38976],[-72.4943,-46.34199],[-72.52285,-46.31889],[-72.54003,-46.30758],[-72.55109,-46.30964],[-72.56571,-46.2946],[-72.57412,-46.29907],[-72.60553,-46.29199],[-72.64408,-46.28888],[-72.64146,-46.3048],[-72.64688,-46.31817],[-72.65992,-46.31918],[-72.66022,-46.33399],[-72.64038,-46.35492],[-72.62985,-46.3815],[-72.62313,-46.38778],[-72.63674,-46.41036],[-72.67111,-46.43968],[-72.68248,-46.44547],[-72.68491,-46.45888],[-72.65879,-46.44258],[-72.61527,-46.45669]]]},"properties":{"COD_SHAC":"SHAC-11-1213","SHAC":"Río Resbalín","REGION":"Aysén del G. Carlos Ibánez del Campo","NOM_ACUIF":"Rio Baker","COD_BNA_SH":"1213","COD_REG":"11"}},
{"type":"Feature","geometry":{"type":"Polygon","coordinates":[[[-72.61527,-46.45669],[-72.65879,-46.44258],[-72.68491,-46.45888],[-72.68121,-46.46071],[-72.6717,-46.46505],[-72.67146,-46.49961],[-72.68018,-46.50796],[-72.6678,-46.53579],[-72.67176,-46.55368],[-72.65129,-46.59497],[-72.63125,-46.61462],[-72.61895,-46.60686],[-72.61035,-46.58568],[-72.61854,-46.56655],[-72.61788,-46.55364],[-72.63374,-46.53684],[-72.64667,-46.53193],[-72.65433,-46.50732],[-72.6533,-46.4966],[-72.63544,-46.49511],[-72.63634,-46.47656],[-72.61527,-46.45669]]]},"properties":{"COD_SHAC":"SHAC-11-1172","SHAC":"Costeros Lago Gnal Carrera","REGION":"Aysén del G. Carlos Ibánez del Campo","NOM_ACUIF":"Rio Baker","COD_BNA_SH":"1172","COD_REG":"11"}},
{"type":"Feature","geometry":{"type":"Polygon","coordinates":[[[-72.72132,-46.48268],[-72.74143,-46.4652],[-72.769,-46.48512],[-72.80867,-46.4937],[-72.82893,-46.50251],[-72.86038,-46.52241],[-72.86375,-46.53437],[-72.83571,-46.54712],[-72.7915,-46.56036],[-72.79068,-46.57771],[-72.81338,-46.61215],[-72.81365,-46.63842],[-72.79922,-46.64914],[-72.78968,-46.66643],[-72.77868,-46.66805],[-72.77823,-46.68412],[-72.76926,-46.70542],[-72.777,-46.71746],[-72.79465,-46.73092],[-72.79983,-46.74975],[-72.78756,-46.7627],[-72.77959,-46.74269],[-72.7586,-46.73762],[-72.74465,-46.74587],[-72.73306,-46.74015],[-72.71498,-46.75028],[-72.67566,-46.72271],[-72.67002,-46.70003],[-72.64595,-46.67903],[-72.63372,-46.66094],[-72.60766,-46.64333],[-72.64861,-46.63334],[-72.66262,-46.63538],[-72.6905,-46.59445],[-72.69332,-46.57335],[-72.71278,-46.55743],[-72.70706,-46.54127],[-72.70994,-46.52944],[-72.72306,-46.52252],[-72.72132,-46.48268]]]},"properties":{"COD_SHAC":"SHAC-11-1173","SHAC":"Costeros Poniente Lago Gnal Carrera","REGION":"Aysén del G. Carlos Ibánez del Campo","NOM_ACUIF":"Rio Baker","COD_BNA_SH":"1173","COD_REG":"11"}},
{"type":"Feature","geometry":{"type":"Polygon","coordinates":[[[-72.70049,-47.28135],[-72.7165,-47.27877],[-72.7199,-47.30513],[-72.70695,-47.32263],[-72.7243,-47.33492],[-72.76326,-47.3442],[-72.78335,-47.33164],[-72.78546,-47.34062],[-72.80333,-47.36243],[-72.84562,-47.37531],[-72.83256,-47.38436],[-72.84402,-47.40241],[-72.8454,-47.42778],[-72.8561,-47.43139],[-72.88116,-47.45315],[-72.8772,-47.45631],[-72.84612,-47.49363],[-72.80217,-47.49081],[-72.80021,-47.48354],[-72.77462,-47.47497],[-72.7455,-47.45956],[-72.72153,-47.45602],[-72.7128,-47.46175],[-72.72462,-47.48226],[-72.69968,-47.50072],[-72.68494,-47.51635],[-72.66233,-47.525],[-72.65837,-47.5108],[-72.61844,-47.50598],[-72.59646,-47.48312],[-72.55587,-47.46387],[-72.55505,-47.45544],[-72.53327,-47.44433],[-72.54148,-47.42479],[-72.53375,-47.41635],[-72.53628,-47.39873],[-72.55053,-47.38412],[-72.54641,-47.37752],[-72.56298,-47.35412],[-72.56632,-47.34264],[-72.56149,-47.31811],[-72.55246,-47.30392],[-72.57495,-47.3034],[-72.58018,-47.28884],[-72.6005,-47.30219],[-72.62197,-47.30529],[-72.68629,-47.29055],[-72.70049,-47.28135]]]},"properties":{"COD_SHAC":"SHAC-11-1196","SHAC":"Río del Salto","REGION":"Aysén del G. Carlos Ibánez del Campo","NOM_ACUIF":"Rio Baker","COD_BNA_SH":"1196","COD_REG":"11"}},
{"type":"Feature","geometry":{"type":"Polygon","coordinates":[[[-72.82349,-47.22048],[-72.85022,-47.22147],[-72.89161,-47.22913],[-72.92064,-47.2423],[-72.9583,-47.23342],[-72.99341,-47.24303],[-73.01019,-47.2423],[-73.0131,-47.22936],[-73.04307,-47.2292],[-73.05879,-47.19759],[-73.09914,-47.21533],[-73.17069,-47.21607],[-73.21674,-47.19749],[-73.22475,-47.17761],[-73.24011,-47.17688],[-73.24159,-47.16336],[-73.23311,-47.15523],[-73.22952,-47.1367],[-73.23309,-47.10808],[-73.24031,-47.09763],[-73.26364,-47.11086],[-73.28242,-47.10844],[-73.29048,-47.09266],[-73.30017,-47.09069],[-73.3238,-47.07039],[-73.32004,-47.05839],[-73.38495,-47.05397],[-73.4187,-47.07903],[-73.40252,-47.10358],[-73.40262,-47.11264],[-73.38819,-47.12025],[-73.35668,-47.11582],[-73.3301,-47.12469],[-73.30445,-47.14289],[-73.30209,-47.15441],[-73.2842,-47.16928],[-73.27124,-47.18985],[-73.23487,-47.23371],[-73.26447,-47.24827],[-73.29149,-47.24729],[-73.32823,-47.25412],[-73.33872,-47.26924],[-73.30858,-47.27499],[-73.28227,-47.27191],[-73.25781,-47.2813],[-73.2289,-47.28049],[-73.21859,-47.28912],[-73.21152,-47.32495],[-73.22016,-47.32841],[-73.22778,-47.34628],[-73.20059,-47.37994],[-73.19738,-47.39565],[-73.20866,-47.40686],[-73.19472,-47.42141],[-73.19657,-47.44845],[-73.18532,-47.44883],[-73.17123,-47.485],[-73.15711,-47.48451],[-73.1344,-47.46788],[-73.10332,-47.4658],[-73.10758,-47.44698],[-73.09988,-47.42816],[-73.08217,-47.41635],[-73.07076,-47.41792],[-73.05423,-47.40649],[-73.0369,-47.40168],[-73.0393,-47.39073],[-73.01147,-47.37688],[-73.00103,-47.38025],[-72.96611,-47.37805],[-72.93433,-47.36938],[-72.92674,-47.35722],[-72.90639,-47.34162],[-72.91354,-47.32788],[-72.87448,-47.30732],[-72.87197,-47.29838],[-72.89795,-47.29021],[-72.88548,-47.27315],[-72.86936,-47.27312],[-72.86593,-47.25952],[-72.81987,-47.24055],[-72.82349,-47.22048]]]},"properties":{"COD_SHAC":"SHAC-11-1194","SHAC":"Río de La Colonia","REGION":"Aysén del G. Carlos Ibánez del Campo","NOM_ACUIF":"Rio Baker","COD_BNA_SH":"1194","COD_REG":"11"}},
{"type":"Feature","geometry":{"type":"Polygon","coordinates":[[[-72.91976,-47.73468],[-72.91773,-47.70985],[-72.90065,-47.69107],[-72.90186,-47.66661],[-72.88984,-47.6551],[-72.91712,-47.63251],[-72.92722,-47.61541],[-72.96859,-47.59793],[-72.98132,-47.58355],[-72.964,-47.57033],[-72.96384,-47.55194],[-72.9715,-47.5387],[-72.98977,-47.54532],[-73.00041,-47.54091],[-73.02111,-47.55283],[-73.0394,-47.54779],[-73.05089,-47.55973],[-73.07786,-47.56771],[-73.0971,-47.56824],[-73.11843,-47.57973],[-73.15836,-47.58574],[-73.16081,-47.59722],[-73.17935,-47.60178],[-73.18033,-47.62444],[-73.20021,-47.63523],[-73.2308,-47.63562],[-73.24727,-47.6263],[-73.26829,-47.63896],[-73.31286,-47.6312],[-73.31797,-47.623],[-73.34678,-47.62917],[-73.37275,-47.62982],[-73.39651,-47.62363],[-73.41375,-47.64704],[-73.43848,-47.65726],[-73.45777,-47.65249],[-73.48226,-47.65828],[-73.4994,-47.65771],[-73.52135,-47.67985],[-73.53754,-47.68827],[-73.56359,-47.71228],[-73.56578,-47.73317],[-73.57676,-47.7389],[-73.56988,-47.75212],[-73.58872,-47.76744],[-73.58806,-47.77752],[-73.57455,-47.78797],[-73.56385,-47.80897],[-73.54039,-47.80547],[-73.53087,-47.81804],[-73.50795,-47.82288],[-73.46545,-47.82297],[-73.46432,-47.83273],[-73.43289,-47.835],[-73.41869,-47.84102],[-73.39421,-47.84089],[-73.3789,-47.82748],[-73.3625,-47.83119],[-73.34854,-47.82537],[-73.33021,-47.83202],[-73.3279,-47.84501],[-73.31159,-47.8521],[-73.27325,-47.83466],[-73.27321,-47.82299],[-73.25954,-47.80387],[-73.24802,-47.80515],[-73.21952,-47.82369],[-73.19302,-47.83143],[-73.15491,-47.82993],[-73.10973,-47.83399],[-73.08032,-47.81985],[-73.07328,-47.83402],[-73.05008,-47.85103],[-73.03169,-47.85274],[-73.0128,-47.84794],[-72.99986,-47.85629],[-72.98353,-47.84926],[-72.96541,-47.85915],[-72.93968,-47.86075],[-72.928,-47.85213],[-72.9418,-47.82536],[-72.94814,-47.80204],[-72.92624,-47.79032],[-72.92271,-47.77757],[-72.94439,-47.76906],[-72.94857,-47.75249],[-72.92735,-47.7464],[-72.91976,-47.73468]]]},"properties":{"COD_SHAC":"SHAC-11-1187","SHAC":"Río Baker Bajo","REGION":"Aysén del G. Carlos Ibánez del Campo","NOM_ACUIF":"Rio Baker","COD_BNA_SH":"1187","COD_REG":"11"}},
{"type":"Feature","geometry":{"type":"Polygon","coordinates":[[[-72.78335,-47.33164],[-72.81299,-47.32341],[-72.83091,-47.30918],[-72.83276,-47.30004],[-72.87448,-47.30732],[-72.91354,-47.32788],[-72.90639,-47.34162],[-72.92674,-47.35722],[-72.93433,-47.36938],[-72.96611,-47.37805],[-73.00103,-47.38025],[-73.01147,-47.37688],[-73.0393,-47.39073],[-73.0369,-47.40168],[-73.05423,-47.40649],[-73.07076,-47.41792],[-73.08217,-47.41635],[-73.09988,-47.42816],[-73.10758,-47.44698],[-73.10332,-47.4658],[-73.1344,-47.46788],[-73.15711,-47.48451],[-73.1522,-47.49343],[-73.12775,-47.49893],[-73.11676,-47.51433],[-73.11961,-47.54972],[-73.07786,-47.56771],[-73.05089,-47.55973],[-73.0394,-47.54779],[-73.02111,-47.55283],[-73.00041,-47.54091],[-72.98977,-47.54532],[-72.9715,-47.5387],[-72.95733,-47.52995],[-72.9435,-47.53587],[-72.92896,-47.51355],[-72.93209,-47.4922],[-72.94699,-47.48751],[-72.93553,-47.46828],[-72.90795,-47.46637],[-72.89741,-47.45523],[-72.8772,-47.45631],[-72.88116,-47.45315],[-72.8561,-47.43139],[-72.8454,-47.42778],[-72.84402,-47.40241],[-72.83256,-47.38436],[-72.84562,-47.37531],[-72.80333,-47.36243],[-72.78546,-47.34062],[-72.78335,-47.33164]]]},"properties":{"COD_SHAC":"SHAC-11-1188","SHAC":"Río Baker Medio","REGION":"Aysén del G. Carlos Ibánez del Campo","NOM_ACUIF":"Rio Baker","COD_BNA_SH":"1188","COD_REG":"11"}},
{"type":"Feature","geometry":{"type":"Polygon","coordinates":[[[-73.0219,-47.03541],[-73.05386,-47.03866],[-73.05181,-47.04584],[-73.07673,-47.06317],[-73.08958,-47.09026],[-73.10171,-47.0945],[-73.13602,-47.07796],[-73.13551,-47.06661],[-73.14814,-47.05958],[-73.18244,-47.07095],[-73.20893,-47.06708],[-73.22386,-47.0496],[-73.28669,-47.03434],[-73.31778,-47.02983],[-73.32417,-47.02198],[-73.3282,-46.99458],[-73.33984,-46.95755],[-73.35553,-46.95221],[-73.37696,-46.95887],[-73.3944,-46.96458],[-73.37131,-47.0103],[-73.38641,-47.02625],[-73.40996,-47.02521],[-73.41579,-47.03574],[-73.40186,-47.04961],[-73.38495,-47.05397],[-73.32004,-47.05839],[-73.3238,-47.07039],[-73.30017,-47.09069],[-73.29048,-47.09266],[-73.28242,-47.10844],[-73.26364,-47.11086],[-73.24031,-47.09763],[-73.23309,-47.10808],[-73.22952,-47.1367],[-73.23311,-47.15523],[-73.24159,-47.16336],[-73.24011,-47.17688],[-73.22475,-47.17761],[-73.21674,-47.19749],[-73.17069,-47.21607],[-73.09914,-47.21533],[-73.05879,-47.19759],[-73.04307,-47.2292],[-73.0131,-47.22936],[-73.01019,-47.2423],[-72.99341,-47.24303],[-72.9583,-47.23342],[-72.92064,-47.2423],[-72.89161,-47.22913],[-72.85022,-47.22147],[-72.82349,-47.22048],[-72.79956,-47.21314],[-72.77567,-47.1814],[-72.77495,-47.15762],[-72.75331,-47.14574],[-72.75654,-47.13279],[-72.78661,-47.10863],[-72.78911,-47.08763],[-72.83078,-47.10313],[-72.85083,-47.08981],[-72.85307,-47.07501],[-72.84584,-47.05593],[-72.86848,-47.04134],[-72.86906,-47.02997],[-72.89273,-47.0349],[-72.90452,-47.02856],[-72.93139,-47.03585],[-72.93362,-47.04522],[-72.95133,-47.04849],[-72.97588,-47.04587],[-72.99435,-47.05325],[-73.01326,-47.04796],[-73.0219,-47.03541]]]},"properties":{"COD_SHAC":"SHAC-11-1212","SHAC":"Río Nef","REGION":"Aysén del G. Carlos Ibánez del Campo","NOM_ACUIF":"Rio Baker","COD_BNA_SH":"1212","COD_REG":"11"}},
{"type":"Feature","geometry":{"type":"Polygon","coordinates":[[[-72.68337,-47.0488],[-72.77833,-47.03533],[-72.79132,-47.01875],[-72.81076,-47.00749],[-72.82738,-46.98388],[-72.85462,-46.98261],[-72.86906,-47.02997],[-72.86848,-47.04134],[-72.84584,-47.05593],[-72.85307,-47.07501],[-72.85083,-47.08981],[-72.83078,-47.10313],[-72.78911,-47.08763],[-72.78661,-47.10863],[-72.75654,-47.13279],[-72.75331,-47.14574],[-72.77495,-47.15762],[-72.77567,-47.1814],[-72.79956,-47.21314],[-72.82349,-47.22048],[-72.81987,-47.24055],[-72.86593,-47.25952],[-72.86936,-47.27312],[-72.88548,-47.27315],[-72.89795,-47.29021],[-72.87197,-47.29838],[-72.87448,-47.30732],[-72.83276,-47.30004],[-72.83091,-47.30918],[-72.81299,-47.32341],[-72.78335,-47.33164],[-72.76326,-47.3442],[-72.7243,-47.33492],[-72.70695,-47.32263],[-72.7199,-47.30513],[-72.7165,-47.27877],[-72.70049,-47.28135],[-72.67675,-47.27655],[-72.65351,-47.23986],[-72.60075,-47.20993],[-72.57778,-47.16559],[-72.59166,-47.15494],[-72.6021,-47.13847],[-72.61903,-47.1266],[-72.64549,-47.11586],[-72.66694,-47.11858],[-72.68488,-47.10634],[-72.6944,-47.07978],[-72.68337,-47.0488]]]},"properties":{"COD_SHAC":"SHAC-11-1186","SHAC":"Río Baker Alto","REGION":"Aysén del G. Carlos Ibánez del Campo","NOM_ACUIF":"Rio Baker","COD_BNA_SH":"1186","COD_REG":"11"}},
{"type":"Feature","geometry":{"type":"Polygon","coordinates":[[[-72.8024,-46.84419],[-72.80942,-46.83889],[-72.83761,-46.84368],[-72.84639,-46.83806],[-72.84672,-46.81739],[-72.87313,-46.8244],[-72.87918,-46.83034],[-72.90678,-46.83295],[-72.91593,-46.84041],[-72.92141,-46.85748],[-72.93933,-46.87778],[-72.96321,-46.87807],[-72.98676,-46.88457],[-73.01333,-46.90394],[-72.9991,-46.91391],[-72.98466,-46.91478],[-72.97679,-46.94317],[-72.97933,-46.9686],[-72.97095,-46.99038],[-72.98892,-47.01397],[-72.99034,-47.03134],[-73.0219,-47.03541],[-73.01326,-47.04796],[-72.99435,-47.05325],[-72.97588,-47.04587],[-72.95133,-47.04849],[-72.93362,-47.04522],[-72.93139,-47.03585],[-72.90452,-47.02856],[-72.89273,-47.0349],[-72.86906,-47.02997],[-72.85462,-46.98261],[-72.82738,-46.98388],[-72.81076,-47.00749],[-72.79132,-47.01875],[-72.77833,-47.03533],[-72.68337,-47.0488],[-72.65966,-47.03489],[-72.65518,-47.0178],[-72.67164,-47.0182],[-72.67932,-47.00887],[-72.71038,-46.99534],[-72.72974,-46.97087],[-72.74573,-46.97688],[-72.75286,-46.96531],[-72.71944,-46.9611],[-72.70415,-46.95068],[-72.69317,-46.9263],[-72.67949,-46.91709],[-72.68077,-46.90577],[-72.69373,-46.8925],[-72.71733,-46.8887],[-72.76484,-46.90737],[-72.78039,-46.90299],[-72.78322,-46.89334],[-72.81197,-46.88715],[-72.81411,-46.86692],[-72.80234,-46.84556],[-72.8024,-46.84419]]]},"properties":{"COD_SHAC":"SHAC-11-1183","SHAC":"Lago Beltrán","REGION":"Aysén del G. Carlos Ibánez del Campo","NOM_ACUIF":"Rio Baker","COD_BNA_SH":"1183","COD_REG":"11"}},
{"type":"Feature","geometry":{"type":"Polygon","coordinates":[[[-72.01435,-47.20346],[-72.04377,-47.16803],[-72.05566,-47.16454],[-72.06045,-47.14714],[-72.09319,-47.13774],[-72.09884,-47.12904],[-72.12432,-47.12678],[-72.13733,-47.11443],[-72.16505,-47.11671],[-72.21575,-47.10656],[-72.26403,-47.10244],[-72.27475,-47.09385],[-72.29521,-47.09722],[-72.35241,-47.08762],[-72.36971,-47.10299],[-72.38009,-47.09789],[-72.40162,-47.10699],[-72.43761,-47.13092],[-72.44421,-47.15352],[-72.46579,-47.15513],[-72.47797,-47.1653],[-72.51553,-47.16046],[-72.5419,-47.16584],[-72.57778,-47.16559],[-72.60075,-47.20993],[-72.65351,-47.23986],[-72.67675,-47.27655],[-72.70049,-47.28135],[-72.68629,-47.29055],[-72.62197,-47.30529],[-72.6005,-47.30219],[-72.58018,-47.28884],[-72.57495,-47.3034],[-72.55246,-47.30392],[-72.56149,-47.31811],[-72.56632,-47.34264],[-72.56298,-47.35412],[-72.54641,-47.37752],[-72.53767,-47.36031],[-72.51758,-47.35149],[-72.47851,-47.34085],[-72.47486,-47.3475],[-72.43606,-47.35037],[-72.42125,-47.336],[-72.41723,-47.32354],[-72.38784,-47.32679],[-72.37664,-47.31406],[-72.35148,-47.29846],[-72.32281,-47.28813],[-72.30635,-47.27731],[-72.27712,-47.28222],[-72.25548,-47.27181],[-72.2377,-47.27151],[-72.22255,-47.2842],[-72.19955,-47.273],[-72.18526,-47.27659],[-72.17069,-47.25531],[-72.14825,-47.23789],[-72.14333,-47.22225],[-72.11695,-47.23229],[-72.11818,-47.24323],[-72.10135,-47.26097],[-72.13396,-47.27759],[-72.12395,-47.28608],[-72.12229,-47.3117],[-72.09215,-47.31902],[-72.08068,-47.33436],[-72.06499,-47.3422],[-72.04651,-47.33873],[-72.03662,-47.32071],[-71.99676,-47.29496],[-71.9992,-47.28131],[-72.01433,-47.25271],[-72.00221,-47.22978],[-72.00227,-47.21356],[-72.01435,-47.20346]]]},"properties":{"COD_SHAC":"SHAC-11-1193","SHAC":"Río Cochrane","REGION":"Aysén del G. Carlos Ibánez del Campo","NOM_ACUIF":"Rio Baker","COD_BNA_SH":"1193","COD_REG":"11"}},
{"type":"Feature","geometry":{"type":"Polygon","coordinates":[[[-72.29378,-47.43692],[-72.27526,-47.42138],[-72.25129,-47.41484],[-72.24498,-47.40473],[-72.2265,-47.4022],[-72.1975,-47.41562],[-72.18706,-47.40329],[-72.15866,-47.38919],[-72.16116,-47.3788],[-72.14278,-47.36337],[-72.14516,-47.35217],[-72.13004,-47.32948],[-72.109,-47.32904],[-72.08068,-47.33436],[-72.09215,-47.31902],[-72.12229,-47.3117],[-72.12395,-47.28608],[-72.13396,-47.27759],[-72.10135,-47.26097],[-72.11818,-47.24323],[-72.11695,-47.23229],[-72.14333,-47.22225],[-72.14825,-47.23789],[-72.17069,-47.25531],[-72.18526,-47.27659],[-72.19955,-47.273],[-72.22255,-47.2842],[-72.2377,-47.27151],[-72.25548,-47.27181],[-72.27712,-47.28222],[-72.27831,-47.29348],[-72.2958,-47.29133],[-72.30551,-47.30641],[-72.32274,-47.30832],[-72.32545,-47.31802],[-72.30333,-47.33221],[-72.31667,-47.34874],[-72.32005,-47.36178],[-72.34693,-47.37113],[-72.34872,-47.38537],[-72.32946,-47.3975],[-72.31921,-47.43663],[-72.29378,-47.43692]]]},"properties":{"COD_SHAC":"SHAC-11-1189","SHAC":"Río Brown","REGION":"Aysén del G. Carlos Ibánez del Campo","NOM_ACUIF":"Rio Baker","COD_BNA_SH":"1189","COD_REG":"11"}},
{"type":"Feature","geometry":{"type":"Polygon","coordinates":[[[-71.5401,-45.40004],[-71.52132,-45.38892],[-71.50087,-45.38615],[-71.43717,-45.3901],[-71.44903,-45.36835],[-71.41306,-45.3531],[-71.38537,-45.34971],[-71.37214,-45.33852],[-71.3488,-45.33122],[-71.3333,-45.31874],[-71.3208,-45.29071],[-71.32924,-45.27762],[-71.35038,-45.26877],[-71.3362,-45.25578],[-71.33318,-45.24132],[-71.34904,-45.22992],[-71.37022,-45.22471],[-71.37852,-45.20647],[-71.39931,-45.19621],[-71.40647,-45.18057],[-71.41891,-45.17572],[-71.42435,-45.16096],[-71.44536,-45.15234],[-71.47033,-45.14828],[-71.49289,-45.10725],[-71.51397,-45.09844],[-71.50519,-45.0848],[-71.50898,-45.06416],[-71.52971,-45.04666],[-71.55797,-45.03043],[-71.54394,-45.00339],[-71.56293,-44.97821],[-71.57843,-44.98063],[-71.59876,-44.97185],[-71.62704,-44.97467],[-71.63653,-44.96963],[-71.64012,-44.99498],[-71.64579,-45.00057],[-71.64442,-45.02807],[-71.59637,-45.03499],[-71.59108,-45.05038],[-71.57555,-45.07454],[-71.57927,-45.08581],[-71.59571,-45.09017],[-71.59977,-45.10032],[-71.57784,-45.10773],[-71.56759,-45.12446],[-71.54281,-45.15368],[-71.54428,-45.16572],[-71.59772,-45.17985],[-71.62043,-45.17711],[-71.63336,-45.18121],[-71.63154,-45.19681],[-71.68877,-45.19935],[-71.69471,-45.21413],[-71.71132,-45.23009],[-71.72433,-45.23409],[-71.72686,-45.24803],[-71.701,-45.255],[-71.69979,-45.28807],[-71.7101,-45.29111],[-71.71899,-45.30863],[-71.7028,-45.32073],[-71.72188,-45.34531],[-71.71538,-45.36503],[-71.70613,-45.36914],[-71.66505,-45.37246],[-71.62748,-45.38426],[-71.58701,-45.37962],[-71.56793,-45.39034],[-71.5401,-45.40004]]]},"properties":{"COD_SHAC":"SHAC-11-1158","SHAC":"Río Nireguao Alto","REGION":"Aysén del G. Carlos Ibánez del Campo","NOM_ACUIF":"Río Aysén","COD_BNA_SH":"1158","COD_REG":"11"}},
{"type":"Feature","geometry":{"type":"Polygon","coordinates":[[[-71.63653,-44.96963],[-71.65493,-44.97553],[-71.68371,-44.96885],[-71.70054,-44.95757],[-71.74449,-44.95504],[-71.75327,-44.92951],[-71.76324,-44.92815],[-71.7743,-44.94079],[-71.81482,-44.91975],[-71.83086,-44.92676],[-71.8245,-44.93283],[-71.8194,-44.95834],[-71.83709,-44.97138],[-71.85287,-44.97556],[-71.88136,-45.00142],[-71.88606,-45.01766],[-71.88549,-45.05124],[-71.88902,-45.08333],[-71.8753,-45.09626],[-71.84298,-45.11244],[-71.84219,-45.12036],[-71.82419,-45.12706],[-71.82177,-45.14782],[-71.80119,-45.14684],[-71.7696,-45.17393],[-71.74989,-45.18647],[-71.73174,-45.19095],[-71.71375,-45.20204],[-71.71235,-45.21441],[-71.72433,-45.23409],[-71.71132,-45.23009],[-71.69471,-45.21413],[-71.68877,-45.19935],[-71.63154,-45.19681],[-71.63336,-45.18121],[-71.62043,-45.17711],[-71.59772,-45.17985],[-71.54428,-45.16572],[-71.54281,-45.15368],[-71.56759,-45.12446],[-71.57784,-45.10773],[-71.59977,-45.10032],[-71.59571,-45.09017],[-71.57927,-45.08581],[-71.57555,-45.07454],[-71.59108,-45.05038],[-71.59637,-45.03499],[-71.64442,-45.02807],[-71.64579,-45.00057],[-71.64012,-44.99498],[-71.63653,-44.96963]]]},"properties":{"COD_SHAC":"SHAC-11-1161","SHAC":"Río Norte-Estero Los Mallines","REGION":"Aysén del G. Carlos Ibánez del Campo","NOM_ACUIF":"Río Aysén","COD_BNA_SH":"1161","COD_REG":"11"}},
{"type":"Feature","geometry":{"type":"Polygon","coordinates":[[[-72.01062,-45.20072],[-72.00044,-45.19154],[-72.01712,-45.17274],[-72.00709,-45.1657],[-71.96924,-45.16201],[-71.94884,-45.15486],[-71.95498,-45.14505],[-71.94727,-45.11949],[-71.96679,-45.11384],[-71.96249,-45.08681],[-71.99316,-45.08882],[-72.00154,-45.10335],[-72.0572,-45.11552],[-72.09302,-45.11496],[-72.10274,-45.12356],[-72.12337,-45.12247],[-72.12779,-45.13413],[-72.12358,-45.14796],[-72.15425,-45.16374],[-72.15306,-45.17989],[-72.14018,-45.17726],[-72.125,-45.18891],[-72.09357,-45.18315],[-72.04173,-45.19586],[-72.01062,-45.20072]]]},"properties":{"COD_SHAC":"SHAC-11-1159","SHAC":"Río Nireguao Bajo","REGION":"Aysén del G. Carlos Ibánez del Campo","NOM_ACUIF":"Río Aysén","COD_BNA_SH":"1159","COD_REG":"11"}},
{"type":"Feature","geometry":{"type":"Polygon","coordinates":[[[-71.69714,-46.70952],[-71.7176,-46.69603],[-71.71915,-46.68182],[-71.75717,-46.65627],[-71.78616,-46.64137],[-71.7918,-46.63418],[-71.81824,-46.63928],[-71.84652,-46.6322],[-71.87362,-46.63568],[-71.88873,-46.64142],[-71.90757,-46.66051],[-71.93082,-46.65761],[-71.96795,-46.66624],[-71.99285,-46.66713],[-72.01664,-46.64911],[-72.031,-46.65362],[-72.04624,-46.64915],[-72.12725,-46.66754],[-72.1412,-46.68103],[-72.14143,-46.69236],[-72.11916,-46.70497],[-72.13045,-46.71541],[-72.12433,-46.72784],[-72.10278,-46.7254],[-72.09757,-46.74057],[-72.07125,-46.74984],[-72.03865,-46.74163],[-72.01382,-46.76393],[-71.99835,-46.76767],[-71.98486,-46.78231],[-71.99124,-46.78863],[-71.98472,-46.80561],[-71.95575,-46.81856],[-71.93703,-46.806],[-71.91084,-46.7988],[-71.86156,-46.80391],[-71.83297,-46.79636],[-71.79616,-46.77507],[-71.77009,-46.7656],[-71.74991,-46.74285],[-71.69714,-46.70952]]]},"properties":{"COD_SHAC":"SHAC-11-1205","SHAC":"Rio Jeinemeni Medio","REGION":"Aysén del G. Carlos Ibánez del Campo","NOM_ACUIF":"Rio Baker","COD_BNA_SH":"1205","COD_REG":"11"}},
{"type":"Feature","geometry":{"type":"Polygon","coordinates":[[[-71.81139,-46.11638],[-71.78331,-46.11939],[-71.75836,-46.10922],[-71.75205,-46.09299],[-71.73177,-46.09559],[-71.71529,-46.08932],[-71.71053,-46.07094],[-71.66683,-46.04006],[-71.66415,-46.02516],[-71.65053,-46.01634],[-71.64779,-45.98619],[-71.63323,-45.97751],[-71.61802,-45.98069],[-71.61495,-45.96267],[-71.61831,-45.94689],[-71.64183,-45.9253],[-71.64479,-45.90834],[-71.65504,-45.89792],[-71.65843,-45.88329],[-71.71628,-45.85466],[-71.74591,-45.85341],[-71.76847,-45.8466],[-71.76715,-45.83611],[-71.74226,-45.80614],[-71.76208,-45.78759],[-71.7543,-45.77066],[-71.76498,-45.7611],[-71.77169,-45.74306],[-71.7955,-45.72997],[-71.8009,-45.72096],[-71.84634,-45.74169],[-71.87146,-45.73472],[-71.8799,-45.75049],[-71.89343,-45.75364],[-71.89753,-45.78119],[-71.89,-45.80613],[-71.89619,-45.81034],[-71.92397,-45.80678],[-71.90285,-45.82327],[-71.90187,-45.83549],[-71.91268,-45.85653],[-71.88699,-45.89726],[-71.84685,-45.8904],[-71.82575,-45.87702],[-71.80215,-45.8722],[-71.77556,-45.86118],[-71.76359,-45.87215],[-71.73165,-45.8735],[-71.72186,-45.86159],[-71.69393,-45.88206],[-71.70197,-45.89809],[-71.70744,-45.92428],[-71.7043,-45.95658],[-71.71891,-45.98494],[-71.73097,-45.99265],[-71.70353,-46.0029],[-71.73763,-46.01764],[-71.74948,-46.02946],[-71.7641,-46.05318],[-71.78429,-46.06284],[-71.79864,-46.11132],[-71.81139,-46.11638]]]},"properties":{"COD_SHAC":"SHAC-11-1167","SHAC":"Río Simpson Alto","REGION":"Aysén del G. Carlos Ibánez del Campo","NOM_ACUIF":"Río Aysén","COD_BNA_SH":"1167","COD_REG":"11"}},
{"type":"Feature","geometry":{"type":"Polygon","coordinates":[[[-73.37888,-46.93964],[-73.39853,-46.94366],[-73.41558,-46.94045],[-73.44095,-46.94566],[-73.48293,-46.94961],[-73.50142,-46.94412],[-73.50497,-46.97613],[-73.51964,-46.9952],[-73.53405,-46.99892],[-73.53234,-46.98077],[-73.54115,-46.96982],[-73.5806,-46.9592],[-73.58083,-46.98014],[-73.56626,-46.99173],[-73.60126,-47.01539],[-73.60028,-47.02371],[-73.5808,-47.0408],[-73.58453,-47.05569],[-73.57467,-47.06378],[-73.57079,-47.08926],[-73.57326,-47.1152],[-73.54858,-47.12637],[-73.54349,-47.13696],[-73.51172,-47.14545],[-73.49509,-47.16674],[-73.46384,-47.17433],[-73.46797,-47.1959],[-73.4491,-47.21539],[-73.46541,-47.22184],[-73.47849,-47.24065],[-73.44551,-47.26201],[-73.44108,-47.27599],[-73.45002,-47.28331],[-73.43507,-47.29815],[-73.43191,-47.31268],[-73.41122,-47.32177],[-73.40853,-47.33096],[-73.42141,-47.35327],[-73.43895,-47.35953],[-73.43982,-47.3864],[-73.45907,-47.40274],[-73.46174,-47.42477],[-73.43239,-47.46639],[-73.44912,-47.47888],[-73.44454,-47.51602],[-73.43479,-47.52354],[-73.43446,-47.55089],[-73.39878,-47.56902],[-73.40859,-47.57897],[-73.39462,-47.59423],[-73.39651,-47.62363],[-73.37275,-47.62982],[-73.34678,-47.62917],[-73.31797,-47.623],[-73.31286,-47.6312],[-73.26829,-47.63896],[-73.24727,-47.6263],[-73.2308,-47.63562],[-73.20021,-47.63523],[-73.18033,-47.62444],[-73.17935,-47.60178],[-73.16081,-47.59722],[-73.15836,-47.58574],[-73.11843,-47.57973],[-73.0971,-47.56824],[-73.07786,-47.56771],[-73.11961,-47.54972],[-73.11676,-47.51433],[-73.12775,-47.49893],[-73.1522,-47.49343],[-73.15711,-47.48451],[-73.17123,-47.485],[-73.18532,-47.44883],[-73.19657,-47.44845],[-73.19472,-47.42141],[-73.20866,-47.40686],[-73.19738,-47.39565],[-73.20059,-47.37994],[-73.22778,-47.34628],[-73.22016,-47.32841],[-73.21152,-47.32495],[-73.21859,-47.28912],[-73.2289,-47.28049],[-73.25781,-47.2813],[-73.28227,-47.27191],[-73.30858,-47.27499],[-73.33872,-47.26924],[-73.32823,-47.25412],[-73.29149,-47.24729],[-73.26447,-47.24827],[-73.23487,-47.23371],[-73.27124,-47.18985],[-73.2842,-47.16928],[-73.30209,-47.15441],[-73.30445,-47.14289],[-73.3301,-47.12469],[-73.35668,-47.11582],[-73.38819,-47.12025],[-73.40262,-47.11264],[-73.40252,-47.10358],[-73.4187,-47.07903],[-73.38495,-47.05397],[-73.40186,-47.04961],[-73.41579,-47.03574],[-73.40996,-47.02521],[-73.38641,-47.02625],[-73.37131,-47.0103],[-73.3944,-46.96458],[-73.37696,-46.95887],[-73.37888,-46.93964]]]},"properties":{"COD_SHAC":"SHAC-11-1216","SHAC":"Río Ventisquero","REGION":"Aysén del G. Carlos Ibánez del Campo","NOM_ACUIF":"Rio Baker","COD_BNA_SH":"1216","COD_REG":"11"}},
{"type":"Feature","geometry":{"type":"Polygon","coordinates":[[[-72.911,-43.80521],[-72.94661,-43.79786],[-72.9522,-43.76499],[-72.96659,-43.75836],[-72.97904,-43.76792],[-72.98495,-43.79082],[-72.97997,-43.81351],[-72.98962,-43.81683],[-72.98696,-43.83451],[-72.95463,-43.85556],[-72.94298,-43.8948],[-72.90929,-43.90406],[-72.91419,-43.91463],[-72.88997,-43.94264],[-72.86988,-43.94037],[-72.86375,-43.93329],[-72.86089,-43.92023],[-72.83028,-43.91801],[-72.81074,-43.91157],[-72.79302,-43.88981],[-72.79559,-43.87678],[-72.80877,-43.86786],[-72.83091,-43.85498],[-72.85074,-43.83692],[-72.8566,-43.81328],[-72.87781,-43.80903],[-72.89246,-43.81566],[-72.911,-43.80521]]]},"properties":{"COD_SHAC":"SHAC-11-1229","SHAC":"Río Palena Desembocadura","REGION":"Aysén del G. Carlos Ibánez del Campo","NOM_ACUIF":"Río Palena","COD_BNA_SH":"1229","COD_REG":"11"}},
{"type":"Feature","geometry":{"type":"Polygon","coordinates":[[[-72.82234,-43.7761],[-72.81694,-43.80584],[-72.79777,-43.81862],[-72.82919,-43.82308],[-72.84617,-43.79313],[-72.85931,-43.78799],[-72.88304,-43.79201],[-72.911,-43.80521],[-72.89246,-43.81566],[-72.87781,-43.80903],[-72.8566,-43.81328],[-72.85074,-43.83692],[-72.83091,-43.85498],[-72.80877,-43.86786],[-72.76446,-43.86164],[-72.7578,-43.87531],[-72.74104,-43.88568],[-72.73223,-43.90043],[-72.71404,-43.89503],[-72.70077,-43.90525],[-72.70274,-43.91466],[-72.68226,-43.91983],[-72.68142,-43.93371],[-72.65282,-43.94053],[-72.63056,-43.9365],[-72.62155,-43.91634],[-72.61161,-43.92037],[-72.59195,-43.91567],[-72.56729,-43.92771],[-72.56295,-43.91383],[-72.5524,-43.90815],[-72.55933,-43.88891],[-72.52599,-43.8904],[-72.50224,-43.88105],[-72.46313,-43.87987],[-72.46526,-43.85831],[-72.47411,-43.84395],[-72.49281,-43.83547],[-72.47073,-43.82402],[-72.47326,-43.80406],[-72.4906,-43.78827],[-72.49235,-43.7884],[-72.49614,-43.79555],[-72.49635,-43.79592],[-72.49688,-43.79625],[-72.4981,-43.79681],[-72.49973,-43.79719],[-72.50053,-43.79719],[-72.50205,-43.79739],[-72.50305,-43.79749],[-72.50402,-43.79725],[-72.50478,-43.79694],[-72.50554,-43.79646],[-72.50623,-43.79618],[-72.5111,-43.79539],[-72.51245,-43.79521],[-72.51627,-43.79457],[-72.51739,-43.79431],[-72.51823,-43.79406],[-72.51884,-43.79382],[-72.51992,-43.7934],[-72.52116,-43.79222],[-72.52137,-43.79134],[-72.52282,-43.78854],[-72.52342,-43.78784],[-72.53142,-43.78381],[-72.53226,-43.78381],[-72.53926,-43.7842],[-72.5402,-43.78429],[-72.54267,-43.78364],[-72.54398,-43.78298],[-72.55403,-43.77831],[-72.55464,-43.77775],[-72.55534,-43.77719],[-72.55665,-43.77672],[-72.56306,-43.7778],[-72.5641,-43.77794],[-72.56679,-43.77793],[-72.56772,-43.77775],[-72.57214,-43.77576],[-72.573,-43.77541],[-72.57487,-43.77429],[-72.57576,-43.7735],[-72.57921,-43.76971],[-72.58085,-43.76906],[-72.58248,-43.76851],[-72.58306,-43.76834],[-72.58361,-43.76798],[-72.58531,-43.76651],[-72.58534,-43.76578],[-72.58655,-43.76368],[-72.58711,-43.76233],[-72.59055,-43.76034],[-72.5915,-43.76016],[-72.59692,-43.76013],[-72.5984,-43.76042],[-72.60113,-43.75999],[-72.60206,-43.75973],[-72.6031,-43.75956],[-72.60604,-43.7588],[-72.6069,-43.75859],[-72.60773,-43.75814],[-72.61301,-43.75551],[-72.61326,-43.75581],[-72.61375,-43.75621],[-72.61447,-43.75649],[-72.6153,-43.75669],[-72.61606,-43.7569],[-72.62224,-43.75721],[-72.62304,-43.75751],[-72.62355,-43.75783],[-72.62404,-43.75821],[-72.62443,-43.7585],[-72.62599,-43.75868],[-72.62678,-43.75859],[-72.63178,-43.75922],[-72.63247,-43.75953],[-72.6334,-43.7596],[-72.6344,-43.75966],[-72.63516,-43.75998],[-72.63782,-43.75991],[-72.63872,-43.7597],[-72.63954,-43.75948],[-72.64017,-43.75946],[-72.64077,-43.75914],[-72.64257,-43.75906],[-72.64332,-43.75906],[-72.64632,-43.75956],[-72.64694,-43.75964],[-72.65086,-43.75963],[-72.65219,-43.7598],[-72.65451,-43.76072],[-72.65423,-43.76152],[-72.6542,-43.76212],[-72.65444,-43.76368],[-72.65477,-43.76509],[-72.65486,-43.76593],[-72.65477,-43.76709],[-72.65421,-43.7684],[-72.6537,-43.76924],[-72.65337,-43.77034],[-72.65358,-43.77066],[-72.65407,-43.77518],[-72.65395,-43.77566],[-72.65406,-43.77604],[-72.65948,-43.77718],[-72.66062,-43.77746],[-72.66229,-43.7777],[-72.66318,-43.7777],[-72.66911,-43.77532],[-72.67061,-43.77527],[-72.68568,-43.77059],[-72.68608,-43.76994],[-72.69192,-43.76565],[-72.6928,-43.76518],[-72.69362,-43.76488],[-72.69458,-43.76464],[-72.69558,-43.76454],[-72.69687,-43.76452],[-72.69751,-43.76461],[-72.69824,-43.76502],[-72.69907,-43.7655],[-72.74761,-43.76915],[-72.74969,-43.76927],[-72.75666,-43.76972],[-72.75746,-43.77031],[-72.75811,-43.77055],[-72.75888,-43.77041],[-72.76164,-43.77062],[-72.76205,-43.77093],[-72.76271,-43.77077],[-72.76295,-43.77039],[-72.76336,-43.76962],[-72.76411,-43.76882],[-72.7656,-43.76541],[-72.76593,-43.76452],[-72.77364,-43.75733],[-72.77387,-43.75683],[-72.7739,-43.75635],[-72.77366,-43.75586],[-72.77328,-43.75562],[-72.77269,-43.75528],[-72.76654,-43.75144],[-72.76641,-43.75079],[-72.76876,-43.75013],[-72.77007,-43.75027],[-72.77131,-43.75013],[-72.77158,-43.75],[-72.77236,-43.74962],[-72.77352,-43.74951],[-72.77418,-43.74975],[-72.77485,-43.75],[-72.77607,-43.74948],[-72.77677,-43.74887],[-72.77761,-43.74845],[-72.77864,-43.7478],[-72.7794,-43.74726],[-72.78043,-43.74667],[-72.78154,-43.74597],[-72.78256,-43.74569],[-72.7835,-43.74569],[-72.78485,-43.74557],[-72.78848,-43.74529],[-72.7891,-43.74509],[-72.78981,-43.74453],[-72.79747,-43.74298],[-72.79812,-43.74298],[-72.79859,-43.74284],[-72.79868,-43.74273],[-72.80418,-43.75563],[-72.82234,-43.7761]]]},"properties":{"COD_SHAC":"SHAC-11-1232","SHAC":"Río Rodriguez","REGION":"Aysén del G. Carlos Ibánez del Campo","NOM_ACUIF":"Río Palena","COD_BNA_SH":"1232","COD_REG":"11"}},
{"type":"Feature","geometry":{"type":"Polygon","coordinates":[[[-72.4469,-44.32692],[-72.45792,-44.32537],[-72.48323,-44.30383],[-72.49507,-44.29877],[-72.50812,-44.31566],[-72.50767,-44.32543],[-72.54493,-44.34187],[-72.56825,-44.34619],[-72.57275,-44.36727],[-72.59455,-44.37659],[-72.60259,-44.3855],[-72.58159,-44.3929],[-72.58969,-44.41334],[-72.59858,-44.46078],[-72.60635,-44.46919],[-72.58174,-44.49075],[-72.58109,-44.50331],[-72.6134,-44.51493],[-72.63398,-44.53034],[-72.64594,-44.5312],[-72.65559,-44.54214],[-72.66186,-44.56504],[-72.67224,-44.57638],[-72.67818,-44.60284],[-72.66461,-44.6246],[-72.68396,-44.62771],[-72.69808,-44.64862],[-72.7171,-44.66299],[-72.71639,-44.68441],[-72.69857,-44.69439],[-72.70003,-44.72162],[-72.68629,-44.72425],[-72.6828,-44.73509],[-72.69771,-44.74569],[-72.66941,-44.75051],[-72.63454,-44.74068],[-72.62273,-44.72924],[-72.62327,-44.71907],[-72.60778,-44.70874],[-72.61159,-44.69538],[-72.60541,-44.68235],[-72.58294,-44.67448],[-72.57835,-44.6585],[-72.55122,-44.66347],[-72.54213,-44.63857],[-72.52086,-44.63549],[-72.51959,-44.62566],[-72.50137,-44.62462],[-72.48435,-44.61193],[-72.45766,-44.61178],[-72.45425,-44.60619],[-72.41981,-44.61843],[-72.40912,-44.60162],[-72.38583,-44.60573],[-72.37997,-44.61447],[-72.35801,-44.61332],[-72.35058,-44.60253],[-72.34133,-44.56434],[-72.32296,-44.55726],[-72.32477,-44.53864],[-72.35847,-44.5272],[-72.36793,-44.51515],[-72.36535,-44.49551],[-72.35337,-44.48371],[-72.37298,-44.45946],[-72.35335,-44.44746],[-72.33444,-44.44932],[-72.33333,-44.43712],[-72.34871,-44.42159],[-72.38122,-44.41166],[-72.40177,-44.4191],[-72.42289,-44.40907],[-72.43845,-44.40996],[-72.44597,-44.40161],[-72.45237,-44.37848],[-72.4436,-44.37615],[-72.43751,-44.35199],[-72.4401,-44.33203],[-72.4469,-44.32692]]]},"properties":{"COD_SHAC":"SHAC-11-1132","SHAC":"Puerto Cisnes","REGION":"Aysén del G. Carlos Ibánez del Campo","NOM_ACUIF":"Costeras Aysén","COD_BNA_SH":"1132","COD_REG":"11"}},
{"type":"Feature","geometry":{"type":"Polygon","coordinates":[[[-72.49874,-45.40546],[-72.4748,-45.38029],[-72.49285,-45.36607],[-72.51227,-45.36932],[-72.52948,-45.37697],[-72.5499,-45.37949],[-72.57512,-45.36914],[-72.59018,-45.36967],[-72.62794,-45.38263],[-72.64127,-45.37497],[-72.66851,-45.36794],[-72.7048,-45.36833],[-72.70609,-45.36817],[-72.73667,-45.38835],[-72.77462,-45.38347],[-72.7899,-45.37606],[-72.79788,-45.39572],[-72.81926,-45.40401],[-72.82008,-45.41324],[-72.79878,-45.43513],[-72.7736,-45.42318],[-72.75506,-45.43374],[-72.74619,-45.44933],[-72.71806,-45.45738],[-72.69668,-45.45725],[-72.67455,-45.44467],[-72.6421,-45.43068],[-72.60311,-45.43176],[-72.60182,-45.41166],[-72.58369,-45.41032],[-72.55693,-45.45438],[-72.54498,-45.44436],[-72.53311,-45.44557],[-72.52184,-45.45787],[-72.50281,-45.46289],[-72.4841,-45.45904],[-72.50134,-45.42898],[-72.48969,-45.42521],[-72.4894,-45.41298],[-72.49874,-45.40546]]]},"properties":{"COD_SHAC":"SHAC-11-1140","SHAC":"Río Aysén","REGION":"Aysén del G. Carlos Ibánez del Campo","NOM_ACUIF":"Río Aysén","COD_BNA_SH":"1140","COD_REG":"11"}},
{"type":"Feature","geometry":{"type":"Polygon","coordinates":[[[-72.79868,-43.74273],[-72.79901,-43.74228],[-72.79312,-43.72812],[-72.79363,-43.72695],[-72.79023,-43.72663],[-72.78727,-43.72667],[-72.7797,-43.70983],[-72.78015,-43.70801],[-72.77409,-43.70322],[-72.77462,-43.70154],[-72.76685,-43.692],[-72.76785,-43.68874],[-72.77247,-43.68299],[-72.77336,-43.68224],[-72.78247,-43.67747],[-72.78359,-43.67747],[-72.7914,-43.67355],[-72.7914,-43.67332],[-72.79168,-43.67269],[-72.792,-43.67247],[-72.78856,-43.66336],[-72.78832,-43.66276],[-72.78822,-43.66187],[-72.78817,-43.66089],[-72.7893,-43.65328],[-72.78952,-43.653],[-72.79003,-43.65281],[-72.79187,-43.64886],[-72.79014,-43.64552],[-72.79031,-43.64516],[-72.79056,-43.64495],[-72.79443,-43.64215],[-72.79509,-43.64164],[-72.79698,-43.64081],[-72.79812,-43.64065],[-72.80116,-43.63986],[-72.802,-43.63935],[-72.80471,-43.63874],[-72.80543,-43.63888],[-72.80617,-43.63864],[-72.81912,-43.64178],[-72.82047,-43.64268],[-72.82164,-43.6503],[-72.82238,-43.6514],[-72.82247,-43.65271],[-72.82247,-43.65355],[-72.82247,-43.65444],[-72.82256,-43.65565],[-72.82264,-43.656],[-72.82471,-43.65682],[-72.82513,-43.6571],[-72.83097,-43.6743],[-72.83139,-43.67486],[-72.83181,-43.67565],[-72.83205,-43.67635],[-72.83205,-43.67701],[-72.83174,-43.67772],[-72.83125,-43.67944],[-72.83191,-43.68051],[-72.83435,-43.68464],[-72.83513,-43.68556],[-72.8367,-43.68822],[-72.83747,-43.68892],[-72.84027,-43.69135],[-72.84069,-43.69168],[-72.84186,-43.69294],[-72.84345,-43.69712],[-72.84269,-43.69732],[-72.84125,-43.69725],[-72.8405,-43.69738],[-72.83919,-43.70054],[-72.83958,-43.70112],[-72.84205,-43.70696],[-72.84237,-43.70766],[-72.84891,-43.72809],[-72.84988,-43.72814],[-72.85068,-43.72823],[-72.85136,-43.72836],[-72.85226,-43.72882],[-72.85209,-43.72943],[-72.85144,-43.73107],[-72.85153,-43.73214],[-72.85163,-43.73289],[-72.852,-43.73373],[-72.85382,-43.73939],[-72.85415,-43.7399],[-72.85681,-43.74102],[-72.85821,-43.74097],[-72.85962,-43.74097],[-72.8606,-43.74088],[-72.86541,-43.7406],[-72.86798,-43.74041],[-72.89616,-43.73612],[-72.89648,-43.73537],[-72.90181,-43.72901],[-72.90326,-43.72911],[-72.90471,-43.72892],[-72.90524,-43.72862],[-72.90564,-43.72684],[-72.90524,-43.72631],[-72.90573,-43.71945],[-72.90606,-43.71859],[-72.90812,-43.71289],[-72.90844,-43.71238],[-72.91181,-43.71224],[-72.91232,-43.71224],[-72.91328,-43.71195],[-72.91424,-43.71135],[-72.91485,-43.71107],[-72.91573,-43.71032],[-72.91737,-43.70878],[-72.91774,-43.70827],[-72.91863,-43.70771],[-72.91942,-43.70724],[-72.91999,-43.70672],[-72.92148,-43.70247],[-72.92115,-43.70187],[-72.92102,-43.70142],[-72.92093,-43.70094],[-72.92111,-43.7006],[-72.92147,-43.70038],[-72.92195,-43.70038],[-72.9226,-43.70061],[-72.92354,-43.70056],[-72.92405,-43.70042],[-72.92471,-43.70034],[-72.92562,-43.69985],[-72.92645,-43.69952],[-72.92762,-43.6993],[-72.92818,-43.69939],[-72.92893,-43.69948],[-72.93316,-43.69761],[-72.93385,-43.69742],[-72.93456,-43.69764],[-72.93504,-43.69756],[-72.93594,-43.69734],[-72.93723,-43.69734],[-72.9392,-43.69778],[-72.94011,-43.69779],[-72.94143,-43.69829],[-72.9452,-43.69885],[-72.94592,-43.6988],[-72.94653,-43.69878],[-72.94769,-43.69878],[-72.94827,-43.69875],[-72.94902,-43.69903],[-72.95144,-43.69918],[-72.95199,-43.69883],[-72.95807,-43.70158],[-72.95755,-43.70336],[-72.95727,-43.7057],[-72.95682,-43.7071],[-72.95709,-43.70813],[-72.95727,-43.70967],[-72.95728,-43.7108],[-72.95853,-43.71232],[-72.95923,-43.71283],[-72.96004,-43.71306],[-72.97157,-43.71635],[-72.97241,-43.71654],[-72.97288,-43.71686],[-72.97535,-43.71661],[-72.97603,-43.71591],[-72.97648,-43.71528],[-72.97708,-43.71462],[-72.97755,-43.71425],[-72.97827,-43.71393],[-72.97888,-43.71382],[-72.99372,-43.7149],[-72.99442,-43.71542],[-72.99489,-43.71602],[-72.99848,-43.71827],[-72.99951,-43.71831],[-73.00325,-43.71897],[-73.00381,-43.7192],[-73.00535,-43.71883],[-73.00568,-43.71855],[-73.01521,-43.72121],[-73.01605,-43.72182],[-73.01661,-43.722],[-73.01772,-43.72217],[-73.01872,-43.72178],[-73.02007,-43.72084],[-73.02063,-43.72028],[-73.03818,-43.73565],[-73.03888,-43.73581],[-73.04003,-43.73577],[-73.04114,-43.73549],[-73.04801,-43.73807],[-72.99275,-43.74722],[-72.9727,-43.74693],[-72.93868,-43.75596],[-72.92882,-43.76935],[-72.89488,-43.76425],[-72.87714,-43.77498],[-72.86603,-43.76753],[-72.83799,-43.77034],[-72.83176,-43.74166],[-72.83266,-43.7233],[-72.82279,-43.70282],[-72.81346,-43.69652],[-72.82107,-43.74483],[-72.8316,-43.76386],[-72.82234,-43.7761],[-72.80418,-43.75563],[-72.79868,-43.74273]]]},"properties":{"COD_SHAC":"SHAC-11-1225","SHAC":"Estero Pitipalena","REGION":"Aysén del G. Carlos Ibánez del Campo","NOM_ACUIF":"Río Palena","COD_BNA_SH":"1225","COD_REG":"11"}},
{"type":"Feature","geometry":{"type":"Polygon","coordinates":[[[-72.49507,-44.29877],[-72.52256,-44.30239],[-72.56919,-44.27165],[-72.59149,-44.27936],[-72.58759,-44.29267],[-72.59759,-44.29983],[-72.59357,-44.32323],[-72.59571,-44.33759],[-72.56825,-44.34619],[-72.54493,-44.34187],[-72.50767,-44.32543],[-72.50812,-44.31566],[-72.49507,-44.29877]]]},"properties":{"COD_SHAC":"SHAC-11-1133","SHAC":"Puyuguapi","REGION":"Aysén del G. Carlos Ibánez del Campo","NOM_ACUIF":"Costeras Aysén","COD_BNA_SH":"1133","COD_REG":"11"}},
{"type":"Feature","geometry":{"type":"Polygon","coordinates":[[[-72.86375,-43.93329],[-72.86988,-43.94037],[-72.88997,-43.94264],[-72.91419,-43.91463],[-72.90929,-43.90406],[-72.94298,-43.8948],[-72.95463,-43.85556],[-72.98696,-43.83451],[-72.98962,-43.81683],[-73.00215,-43.82617],[-72.99833,-43.83729],[-73.00593,-43.84629],[-73.01182,-43.86792],[-72.99481,-43.88291],[-73.00321,-43.90384],[-72.94525,-43.94087],[-72.93281,-43.95737],[-72.90751,-43.96744],[-72.9076,-43.97956],[-72.88737,-43.99345],[-72.88584,-44.00408],[-72.87371,-44.01238],[-72.86778,-44.0255],[-72.87015,-44.03861],[-72.85592,-44.05813],[-72.84291,-44.04377],[-72.83792,-44.0232],[-72.8408,-44.00786],[-72.83283,-43.99426],[-72.85038,-43.99326],[-72.84911,-43.97856],[-72.82163,-43.9762],[-72.81854,-43.96836],[-72.83469,-43.96041],[-72.82842,-43.95141],[-72.84726,-43.93778],[-72.86375,-43.93329]]]},"properties":{"COD_SHAC":"SHAC-11-1134","SHAC":"Río Añihué","REGION":"Aysén del G. Carlos Ibánez del Campo","NOM_ACUIF":"Costeras Aysén","COD_BNA_SH":"1134","COD_REG":"11"}},
{"type":"Feature","geometry":{"type":"Polygon","coordinates":[[[-72.71806,-45.45738],[-72.74619,-45.44933],[-72.75506,-45.43374],[-72.7736,-45.42318],[-72.79878,-45.43513],[-72.82518,-45.44738],[-72.82769,-45.45974],[-72.81712,-45.47045],[-72.83623,-45.48446],[-72.80978,-45.50238],[-72.78796,-45.50125],[-72.76374,-45.51422],[-72.75085,-45.5012],[-72.7363,-45.49952],[-72.72909,-45.4811],[-72.73089,-45.46273],[-72.71806,-45.45738]]]},"properties":{"COD_SHAC":"SHAC-11-1131","SHAC":"Puerto Chacabuco","REGION":"Aysén del G. Carlos Ibánez del Campo","NOM_ACUIF":"Costeras Aysén","COD_BNA_SH":"1131","COD_REG":"11"}},
{"type":"Feature","geometry":{"type":"Polygon","coordinates":[[[-72.40139,-51.13421],[-72.40852,-51.10759],[-72.40297,-51.09203],[-72.37615,-51.08],[-72.37415,-51.02322],[-72.35444,-51.02908],[-72.32899,-51.02585],[-72.30096,-51.03257],[-72.27881,-51.03],[-72.26556,-51.03566],[-72.26691,-50.9639],[-72.2568,-50.9238],[-72.24708,-50.89706],[-72.24882,-50.87919],[-72.26427,-50.86802],[-72.26804,-50.85465],[-72.25962,-50.83689],[-72.26857,-50.83099],[-72.29627,-50.79047],[-72.34877,-50.75493],[-72.34698,-50.72987],[-72.33674,-50.71887],[-72.31946,-50.71666],[-72.30225,-50.7022],[-72.29744,-50.68095],[-72.28561,-50.6599],[-72.29862,-50.65199],[-72.33785,-50.64939],[-72.34607,-50.62476],[-72.36083,-50.61705],[-72.40451,-50.63691],[-72.41452,-50.62124],[-72.42569,-50.61684],[-72.4532,-50.61794],[-72.48104,-50.60185],[-72.49322,-50.60127],[-72.50343,-50.61322],[-72.54724,-50.6222],[-72.55244,-50.63544],[-72.57429,-50.64734],[-72.58168,-50.66408],[-72.57691,-50.67731],[-72.59577,-50.68178],[-72.61464,-50.67382],[-72.62551,-50.65809],[-72.64403,-50.65474],[-72.65356,-50.66331],[-72.66991,-50.65813],[-72.68114,-50.64259],[-72.69265,-50.64909],[-72.71317,-50.6341],[-72.72665,-50.61768],[-72.73997,-50.62656],[-72.77023,-50.62876],[-72.80073,-50.63822],[-72.8338,-50.65315],[-72.84649,-50.65161],[-72.87557,-50.66969],[-72.89268,-50.6709],[-72.90483,-50.69504],[-72.93377,-50.70311],[-72.9538,-50.74167],[-72.96624,-50.77819],[-72.95521,-50.78553],[-72.93415,-50.78164],[-72.90525,-50.78968],[-72.88702,-50.78319],[-72.87926,-50.79348],[-72.84514,-50.80404],[-72.86563,-50.82692],[-72.84905,-50.83094],[-72.85208,-50.84135],[-72.80036,-50.85339],[-72.75879,-50.85481],[-72.72463,-50.86786],[-72.7386,-50.88112],[-72.79242,-50.90988],[-72.78525,-50.92375],[-72.74081,-50.93435],[-72.72789,-50.94697],[-72.73231,-50.96105],[-72.70512,-50.96361],[-72.69961,-50.97396],[-72.68195,-50.97371],[-72.62369,-50.98308],[-72.59742,-50.99416],[-72.58083,-51.01371],[-72.57838,-51.03305],[-72.5263,-51.05234],[-72.51201,-51.07274],[-72.48551,-51.08173],[-72.48363,-51.10194],[-72.42328,-51.13207],[-72.40139,-51.13421]]]},"properties":{"COD_SHAC":"SHAC-12-1286","SHAC":"Río de Las Chinas","REGION":"Magallanes y de la Antártica Chilena","NOM_ACUIF":"Río Serrano","COD_BNA_SH":"1286","COD_REG":"12"}},
{"type":"Feature","geometry":{"type":"Polygon","coordinates":[[[-72.07644,-51.77304],[-72.10237,-51.79075],[-72.12234,-51.81434],[-72.13258,-51.83459],[-72.15354,-51.8465],[-72.17376,-51.83463],[-72.18511,-51.78861],[-72.24806,-51.7908],[-72.28758,-51.77922],[-72.29603,-51.75095],[-72.31362,-51.75213],[-72.33756,-51.76381],[-72.3399,-51.78486],[-72.37307,-51.78205],[-72.39937,-51.795],[-72.44799,-51.7983],[-72.4706,-51.81574],[-72.47976,-51.83106],[-72.46757,-51.85541],[-72.44017,-51.87707],[-72.43615,-51.89208],[-72.45386,-51.9064],[-72.45785,-51.91396],[-72.44077,-51.91781],[-72.42231,-51.94496],[-72.38441,-51.98194],[-72.38113,-52.00132],[-72.3721,-52.01239],[-72.37858,-52.04004],[-72.37355,-52.05821],[-72.3903,-52.08938],[-72.37218,-52.10518],[-72.33141,-52.09198],[-72.31801,-52.08178],[-72.28218,-52.07958],[-72.26708,-52.09871],[-72.24263,-52.09477],[-72.20527,-52.07929],[-72.16747,-52.09192],[-72.14563,-52.08437],[-72.1035,-52.0889],[-72.07975,-52.0794],[-72.08239,-52.05852],[-72.07338,-52.04939],[-72.0114,-52.03504],[-71.97443,-52.02171],[-71.94912,-52.01891],[-71.9226,-51.99987],[-71.94866,-51.99008],[-71.96536,-51.97213],[-71.99316,-51.97917],[-72.01018,-51.97738],[-72.0336,-51.96024],[-71.98747,-51.94048],[-71.96026,-51.92603],[-71.93859,-51.90841],[-71.94145,-51.88489],[-71.94805,-51.87401],[-71.9669,-51.86509],[-72.00249,-51.82837],[-72.02554,-51.80898],[-72.06451,-51.78463],[-72.07644,-51.77304]]]},"properties":{"COD_SHAC":"SHAC-12-1247","SHAC":"Río Hollenberg Lago Balmaceda","REGION":"Magallanes y de la Antártica Chilena","NOM_ACUIF":"Costeras Bahía Desengaño-Seno Otway","COD_BNA_SH":"1247","COD_REG":"12"}},
{"type":"Feature","geometry":{"type":"Polygon","coordinates":[[[-69.23049,-52.15037],[-69.48656,-52.15163],[-69.5445,-52.13454],[-69.53471,-52.14294],[-69.53736,-52.1737],[-69.54795,-52.19074],[-69.56422,-52.20457],[-69.61458,-52.22008],[-69.61927,-52.23059],[-69.64055,-52.24041],[-69.65998,-52.26407],[-69.71026,-52.27378],[-69.74249,-52.29674],[-69.77904,-52.30241],[-69.79741,-52.31223],[-69.83456,-52.30951],[-69.89638,-52.32633],[-69.90215,-52.33514],[-69.92234,-52.34269],[-69.94333,-52.34352],[-69.96399,-52.35035],[-69.9919,-52.36839],[-70.02538,-52.38451],[-70.05854,-52.41234],[-70.07389,-52.41406],[-70.09235,-52.42904],[-70.02335,-52.42367],[-70.00655,-52.43236],[-69.98045,-52.42588],[-69.95264,-52.43296],[-69.93047,-52.43299],[-69.89328,-52.41941],[-69.80099,-52.42777],[-69.78354,-52.44491],[-69.78015,-52.46025],[-69.73829,-52.46174],[-69.70407,-52.45843],[-69.66323,-52.44345],[-69.6033,-52.43332],[-69.56926,-52.43994],[-69.5744,-52.42931],[-69.55717,-52.40532],[-69.51464,-52.38958],[-69.48394,-52.38784],[-69.48699,-52.36036],[-69.47997,-52.29663],[-69.45782,-52.26672],[-69.43951,-52.25698],[-69.37277,-52.24626],[-69.34643,-52.2474],[-69.31465,-52.23126],[-69.27719,-52.21638],[-69.21527,-52.19661],[-69.23927,-52.16965],[-69.23049,-52.15037]]]},"properties":{"COD_SHAC":"SHAC-12-1265","SHAC":"Chorrillo Kimiri Aike","REGION":"Magallanes y de la Antártica Chilena","NOM_ACUIF":"Magallanes","COD_BNA_SH":"1265","COD_REG":"12"}},
{"type":"Feature","geometry":{"type":"Polygon","coordinates":[[[-69.56926,-52.43994],[-69.6033,-52.43332],[-69.66323,-52.44345],[-69.70407,-52.45843],[-69.73829,-52.46174],[-69.78015,-52.46025],[-69.78354,-52.44491],[-69.80099,-52.42777],[-69.89328,-52.41941],[-69.93047,-52.43299],[-69.95264,-52.43296],[-69.98045,-52.42588],[-70.00655,-52.43236],[-70.02335,-52.42367],[-70.09235,-52.42904],[-70.10808,-52.43954],[-70.12652,-52.44272],[-70.1554,-52.46031],[-70.15953,-52.47521],[-70.1764,-52.48462],[-70.18143,-52.49743],[-70.23393,-52.53543],[-70.32884,-52.56049],[-70.37142,-52.56635],[-70.38928,-52.58202],[-70.35934,-52.58466],[-70.32378,-52.59424],[-70.29149,-52.59631],[-70.26006,-52.59408],[-70.22985,-52.59633],[-70.18406,-52.60492],[-70.16526,-52.58927],[-70.13238,-52.57982],[-70.10188,-52.57757],[-70.04639,-52.56144],[-70.02275,-52.55924],[-69.98356,-52.53992],[-69.91947,-52.52198],[-69.87573,-52.4945],[-69.84094,-52.48878],[-69.80493,-52.51299],[-69.77613,-52.52741],[-69.75521,-52.52793],[-69.70407,-52.54408],[-69.67063,-52.53836],[-69.63413,-52.50879],[-69.57796,-52.47381],[-69.54385,-52.456],[-69.54342,-52.44755],[-69.56926,-52.43994]]]},"properties":{"COD_SHAC":"SHAC-12-1264","SHAC":"Asentamiento Bernardo O`higgins","REGION":"Magallanes y de la Antártica Chilena","NOM_ACUIF":"Magallanes","COD_BNA_SH":"1264","COD_REG":"12"}},
{"type":"Feature","geometry":{"type":"Polygon","coordinates":[[[-70.32884,-52.56049],[-70.34029,-52.54626],[-70.32229,-52.52853],[-70.31988,-52.51869],[-70.33386,-52.51225],[-70.32727,-52.48186],[-70.33386,-52.46295],[-70.33331,-52.43296],[-70.31551,-52.41769],[-70.33196,-52.41294],[-70.34593,-52.37072],[-70.36655,-52.35574],[-70.3874,-52.34936],[-70.38629,-52.33701],[-70.40282,-52.32785],[-70.43777,-52.32044],[-70.47005,-52.32358],[-70.50671,-52.34444],[-70.5564,-52.35997],[-70.58655,-52.37351],[-70.61215,-52.37733],[-70.63202,-52.3746],[-70.64582,-52.37976],[-70.67379,-52.371],[-70.67847,-52.36094],[-70.70693,-52.3735],[-70.71915,-52.35686],[-70.76821,-52.37117],[-70.78569,-52.38062],[-70.80396,-52.40147],[-70.83328,-52.40311],[-70.83788,-52.41655],[-70.85249,-52.41613],[-70.85983,-52.42782],[-70.88919,-52.42116],[-70.91211,-52.42381],[-70.94571,-52.44451],[-70.94896,-52.45353],[-70.99807,-52.47783],[-71.00608,-52.48584],[-70.9834,-52.49018],[-70.96893,-52.48031],[-70.94473,-52.48636],[-70.92257,-52.485],[-70.8371,-52.5164],[-70.80091,-52.50154],[-70.80023,-52.49251],[-70.76837,-52.48431],[-70.75179,-52.4886],[-70.75663,-52.51432],[-70.72899,-52.53231],[-70.65552,-52.5484],[-70.59438,-52.55185],[-70.54777,-52.56377],[-70.49316,-52.5696],[-70.47887,-52.57646],[-70.42325,-52.58579],[-70.43693,-52.59397],[-70.37698,-52.61005],[-70.3812,-52.62761],[-70.3669,-52.62996],[-70.34542,-52.65973],[-70.32012,-52.64115],[-70.27523,-52.63577],[-70.23642,-52.64216],[-70.21526,-52.6524],[-70.19368,-52.61522],[-70.18406,-52.60492],[-70.22985,-52.59633],[-70.26006,-52.59408],[-70.29149,-52.59631],[-70.32378,-52.59424],[-70.35934,-52.58466],[-70.38928,-52.58202],[-70.37142,-52.56635],[-70.32884,-52.56049]]]},"properties":{"COD_SHAC":"SHAC-12-1275","SHAC":"Río Santa Susana","REGION":"Magallanes y de la Antártica Chilena","NOM_ACUIF":"Magallanes","COD_BNA_SH":"1275","COD_REG":"12"}},
{"type":"Feature","geometry":{"type":"Polygon","coordinates":[[[-70.94571,-52.44451],[-70.95842,-52.44828],[-70.98086,-52.44238],[-70.98084,-52.40907],[-70.97063,-52.38799],[-70.96332,-52.35651],[-70.96413,-52.33975],[-70.98209,-52.32442],[-70.98812,-52.30642],[-70.98607,-52.28838],[-71.02724,-52.2519],[-71.06098,-52.23723],[-71.09931,-52.22837],[-71.11812,-52.23279],[-71.1146,-52.24998],[-71.19384,-52.27745],[-71.20927,-52.29309],[-71.22598,-52.28772],[-71.24177,-52.25819],[-71.25228,-52.25516],[-71.271,-52.27056],[-71.29332,-52.28082],[-71.30527,-52.29596],[-71.29366,-52.31474],[-71.33087,-52.32839],[-71.35727,-52.32672],[-71.38164,-52.33656],[-71.39483,-52.34923],[-71.44255,-52.36193],[-71.4677,-52.35303],[-71.48389,-52.37573],[-71.52215,-52.37853],[-71.5299,-52.38893],[-71.54797,-52.39482],[-71.57235,-52.41135],[-71.58838,-52.43767],[-71.57815,-52.46623],[-71.53901,-52.47989],[-71.50762,-52.4756],[-71.49978,-52.48192],[-71.42972,-52.46223],[-71.39568,-52.46033],[-71.38129,-52.46771],[-71.34823,-52.46949],[-71.31022,-52.46746],[-71.30558,-52.48964],[-71.28708,-52.50045],[-71.28149,-52.53753],[-71.29051,-52.54927],[-71.31953,-52.56966],[-71.33917,-52.57806],[-71.35018,-52.60161],[-71.34131,-52.6148],[-71.35539,-52.6202],[-71.37192,-52.66105],[-71.34449,-52.66618],[-71.34374,-52.67498],[-71.31348,-52.66878],[-71.29943,-52.65632],[-71.29697,-52.64504],[-71.27937,-52.6326],[-71.25721,-52.63208],[-71.25071,-52.61649],[-71.22628,-52.61572],[-71.2159,-52.60525],[-71.19729,-52.60503],[-71.16174,-52.58779],[-71.11586,-52.59233],[-71.121,-52.58225],[-71.11557,-52.5636],[-71.06717,-52.5538],[-71.0832,-52.5362],[-71.08715,-52.52081],[-71.07834,-52.50612],[-71.05884,-52.50598],[-71.04857,-52.48778],[-71.02399,-52.48192],[-71.00608,-52.48584],[-70.99807,-52.47783],[-70.94896,-52.45353],[-70.94571,-52.44451]]]},"properties":{"COD_SHAC":"SHAC-12-1267","SHAC":"Laguna Blanca","REGION":"Magallanes y de la Antártica Chilena","NOM_ACUIF":"Magallanes","COD_BNA_SH":"1267","COD_REG":"12"}},
{"type":"Feature","geometry":{"type":"Polygon","coordinates":[[[-71.29083,-53.3245],[-71.29713,-53.34754],[-71.288,-53.36974],[-71.32209,-53.36973],[-71.33761,-53.36112],[-71.37795,-53.31629],[-71.43357,-53.3213],[-71.48142,-53.31373],[-71.46722,-53.34321],[-71.47281,-53.3621],[-71.4448,-53.38602],[-71.4633,-53.41293],[-71.52849,-53.42552],[-71.52092,-53.4421],[-71.50408,-53.44682],[-71.51387,-53.46386],[-71.49382,-53.47537],[-71.48089,-53.51367],[-71.4603,-53.52776],[-71.47039,-53.54183],[-71.46538,-53.5645],[-71.4878,-53.57292],[-71.49723,-53.59398],[-71.53,-53.59753],[-71.53131,-53.61115],[-71.50743,-53.62728],[-71.48864,-53.61434],[-71.46885,-53.61217],[-71.44772,-53.62142],[-71.44843,-53.63571],[-71.41306,-53.65773],[-71.40509,-53.67281],[-71.37046,-53.69365],[-71.32477,-53.70791],[-71.32543,-53.71993],[-71.31352,-53.73229],[-71.32685,-53.7542],[-71.34871,-53.75511],[-71.35239,-53.76593],[-71.32643,-53.77152],[-71.31213,-53.78164],[-71.29522,-53.7735],[-71.26429,-53.7718],[-71.2489,-53.78137],[-71.23157,-53.80143],[-71.21273,-53.8064],[-71.17644,-53.83364],[-71.15844,-53.84006],[-71.11748,-53.83507],[-71.10607,-53.82999],[-71.0788,-53.83365],[-71.06623,-53.82008],[-71.0341,-53.80326],[-71.00096,-53.79685],[-70.97338,-53.78177],[-70.98012,-53.76762],[-70.9671,-53.7537],[-70.97116,-53.73567],[-70.96558,-53.72023],[-70.97422,-53.68109],[-70.97056,-53.67071],[-70.94567,-53.66027],[-70.94055,-53.65101],[-70.95279,-53.62352],[-70.97227,-53.62202],[-70.9797,-53.60389],[-71.01597,-53.56803],[-71.00754,-53.55718],[-71.01811,-53.53692],[-71.03131,-53.53566],[-71.05343,-53.52091],[-71.06749,-53.52403],[-71.1011,-53.48717],[-71.13348,-53.47285],[-71.11899,-53.45823],[-71.15254,-53.44778],[-71.16975,-53.43193],[-71.20896,-53.43522],[-71.23748,-53.42057],[-71.2348,-53.40248],[-71.21174,-53.39268],[-71.23303,-53.38127],[-71.25804,-53.34923],[-71.26745,-53.3249],[-71.29083,-53.3245]]]},"properties":{"COD_SHAC":"SHAC-12-1274","SHAC":"Río San Juan","REGION":"Magallanes y de la Antártica Chilena","NOM_ACUIF":"Magallanes","COD_BNA_SH":"1274","COD_REG":"12"}},
{"type":"Feature","geometry":{"type":"Polygon","coordinates":[[[-71.53,-53.59753],[-71.55323,-53.58852],[-71.5585,-53.6073],[-71.57506,-53.60905],[-71.59655,-53.60084],[-71.61766,-53.61882],[-71.64692,-53.62548],[-71.65356,-53.63926],[-71.64242,-53.65403],[-71.68134,-53.67058],[-71.69843,-53.66564],[-71.70799,-53.65137],[-71.74579,-53.635],[-71.77317,-53.63503],[-71.77183,-53.62053],[-71.79502,-53.61602],[-71.82727,-53.60429],[-71.83234,-53.59775],[-71.85987,-53.60544],[-71.87542,-53.59694],[-71.89528,-53.60194],[-71.90117,-53.61132],[-71.93976,-53.61069],[-71.94798,-53.61939],[-71.97674,-53.63072],[-71.98353,-53.64631],[-72.00279,-53.63897],[-72.02902,-53.63927],[-72.05564,-53.62744],[-72.09399,-53.62656],[-72.10983,-53.60841],[-72.09196,-53.60036],[-72.13089,-53.58614],[-72.15635,-53.60221],[-72.21213,-53.59775],[-72.21066,-53.58217],[-72.23212,-53.57611],[-72.2289,-53.55775],[-72.2448,-53.54674],[-72.21192,-53.53338],[-72.17538,-53.54225],[-72.14869,-53.53839],[-72.12325,-53.52632],[-72.09619,-53.51884],[-72.07047,-53.50002],[-72.04151,-53.49064],[-72.03748,-53.47777],[-72.09606,-53.47043],[-72.13619,-53.48143],[-72.14768,-53.47936],[-72.16795,-53.45938],[-72.18624,-53.46214],[-72.20334,-53.48333],[-72.23786,-53.49409],[-72.24619,-53.48535],[-72.27808,-53.47426],[-72.27338,-53.46101],[-72.2871,-53.44516],[-72.32865,-53.43917],[-72.34024,-53.44438],[-72.36448,-53.43092],[-72.38104,-53.43282],[-72.39426,-53.42106],[-72.38552,-53.39537],[-72.42205,-53.37248],[-72.44917,-53.37675],[-72.47767,-53.39397],[-72.46865,-53.42389],[-72.45313,-53.4237],[-72.45558,-53.44262],[-72.42766,-53.46948],[-72.42701,-53.47762],[-72.39738,-53.50429],[-72.37108,-53.50112],[-72.36275,-53.51828],[-72.34516,-53.53395],[-72.34948,-53.54544],[-72.32403,-53.5537],[-72.30021,-53.57522],[-72.28064,-53.57863],[-72.24581,-53.5967],[-72.23158,-53.60876],[-72.19553,-53.62037],[-72.19956,-53.63195],[-72.14793,-53.66751],[-72.11005,-53.68369],[-72.06622,-53.69159],[-72.03508,-53.70569],[-72.00192,-53.69266],[-71.98493,-53.70389],[-71.94272,-53.71964],[-71.93708,-53.70348],[-71.92004,-53.70072],[-71.88225,-53.73355],[-71.84357,-53.74987],[-71.8195,-53.75171],[-71.76039,-53.76552],[-71.75931,-53.77337],[-71.72561,-53.79076],[-71.66626,-53.80745],[-71.64221,-53.8116],[-71.58405,-53.81154],[-71.50032,-53.83216],[-71.47164,-53.84405],[-71.44532,-53.84346],[-71.43339,-53.85033],[-71.41007,-53.85076],[-71.3909,-53.86272],[-71.31792,-53.88787],[-71.30564,-53.89523],[-71.24539,-53.88927],[-71.22476,-53.87951],[-71.20211,-53.87507],[-71.1339,-53.85158],[-71.11828,-53.84903],[-71.11748,-53.83507],[-71.15844,-53.84006],[-71.17644,-53.83364],[-71.21273,-53.8064],[-71.23157,-53.80143],[-71.2489,-53.78137],[-71.26429,-53.7718],[-71.29522,-53.7735],[-71.31213,-53.78164],[-71.32643,-53.77152],[-71.35239,-53.76593],[-71.34871,-53.75511],[-71.32685,-53.7542],[-71.31352,-53.73229],[-71.32543,-53.71993],[-71.32477,-53.70791],[-71.37046,-53.69365],[-71.40509,-53.67281],[-71.41306,-53.65773],[-71.44843,-53.63571],[-71.44772,-53.62142],[-71.46885,-53.61217],[-71.48864,-53.61434],[-71.50743,-53.62728],[-71.53131,-53.61115],[-71.53,-53.59753]]]},"properties":{"COD_SHAC":"SHAC-12-1273","SHAC":"Río San Bernabe","REGION":"Magallanes y de la Antártica Chilena","NOM_ACUIF":"Magallanes","COD_BNA_SH":"1273","COD_REG":"12"}},
{"type":"Feature","geometry":{"type":"Polygon","coordinates":[[[-68.98936,-52.65609],[-69.02763,-52.66356],[-69.07483,-52.69078],[-69.12059,-52.69956],[-69.15097,-52.69408],[-69.19816,-52.67561],[-69.21606,-52.65858],[-69.23905,-52.66622],[-69.2459,-52.71435],[-69.25345,-52.71966],[-69.29482,-52.72071],[-69.33852,-52.73924],[-69.34714,-52.76015],[-69.35724,-52.7648],[-69.36387,-52.79473],[-69.354,-52.81188],[-69.38603,-52.82592],[-69.42432,-52.83003],[-69.447,-52.83982],[-69.4428,-52.86307],[-69.46522,-52.86527],[-69.51403,-52.88433],[-69.52102,-52.89462],[-69.57393,-52.90018],[-69.57854,-52.91001],[-69.62425,-52.94098],[-69.63639,-52.94029],[-69.61106,-52.9555],[-69.59345,-52.95931],[-69.55732,-52.97596],[-69.53973,-52.99475],[-69.48583,-53.0079],[-69.47936,-53.01885],[-69.49054,-53.03618],[-69.52001,-53.04367],[-69.5264,-53.05419],[-69.54945,-53.06309],[-69.5554,-53.08496],[-69.58433,-53.10507],[-69.60922,-53.1116],[-69.61626,-53.12594],[-69.63544,-53.14341],[-69.63431,-53.15429],[-69.6534,-53.16987],[-69.66978,-53.19229],[-69.64907,-53.20179],[-69.61947,-53.19219],[-69.57904,-53.17249],[-69.49586,-53.15695],[-69.47548,-53.13912],[-69.43242,-53.12894],[-69.41687,-53.11515],[-69.40244,-53.11927],[-69.36823,-53.11275],[-69.32578,-53.09831],[-69.30399,-53.10165],[-69.28252,-53.09892],[-69.28534,-53.08114],[-69.2734,-53.06594],[-69.23866,-53.0687],[-69.21289,-53.06263],[-69.18466,-53.07357],[-69.15979,-53.06225],[-69.13614,-53.06448],[-69.11361,-53.05755],[-69.10184,-53.04478],[-69.11854,-53.03442],[-69.09231,-52.99295],[-69.09149,-52.97917],[-69.1055,-52.96849],[-69.10335,-52.95191],[-69.08857,-52.94798],[-69.06878,-52.93154],[-69.02811,-52.92194],[-68.97251,-52.89551],[-68.95491,-52.86584],[-68.93654,-52.85679],[-68.9312,-52.84033],[-68.93278,-52.81205],[-68.95249,-52.79826],[-68.97449,-52.79479],[-68.98118,-52.77938],[-68.93836,-52.78071],[-68.93346,-52.76622],[-68.94973,-52.73797],[-68.95468,-52.71714],[-68.97373,-52.70573],[-68.97421,-52.69103],[-68.95895,-52.67775],[-68.98936,-52.65609]]]},"properties":{"COD_SHAC":"SHAC-12-1307","SHAC":"Ríos Side y Pantanos","REGION":"Magallanes y de la Antártica Chilena","NOM_ACUIF":"Tierra del Fuego","COD_BNA_SH":"1307","COD_REG":"12"}},
{"type":"Feature","geometry":{"type":"Polygon","coordinates":[[[-68.60651,-53.01333],[-68.68713,-53.01261],[-68.73845,-53.00582],[-68.7404,-52.99574],[-68.80662,-52.99377],[-68.82955,-52.98846],[-68.87735,-52.98531],[-68.96209,-52.98976],[-69.00875,-53.00358],[-69.03355,-53.01771],[-69.10184,-53.04478],[-69.11361,-53.05755],[-69.13614,-53.06448],[-69.15979,-53.06225],[-69.18466,-53.07357],[-69.21289,-53.06263],[-69.23866,-53.0687],[-69.2734,-53.06594],[-69.28534,-53.08114],[-69.28252,-53.09892],[-69.30399,-53.10165],[-69.32578,-53.09831],[-69.36823,-53.11275],[-69.40244,-53.11927],[-69.41687,-53.11515],[-69.43242,-53.12894],[-69.47548,-53.13912],[-69.49586,-53.15695],[-69.57904,-53.17249],[-69.61947,-53.19219],[-69.64907,-53.20179],[-69.65566,-53.21731],[-69.68368,-53.22579],[-69.73796,-53.25679],[-69.78506,-53.28772],[-69.79557,-53.29413],[-69.76313,-53.29454],[-69.70838,-53.26652],[-69.63177,-53.24286],[-69.58346,-53.26427],[-69.55977,-53.26048],[-69.55622,-53.27235],[-69.50629,-53.27296],[-69.4929,-53.26458],[-69.44591,-53.26598],[-69.38978,-53.25592],[-69.3541,-53.25737],[-69.30539,-53.25002],[-69.28097,-53.24142],[-69.2517,-53.23906],[-69.21984,-53.24494],[-69.21949,-53.25878],[-69.23902,-53.266],[-69.23733,-53.28094],[-69.24546,-53.30176],[-69.2394,-53.32506],[-69.24437,-53.34671],[-69.23851,-53.35229],[-69.20109,-53.3525],[-69.1737,-53.34284],[-69.15144,-53.34268],[-69.13551,-53.32919],[-69.11928,-53.32426],[-69.09959,-53.32789],[-69.05761,-53.30718],[-69.04237,-53.31708],[-69.03825,-53.3285],[-69.01851,-53.33979],[-69.02657,-53.36156],[-69.06128,-53.38876],[-69.07245,-53.40683],[-69.08721,-53.41844],[-69.08974,-53.44877],[-69.07716,-53.45487],[-69.10193,-53.48019],[-69.07974,-53.49964],[-69.08495,-53.51106],[-69.10131,-53.51152],[-69.11491,-53.52435],[-69.1186,-53.53976],[-69.09778,-53.5403],[-69.08917,-53.52913],[-69.03866,-53.51033],[-69.01301,-53.50437],[-69.01723,-53.49136],[-69.00718,-53.47958],[-68.95874,-53.48008],[-68.93343,-53.44938],[-68.88586,-53.43365],[-68.84471,-53.41505],[-68.84179,-53.40719],[-68.75879,-53.39587],[-68.73569,-53.4071],[-68.70703,-53.38312],[-68.68271,-53.37921],[-68.60644,-53.37946],[-68.60639,-53.26306],[-68.60651,-53.01333]]]},"properties":{"COD_SHAC":"SHAC-12-1302","SHAC":"Río San Martín","REGION":"Magallanes y de la Antártica Chilena","NOM_ACUIF":"Tierra del Fuego","COD_BNA_SH":"1302","COD_REG":"12"}},
{"type":"Feature","geometry":{"type":"Polygon","coordinates":[[[-69.23902,-53.266],[-69.21949,-53.25878],[-69.21984,-53.24494],[-69.2517,-53.23906],[-69.28097,-53.24142],[-69.30539,-53.25002],[-69.3541,-53.25737],[-69.38978,-53.25592],[-69.44591,-53.26598],[-69.4929,-53.26458],[-69.50629,-53.27296],[-69.55622,-53.27235],[-69.55977,-53.26048],[-69.58346,-53.26427],[-69.63177,-53.24286],[-69.70838,-53.26652],[-69.76313,-53.29454],[-69.79557,-53.29413],[-69.80448,-53.3017],[-69.83543,-53.31073],[-69.84706,-53.32089],[-69.88325,-53.31211],[-69.90306,-53.31243],[-69.90303,-53.2989],[-69.92175,-53.30179],[-69.96295,-53.33634],[-69.96907,-53.34908],[-69.95782,-53.35319],[-69.93032,-53.38986],[-69.8761,-53.3782],[-69.78874,-53.377],[-69.73935,-53.37272],[-69.69954,-53.36201],[-69.66619,-53.36156],[-69.64624,-53.35583],[-69.60898,-53.35418],[-69.57186,-53.34694],[-69.56138,-53.3533],[-69.52732,-53.35102],[-69.50757,-53.36072],[-69.47562,-53.36069],[-69.43225,-53.35204],[-69.40946,-53.36278],[-69.36891,-53.35851],[-69.35763,-53.34268],[-69.34242,-53.30432],[-69.33164,-53.29733],[-69.30475,-53.29265],[-69.30687,-53.27504],[-69.28062,-53.26488],[-69.25442,-53.2622],[-69.23902,-53.266]]]},"properties":{"COD_SHAC":"SHAC-12-1297","SHAC":"Río Nuevo","REGION":"Magallanes y de la Antártica Chilena","NOM_ACUIF":"Tierra del Fuego","COD_BNA_SH":"1297","COD_REG":"12"}},
{"type":"Feature","geometry":{"type":"Polygon","coordinates":[[[-69.21878,-53.59442],[-69.26121,-53.61718],[-69.29405,-53.62974],[-69.30545,-53.62172],[-69.33963,-53.62277],[-69.3686,-53.63075],[-69.38618,-53.62731],[-69.40512,-53.65281],[-69.42187,-53.65849],[-69.44526,-53.687],[-69.4839,-53.70382],[-69.52115,-53.73301],[-69.51607,-53.76797],[-69.56304,-53.76818],[-69.62436,-53.77787],[-69.64226,-53.76736],[-69.69099,-53.77208],[-69.72734,-53.79826],[-69.76856,-53.8146],[-69.76732,-53.82588],[-69.78497,-53.84089],[-69.78835,-53.85386],[-69.81681,-53.86537],[-69.83909,-53.88091],[-69.85881,-53.90123],[-69.85597,-53.92377],[-69.84484,-53.93359],[-69.81358,-53.93954],[-69.81853,-53.9146],[-69.79437,-53.90964],[-69.76435,-53.88674],[-69.75715,-53.86902],[-69.73788,-53.85836],[-69.70639,-53.85848],[-69.68569,-53.86966],[-69.68414,-53.87837],[-69.71283,-53.91107],[-69.74031,-53.95249],[-69.71825,-53.97378],[-69.6898,-53.95882],[-69.65874,-53.96064],[-69.64046,-53.97189],[-69.61551,-53.99418],[-69.56967,-54.00712],[-69.56236,-54.0177],[-69.56216,-54.04275],[-69.55374,-54.04736],[-69.57374,-54.0731],[-69.58561,-54.08084],[-69.58503,-54.09803],[-69.57499,-54.10998],[-69.58926,-54.11455],[-69.57919,-54.13132],[-69.52426,-54.14294],[-69.48206,-54.1582],[-69.45975,-54.15965],[-69.45854,-54.16925],[-69.43497,-54.17279],[-69.43622,-54.19313],[-69.41934,-54.18872],[-69.39821,-54.19307],[-69.38242,-54.20319],[-69.38826,-54.21912],[-69.37003,-54.21961],[-69.34381,-54.23005],[-69.33197,-54.24133],[-69.30411,-54.24818],[-69.29196,-54.24575],[-69.25993,-54.25177],[-69.23988,-54.26146],[-69.22366,-54.28508],[-69.23155,-54.29377],[-69.21717,-54.3057],[-69.20272,-54.30353],[-69.19457,-54.28936],[-69.16299,-54.29321],[-69.14061,-54.2813],[-69.12015,-54.28647],[-69.1021,-54.28012],[-69.08358,-54.29223],[-69.04781,-54.28889],[-69.04501,-54.27777],[-69.02212,-54.2805],[-69.0092,-54.29722],[-68.99635,-54.30085],[-68.94187,-54.29361],[-68.91965,-54.30562],[-68.89263,-54.29888],[-68.86408,-54.3126],[-68.84781,-54.32931],[-68.80698,-54.33882],[-68.79096,-54.35785],[-68.80964,-54.37886],[-68.79869,-54.39364],[-68.78119,-54.40351],[-68.76591,-54.42561],[-68.72772,-54.42606],[-68.69914,-54.44252],[-68.67316,-54.43941],[-68.68605,-54.42026],[-68.6815,-54.41048],[-68.6279,-54.41637],[-68.60824,-54.42662],[-68.60801,-54.2393],[-68.62117,-54.22707],[-68.6191,-54.20803],[-68.6356,-54.20265],[-68.61792,-54.18371],[-68.60785,-54.18202],[-68.60714,-53.88969],[-68.6068,-53.6422],[-68.63234,-53.63952],[-68.6591,-53.64248],[-68.70603,-53.63038],[-68.75485,-53.63541],[-68.83411,-53.66493],[-68.85621,-53.66653],[-68.87834,-53.65671],[-68.90397,-53.66559],[-68.91205,-53.67486],[-68.93488,-53.67537],[-68.96037,-53.66061],[-68.99231,-53.67186],[-69.03976,-53.66893],[-69.04132,-53.66173],[-69.0867,-53.64972],[-69.11991,-53.65203],[-69.13291,-53.66357],[-69.13128,-53.67763],[-69.1667,-53.69761],[-69.2087,-53.67989],[-69.19412,-53.64979],[-69.21209,-53.65038],[-69.22423,-53.63344],[-69.21078,-53.619],[-69.20313,-53.59992],[-69.21878,-53.59442]]]},"properties":{"COD_SHAC":"SHAC-12-1295","SHAC":"Río Grande XII","REGION":"Magallanes y de la Antártica Chilena","NOM_ACUIF":"Tierra del Fuego","COD_BNA_SH":"1295","COD_REG":"12"}},
{"type":"Feature","geometry":{"type":"Polygon","coordinates":[[[-69.5445,-52.13454],[-69.65989,-52.10052],[-69.66444,-52.10729],[-69.70654,-52.11487],[-69.67438,-52.15467],[-69.6847,-52.16797],[-69.68752,-52.18923],[-69.65352,-52.19398],[-69.66327,-52.20574],[-69.68248,-52.21185],[-69.68928,-52.22181],[-69.74404,-52.26091],[-69.7604,-52.26848],[-69.76225,-52.28097],[-69.77972,-52.27935],[-69.77904,-52.30241],[-69.74249,-52.29674],[-69.71026,-52.27378],[-69.65998,-52.26407],[-69.64055,-52.24041],[-69.61927,-52.23059],[-69.61458,-52.22008],[-69.56422,-52.20457],[-69.54795,-52.19074],[-69.53736,-52.1737],[-69.53471,-52.14294],[-69.5445,-52.13454]]]},"properties":{"COD_SHAC":"SHAC-12-1277","SHAC":"Cañadón Grande","REGION":"Magallanes y de la Antártica Chilena","NOM_ACUIF":"Río Gallegos","COD_BNA_SH":"1277","COD_REG":"12"}},
{"type":"Feature","geometry":{"type":"Polygon","coordinates":[[[-69.70654,-52.11487],[-69.72351,-52.10722],[-69.70454,-52.0992],[-69.70128,-52.08829],[-69.88939,-52.03241],[-69.90086,-52.04198],[-69.8993,-52.05449],[-69.94433,-52.07857],[-69.95884,-52.09542],[-69.97567,-52.09832],[-69.96005,-52.11925],[-69.97757,-52.14133],[-70.004,-52.14758],[-70.05564,-52.14556],[-70.07899,-52.1516],[-70.11443,-52.16912],[-70.10646,-52.18403],[-70.10935,-52.20554],[-70.09315,-52.21808],[-70.08314,-52.24099],[-70.08654,-52.26839],[-70.08011,-52.287],[-70.08696,-52.29979],[-70.08249,-52.32621],[-70.08621,-52.33853],[-70.11526,-52.37909],[-70.1509,-52.40785],[-70.15967,-52.44638],[-70.18357,-52.46343],[-70.21183,-52.47582],[-70.23191,-52.52155],[-70.23393,-52.53543],[-70.18143,-52.49743],[-70.1764,-52.48462],[-70.15953,-52.47521],[-70.1554,-52.46031],[-70.12652,-52.44272],[-70.10808,-52.43954],[-70.09235,-52.42904],[-70.07389,-52.41406],[-70.05854,-52.41234],[-70.02538,-52.38451],[-69.9919,-52.36839],[-69.96399,-52.35035],[-69.94333,-52.34352],[-69.92234,-52.34269],[-69.90215,-52.33514],[-69.89638,-52.32633],[-69.83456,-52.30951],[-69.79741,-52.31223],[-69.77904,-52.30241],[-69.77972,-52.27935],[-69.76225,-52.28097],[-69.7604,-52.26848],[-69.74404,-52.26091],[-69.68928,-52.22181],[-69.68248,-52.21185],[-69.66327,-52.20574],[-69.65352,-52.19398],[-69.68752,-52.18923],[-69.6847,-52.16797],[-69.67438,-52.15467],[-69.70654,-52.11487]]]},"properties":{"COD_SHAC":"SHAC-12-1278","SHAC":"Cañadón Seco","REGION":"Magallanes y de la Antártica Chilena","NOM_ACUIF":"Río Gallegos","COD_BNA_SH":"1278","COD_REG":"12"}},
{"type":"Feature","geometry":{"type":"Polygon","coordinates":[[[-69.88939,-52.03241],[-69.99194,-52.00177],[-69.99554,-52.02245],[-70.03452,-52.03461],[-70.05295,-52.03689],[-70.06864,-52.02961],[-70.09294,-52.03168],[-70.10376,-52.01435],[-70.12183,-52.00061],[-70.3135,-52.00044],[-70.30678,-52.02713],[-70.29447,-52.04554],[-70.28968,-52.08711],[-70.30101,-52.11137],[-70.34221,-52.11784],[-70.3615,-52.13098],[-70.38793,-52.1399],[-70.4164,-52.156],[-70.46822,-52.16096],[-70.48256,-52.16968],[-70.58451,-52.1614],[-70.59466,-52.15084],[-70.61125,-52.14968],[-70.62373,-52.17917],[-70.63981,-52.19682],[-70.6739,-52.20537],[-70.68229,-52.21989],[-70.72687,-52.25245],[-70.74655,-52.25734],[-70.76626,-52.2774],[-70.76837,-52.29915],[-70.78269,-52.30994],[-70.75639,-52.3199],[-70.76384,-52.34891],[-70.78108,-52.36022],[-70.82943,-52.37446],[-70.88919,-52.42116],[-70.85983,-52.42782],[-70.85249,-52.41613],[-70.83788,-52.41655],[-70.83328,-52.40311],[-70.80396,-52.40147],[-70.78569,-52.38062],[-70.76821,-52.37117],[-70.71915,-52.35686],[-70.70693,-52.3735],[-70.67847,-52.36094],[-70.67379,-52.371],[-70.64582,-52.37976],[-70.63202,-52.3746],[-70.61215,-52.37733],[-70.58655,-52.37351],[-70.5564,-52.35997],[-70.50671,-52.34444],[-70.47005,-52.32358],[-70.43777,-52.32044],[-70.40282,-52.32785],[-70.38629,-52.33701],[-70.3874,-52.34936],[-70.36655,-52.35574],[-70.34593,-52.37072],[-70.33196,-52.41294],[-70.31551,-52.41769],[-70.33331,-52.43296],[-70.33386,-52.46295],[-70.32727,-52.48186],[-70.33386,-52.51225],[-70.31988,-52.51869],[-70.32229,-52.52853],[-70.34029,-52.54626],[-70.32884,-52.56049],[-70.23393,-52.53543],[-70.23191,-52.52155],[-70.21183,-52.47582],[-70.18357,-52.46343],[-70.15967,-52.44638],[-70.1509,-52.40785],[-70.11526,-52.37909],[-70.08621,-52.33853],[-70.08249,-52.32621],[-70.08696,-52.29979],[-70.08011,-52.287],[-70.08654,-52.26839],[-70.08314,-52.24099],[-70.09315,-52.21808],[-70.10935,-52.20554],[-70.10646,-52.18403],[-70.11443,-52.16912],[-70.07899,-52.1516],[-70.05564,-52.14556],[-70.004,-52.14758],[-69.97757,-52.14133],[-69.96005,-52.11925],[-69.97567,-52.09832],[-69.95884,-52.09542],[-69.94433,-52.07857],[-69.8993,-52.05449],[-69.90086,-52.04198],[-69.88939,-52.03241]]]},"properties":{"COD_SHAC":"SHAC-12-1279","SHAC":"Río Chaike o Chico","REGION":"Magallanes y de la Antártica Chilena","NOM_ACUIF":"Río Gallegos","COD_BNA_SH":"1279","COD_REG":"12"}},
{"type":"Feature","geometry":{"type":"Polygon","coordinates":[[[-70.61125,-52.14968],[-70.59466,-52.15084],[-70.58451,-52.1614],[-70.48256,-52.16968],[-70.46822,-52.16096],[-70.4164,-52.156],[-70.38793,-52.1399],[-70.3615,-52.13098],[-70.34221,-52.11784],[-70.30101,-52.11137],[-70.28968,-52.08711],[-70.29447,-52.04554],[-70.30678,-52.02713],[-70.3135,-52.00044],[-70.50241,-52.00031],[-70.50547,-52.01341],[-70.5316,-52.02981],[-70.56732,-52.04544],[-70.58269,-52.07204],[-70.60922,-52.09007],[-70.63038,-52.09316],[-70.6275,-52.10871],[-70.60603,-52.13535],[-70.61125,-52.14968]]]},"properties":{"COD_SHAC":"SHAC-12-1280","SHAC":"Río Cigike","REGION":"Magallanes y de la Antártica Chilena","NOM_ACUIF":"Río Gallegos","COD_BNA_SH":"1280","COD_REG":"12"}},
{"type":"Feature","geometry":{"type":"Polygon","coordinates":[[[-70.61125,-52.14968],[-70.60603,-52.13535],[-70.6275,-52.10871],[-70.63038,-52.09316],[-70.60922,-52.09007],[-70.58269,-52.07204],[-70.56732,-52.04544],[-70.5316,-52.02981],[-70.50547,-52.01341],[-70.50241,-52.00031],[-70.66674,-51.99983],[-70.85279,-51.99983],[-70.85516,-52.00447],[-70.87541,-52.03397],[-70.9058,-52.04653],[-70.906,-52.06033],[-70.91997,-52.07104],[-70.95828,-52.09064],[-70.99114,-52.11745],[-71.00173,-52.14677],[-70.992,-52.16264],[-70.97908,-52.16785],[-70.96428,-52.19622],[-70.94465,-52.21651],[-70.95016,-52.23091],[-70.93948,-52.24912],[-70.94809,-52.26154],[-70.91822,-52.2704],[-70.90033,-52.28609],[-70.89464,-52.32317],[-70.9231,-52.34577],[-70.92667,-52.36898],[-70.91618,-52.37443],[-70.9166,-52.39498],[-70.92671,-52.40738],[-70.91211,-52.42381],[-70.88919,-52.42116],[-70.82943,-52.37446],[-70.78108,-52.36022],[-70.76384,-52.34891],[-70.75639,-52.3199],[-70.78269,-52.30994],[-70.76837,-52.29915],[-70.76626,-52.2774],[-70.74655,-52.25734],[-70.72687,-52.25245],[-70.68229,-52.21989],[-70.6739,-52.20537],[-70.63981,-52.19682],[-70.62373,-52.17917],[-70.61125,-52.14968]]]},"properties":{"COD_SHAC":"SHAC-12-1282","SHAC":"Río Gallegos","REGION":"Magallanes y de la Antártica Chilena","NOM_ACUIF":"Río Gallegos","COD_BNA_SH":"1282","COD_REG":"12"}},
{"type":"Feature","geometry":{"type":"Polygon","coordinates":[[[-70.85516,-52.00447],[-70.88099,-51.99983],[-71.06435,-51.99985],[-71.36862,-51.99989],[-71.37571,-52.01774],[-71.36474,-52.03121],[-71.34734,-52.04109],[-71.36848,-52.06474],[-71.36869,-52.07806],[-71.33641,-52.08925],[-71.30751,-52.12248],[-71.28529,-52.13189],[-71.31466,-52.14857],[-71.30209,-52.15791],[-71.28425,-52.15897],[-71.27881,-52.168],[-71.25148,-52.18798],[-71.24632,-52.22192],[-71.24939,-52.229],[-71.29551,-52.2387],[-71.29294,-52.25834],[-71.30071,-52.27499],[-71.29332,-52.28082],[-71.271,-52.27056],[-71.25228,-52.25516],[-71.24177,-52.25819],[-71.22598,-52.28772],[-71.20927,-52.29309],[-71.19384,-52.27745],[-71.1146,-52.24998],[-71.11812,-52.23279],[-71.09931,-52.22837],[-71.06098,-52.23723],[-71.02724,-52.2519],[-70.98607,-52.28838],[-70.98812,-52.30642],[-70.98209,-52.32442],[-70.96413,-52.33975],[-70.96332,-52.35651],[-70.97063,-52.38799],[-70.98084,-52.40907],[-70.98086,-52.44238],[-70.95842,-52.44828],[-70.94571,-52.44451],[-70.91211,-52.42381],[-70.92671,-52.40738],[-70.9166,-52.39498],[-70.91618,-52.37443],[-70.92667,-52.36898],[-70.9231,-52.34577],[-70.89464,-52.32317],[-70.90033,-52.28609],[-70.91822,-52.2704],[-70.94809,-52.26154],[-70.93948,-52.24912],[-70.95016,-52.23091],[-70.94465,-52.21651],[-70.96428,-52.19622],[-70.97908,-52.16785],[-70.992,-52.16264],[-71.00173,-52.14677],[-70.99114,-52.11745],[-70.95828,-52.09064],[-70.91997,-52.07104],[-70.906,-52.06033],[-70.9058,-52.04653],[-70.87541,-52.03397],[-70.85516,-52.00447]]]},"properties":{"COD_SHAC":"SHAC-12-1281","SHAC":"Río el Zurdo","REGION":"Magallanes y de la Antártica Chilena","NOM_ACUIF":"Río Gallegos","COD_BNA_SH":"1281","COD_REG":"12"}},
{"type":"Feature","geometry":{"type":"Polygon","coordinates":[[[-71.29332,-52.28082],[-71.30071,-52.27499],[-71.29294,-52.25834],[-71.29551,-52.2387],[-71.24939,-52.229],[-71.24632,-52.22192],[-71.25148,-52.18798],[-71.27881,-52.168],[-71.28425,-52.15897],[-71.30209,-52.15791],[-71.31466,-52.14857],[-71.28529,-52.13189],[-71.30751,-52.12248],[-71.33641,-52.08925],[-71.36869,-52.07806],[-71.36848,-52.06474],[-71.34734,-52.04109],[-71.36474,-52.03121],[-71.37571,-52.01774],[-71.36862,-51.99989],[-71.70001,-51.99996],[-71.9226,-51.99987],[-71.94912,-52.01891],[-71.97443,-52.02171],[-72.0114,-52.03504],[-72.07338,-52.04939],[-72.08239,-52.05852],[-72.07975,-52.0794],[-72.1035,-52.0889],[-72.14563,-52.08437],[-72.16747,-52.09192],[-72.20527,-52.07929],[-72.24263,-52.09477],[-72.26708,-52.09871],[-72.28218,-52.07958],[-72.31801,-52.08178],[-72.33141,-52.09198],[-72.37218,-52.10518],[-72.3744,-52.13234],[-72.32225,-52.14467],[-72.338,-52.16922],[-72.31851,-52.16708],[-72.29164,-52.17197],[-72.2662,-52.18669],[-72.28587,-52.23078],[-72.27313,-52.2417],[-72.24724,-52.24887],[-72.22076,-52.24933],[-72.21784,-52.26175],[-72.18334,-52.27833],[-72.1683,-52.2796],[-72.13662,-52.25525],[-72.11801,-52.24993],[-72.07085,-52.24841],[-72.03578,-52.2501],[-72.01509,-52.26377],[-72.01467,-52.2733],[-71.98967,-52.28227],[-71.95956,-52.28743],[-71.93463,-52.30066],[-71.95066,-52.32132],[-71.92365,-52.33431],[-71.92938,-52.35399],[-71.90188,-52.37674],[-71.91388,-52.39991],[-71.90251,-52.4246],[-71.87088,-52.41734],[-71.86595,-52.42842],[-71.84308,-52.43081],[-71.8312,-52.44845],[-71.79096,-52.44403],[-71.77669,-52.44622],[-71.75056,-52.46306],[-71.73861,-52.4651],[-71.71979,-52.47943],[-71.67527,-52.46389],[-71.65766,-52.46386],[-71.64802,-52.44856],[-71.58838,-52.43767],[-71.57235,-52.41135],[-71.54797,-52.39482],[-71.5299,-52.38893],[-71.52215,-52.37853],[-71.48389,-52.37573],[-71.4677,-52.35303],[-71.44255,-52.36193],[-71.39483,-52.34923],[-71.38164,-52.33656],[-71.35727,-52.32672],[-71.33087,-52.32839],[-71.29366,-52.31474],[-71.30527,-52.29596],[-71.29332,-52.28082]]]},"properties":{"COD_SHAC":"SHAC-12-1283","SHAC":"Río Pendiente","REGION":"Magallanes y de la Antártica Chilena","NOM_ACUIF":"Río Gallegos","COD_BNA_SH":"1283","COD_REG":"12"}},
{"type":"Feature","geometry":{"type":"Polygon","coordinates":[[[-72.29603,-51.75095],[-72.32995,-51.71099],[-72.35633,-51.70183],[-72.36323,-51.68767],[-72.38956,-51.70362],[-72.41191,-51.73176],[-72.44502,-51.73555],[-72.46072,-51.76968],[-72.45333,-51.77482],[-72.49166,-51.80577],[-72.51156,-51.84171],[-72.49543,-51.85686],[-72.45979,-51.88096],[-72.45386,-51.9064],[-72.43615,-51.89208],[-72.44017,-51.87707],[-72.46757,-51.85541],[-72.47976,-51.83106],[-72.4706,-51.81574],[-72.44799,-51.7983],[-72.39937,-51.795],[-72.37307,-51.78205],[-72.3399,-51.78486],[-72.33756,-51.76381],[-72.31362,-51.75213],[-72.29603,-51.75095]]]},"properties":{"COD_SHAC":"SHAC-12-1242","SHAC":"Puerto Demaistre","REGION":"Magallanes y de la Antártica Chilena","NOM_ACUIF":"Costeras Bahía Desengaño-Seno Otway","COD_BNA_SH":"1242","COD_REG":"12"}},
{"type":"Feature","geometry":{"type":"Polygon","coordinates":[[[-72.36323,-51.68767],[-72.39573,-51.66818],[-72.41157,-51.64598],[-72.43784,-51.64041],[-72.44814,-51.63086],[-72.45102,-51.63617],[-72.43712,-51.67541],[-72.44577,-51.70338],[-72.50714,-51.71427],[-72.51249,-51.7342],[-72.48882,-51.74646],[-72.48542,-51.76478],[-72.46072,-51.76968],[-72.44502,-51.73555],[-72.41191,-51.73176],[-72.38956,-51.70362],[-72.36323,-51.68767]]]},"properties":{"COD_SHAC":"SHAC-12-1248","SHAC":"Río Natales","REGION":"Magallanes y de la Antártica Chilena","NOM_ACUIF":"Costeras Bahía Desengaño-Seno Otway","COD_BNA_SH":"1248","COD_REG":"12"}},
{"type":"Feature","geometry":{"type":"Polygon","coordinates":[[[-72.41911,-51.54198],[-72.44735,-51.52641],[-72.47026,-51.52135],[-72.47823,-51.51337],[-72.47211,-51.49764],[-72.49491,-51.5026],[-72.52813,-51.50267],[-72.55338,-51.47874],[-72.5822,-51.47923],[-72.59352,-51.48416],[-72.61405,-51.475],[-72.62826,-51.48117],[-72.65197,-51.48229],[-72.68094,-51.47492],[-72.69167,-51.44905],[-72.69235,-51.43052],[-72.67018,-51.42611],[-72.68866,-51.40393],[-72.71667,-51.3987],[-72.72092,-51.40688],[-72.75994,-51.43417],[-72.77455,-51.43386],[-72.81468,-51.44533],[-72.82685,-51.45855],[-72.81705,-51.46954],[-72.81657,-51.49766],[-72.80659,-51.50999],[-72.8256,-51.52407],[-72.83119,-51.54834],[-72.82388,-51.55996],[-72.78918,-51.55772],[-72.76965,-51.56412],[-72.74438,-51.56099],[-72.69959,-51.57861],[-72.67814,-51.60826],[-72.68302,-51.62956],[-72.66475,-51.64143],[-72.65251,-51.62508],[-72.66244,-51.61055],[-72.66215,-51.59224],[-72.64487,-51.57292],[-72.64745,-51.55738],[-72.63183,-51.54828],[-72.60962,-51.54717],[-72.55944,-51.55386],[-72.50425,-51.55337],[-72.47276,-51.57238],[-72.43526,-51.57217],[-72.43044,-51.55472],[-72.41911,-51.54198]]]},"properties":{"COD_SHAC":"SHAC-12-1250","SHAC":"Rio Prat","REGION":"Magallanes y de la Antártica Chilena","NOM_ACUIF":"Costeras Bahía Desengaño-Seno Otway","COD_BNA_SH":"1250","COD_REG":"12"}},
{"type":"Feature","geometry":{"type":"Polygon","coordinates":[[[-72.45102,-51.63617],[-72.48473,-51.64808],[-72.54292,-51.66016],[-72.56064,-51.66898],[-72.56696,-51.68294],[-72.54964,-51.68652],[-72.51599,-51.70244],[-72.50714,-51.71427],[-72.44577,-51.70338],[-72.43712,-51.67541],[-72.45102,-51.63617]]]},"properties":{"COD_SHAC":"SHAC-12-1241","SHAC":"Puerto Bories","REGION":"Magallanes y de la Antártica Chilena","NOM_ACUIF":"Costeras Bahía Desengaño-Seno Otway","COD_BNA_SH":"1241","COD_REG":"12"}},
{"type":"Feature","geometry":{"type":"Polygon","coordinates":[[[-72.43526,-51.57217],[-72.47276,-51.57238],[-72.50425,-51.55337],[-72.55944,-51.55386],[-72.60962,-51.54717],[-72.63183,-51.54828],[-72.64745,-51.55738],[-72.64487,-51.57292],[-72.66215,-51.59224],[-72.66075,-51.60613],[-72.64266,-51.61755],[-72.64399,-51.63321],[-72.65696,-51.64998],[-72.64785,-51.66355],[-72.63259,-51.65975],[-72.59826,-51.66908],[-72.56696,-51.68294],[-72.56064,-51.66898],[-72.54292,-51.66016],[-72.48473,-51.64808],[-72.45102,-51.63617],[-72.44814,-51.63086],[-72.45708,-51.60962],[-72.44054,-51.58507],[-72.43526,-51.57217]]]},"properties":{"COD_SHAC":"SHAC-12-1246","SHAC":"Rio Boleadoras","REGION":"Magallanes y de la Antártica Chilena","NOM_ACUIF":"Costeras Bahía Desengaño-Seno Otway","COD_BNA_SH":"1246","COD_REG":"12"}},
{"type":"Feature","geometry":{"type":"Polygon","coordinates":[[[-72.95725,-51.16883],[-72.9904,-51.13757],[-73.005,-51.13107],[-73.03064,-51.13492],[-73.05209,-51.12445],[-73.06314,-51.10938],[-73.09199,-51.10488],[-73.09407,-51.11987],[-73.1105,-51.1195],[-73.12439,-51.1356],[-73.13857,-51.1418],[-73.18407,-51.13957],[-73.20198,-51.15293],[-73.21147,-51.17573],[-73.19218,-51.1769],[-73.18619,-51.19247],[-73.15585,-51.19569],[-73.14938,-51.20987],[-73.17349,-51.25398],[-73.19221,-51.26688],[-73.21903,-51.27089],[-73.23502,-51.28916],[-73.22799,-51.32344],[-73.2435,-51.32887],[-73.25869,-51.36274],[-73.23833,-51.36717],[-73.21694,-51.38552],[-73.20362,-51.40554],[-73.18721,-51.41837],[-73.18087,-51.40213],[-73.15391,-51.39882],[-73.10311,-51.40639],[-73.07109,-51.41759],[-73.05687,-51.43057],[-73.03899,-51.39493],[-73.02597,-51.37695],[-73.00597,-51.37689],[-73.01517,-51.34194],[-72.9963,-51.33069],[-72.96803,-51.33021],[-72.96104,-51.3086],[-72.94733,-51.30498],[-72.94095,-51.27025],[-72.95303,-51.25551],[-72.94761,-51.23635],[-72.95712,-51.2092],[-72.94873,-51.18953],[-72.95725,-51.16883]]]},"properties":{"COD_SHAC":"SHAC-12-1287","SHAC":"Rio Serrano","REGION":"Magallanes y de la Antártica Chilena","NOM_ACUIF":"Río Serrano","COD_BNA_SH":"1287","COD_REG":"12"}},
{"type":"Feature","geometry":{"type":"Polygon","coordinates":[[[-72.9538,-50.74167],[-72.98051,-50.74409],[-72.98413,-50.75127],[-73.00797,-50.76201],[-73.03214,-50.75867],[-73.05622,-50.77314],[-73.07156,-50.79288],[-73.05059,-50.80893],[-73.05385,-50.85305],[-73.07777,-50.85307],[-73.07274,-50.87287],[-73.05222,-50.90395],[-73.03935,-50.90917],[-73.02966,-50.9241],[-73.01518,-50.93134],[-73.02601,-50.94652],[-73.04212,-50.94467],[-73.06056,-50.95065],[-73.09285,-50.94981],[-73.11922,-50.95686],[-73.11897,-50.97053],[-73.10233,-50.99513],[-73.1117,-51.03007],[-73.10486,-51.04397],[-73.11943,-51.05378],[-73.10819,-51.09318],[-73.09199,-51.10488],[-73.06314,-51.10938],[-73.05209,-51.12445],[-73.03064,-51.13492],[-73.005,-51.13107],[-72.9904,-51.13757],[-72.95725,-51.16883],[-72.92934,-51.15332],[-72.90914,-51.15942],[-72.86892,-51.15751],[-72.80647,-51.16245],[-72.77526,-51.16108],[-72.7678,-51.14806],[-72.77853,-51.1374],[-72.75449,-51.12279],[-72.73351,-51.12458],[-72.7118,-51.11801],[-72.63049,-51.1066],[-72.61073,-51.09819],[-72.60667,-51.07823],[-72.5948,-51.04993],[-72.57838,-51.03305],[-72.58083,-51.01371],[-72.59742,-50.99416],[-72.62369,-50.98308],[-72.68195,-50.97371],[-72.69961,-50.97396],[-72.70512,-50.96361],[-72.73231,-50.96105],[-72.72789,-50.94697],[-72.74081,-50.93435],[-72.78525,-50.92375],[-72.79242,-50.90988],[-72.7386,-50.88112],[-72.72463,-50.86786],[-72.75879,-50.85481],[-72.80036,-50.85339],[-72.85208,-50.84135],[-72.84905,-50.83094],[-72.86563,-50.82692],[-72.84514,-50.80404],[-72.87926,-50.79348],[-72.88702,-50.78319],[-72.90525,-50.78968],[-72.93415,-50.78164],[-72.95521,-50.78553],[-72.96624,-50.77819],[-72.9538,-50.74167]]]},"properties":{"COD_SHAC":"SHAC-12-1285","SHAC":"Lagos Sarmiento y Pehoe","REGION":"Magallanes y de la Antártica Chilena","NOM_ACUIF":"Río Serrano","COD_BNA_SH":"1285","COD_REG":"12"}},
{"type":"Feature","geometry":{"type":"Polygon","coordinates":[[[-72.32538,-51.31068],[-72.3473,-51.3001],[-72.3764,-51.27842],[-72.40515,-51.26602],[-72.4398,-51.26575],[-72.47635,-51.27071],[-72.48339,-51.26443],[-72.5362,-51.27484],[-72.57631,-51.27662],[-72.59583,-51.28912],[-72.61271,-51.28699],[-72.62645,-51.29671],[-72.65892,-51.28395],[-72.67904,-51.28773],[-72.67174,-51.30573],[-72.65002,-51.3133],[-72.65189,-51.33034],[-72.68533,-51.35058],[-72.70019,-51.36375],[-72.69889,-51.37315],[-72.72156,-51.37811],[-72.71667,-51.3987],[-72.68866,-51.40393],[-72.67018,-51.42611],[-72.69235,-51.43052],[-72.69167,-51.44905],[-72.68094,-51.47492],[-72.65197,-51.48229],[-72.62826,-51.48117],[-72.61405,-51.475],[-72.59352,-51.48416],[-72.5822,-51.47923],[-72.55338,-51.47874],[-72.52813,-51.50267],[-72.49491,-51.5026],[-72.47211,-51.49764],[-72.47823,-51.51337],[-72.47026,-51.52135],[-72.44735,-51.52641],[-72.41911,-51.54198],[-72.41017,-51.51438],[-72.38504,-51.51809],[-72.35153,-51.51096],[-72.35405,-51.49354],[-72.34595,-51.47729],[-72.32441,-51.47582],[-72.34082,-51.44978],[-72.33814,-51.42436],[-72.31286,-51.39541],[-72.30796,-51.37744],[-72.31762,-51.35292],[-72.32601,-51.34569],[-72.34896,-51.34941],[-72.36947,-51.34238],[-72.36965,-51.33029],[-72.35788,-51.31817],[-72.32538,-51.31068]]]},"properties":{"COD_SHAC":"SHAC-12-1288","SHAC":"Río Tres Pasos","REGION":"Magallanes y de la Antártica Chilena","NOM_ACUIF":"Río Serrano","COD_BNA_SH":"1288","COD_REG":"12"}},
{"type":"Feature","geometry":{"type":"Polygon","coordinates":[[[-72.50685,-52.34628],[-72.51539,-52.34091],[-72.52954,-52.36036],[-72.54301,-52.35988],[-72.54865,-52.3801],[-72.57229,-52.39004],[-72.57822,-52.38126],[-72.5966,-52.38211],[-72.58443,-52.40144],[-72.61979,-52.40775],[-72.64322,-52.40475],[-72.66452,-52.41243],[-72.66777,-52.42022],[-72.65359,-52.43353],[-72.65145,-52.4505],[-72.67667,-52.44331],[-72.73695,-52.43404],[-72.74357,-52.43842],[-72.79242,-52.45186],[-72.80415,-52.46026],[-72.83783,-52.46447],[-72.86948,-52.48308],[-72.90815,-52.49115],[-72.92763,-52.50448],[-72.94548,-52.49454],[-72.97396,-52.50426],[-72.98994,-52.51463],[-72.96103,-52.53022],[-72.93972,-52.53094],[-72.92152,-52.51567],[-72.88206,-52.5189],[-72.85858,-52.52675],[-72.83315,-52.52108],[-72.83042,-52.50453],[-72.79314,-52.49526],[-72.78997,-52.51359],[-72.77438,-52.52829],[-72.75974,-52.52819],[-72.74,-52.53947],[-72.71476,-52.53817],[-72.67217,-52.52816],[-72.64758,-52.51772],[-72.64304,-52.50106],[-72.59591,-52.50817],[-72.56161,-52.53226],[-72.52863,-52.52048],[-72.52359,-52.50607],[-72.49706,-52.48465],[-72.48921,-52.47336],[-72.50298,-52.46322],[-72.50768,-52.41746],[-72.52357,-52.41808],[-72.54551,-52.43046],[-72.5548,-52.42682],[-72.53929,-52.39281],[-72.52136,-52.37724],[-72.50095,-52.36777],[-72.50685,-52.34628]]]},"properties":{"COD_SHAC":"SHAC-12-1243","SHAC":"Punta Tomais","REGION":"Magallanes y de la Antártica Chilena","NOM_ACUIF":"Costeras Bahía Desengaño-Seno Otway","COD_BNA_SH":"1243","COD_REG":"12"}},
{"type":"Feature","geometry":{"type":"Polygon","coordinates":[[[-72.28587,-52.23078],[-72.2662,-52.18669],[-72.29164,-52.17197],[-72.31851,-52.16708],[-72.338,-52.16922],[-72.3418,-52.18383],[-72.36744,-52.19156],[-72.38648,-52.20924],[-72.39942,-52.20237],[-72.46092,-52.19711],[-72.48321,-52.20687],[-72.47675,-52.21327],[-72.45274,-52.23319],[-72.44603,-52.2503],[-72.42376,-52.27585],[-72.36558,-52.27506],[-72.35243,-52.26253],[-72.34743,-52.24428],[-72.30058,-52.22733],[-72.28587,-52.23078]]]},"properties":{"COD_SHAC":"SHAC-12-1251","SHAC":"Rio Primero","REGION":"Magallanes y de la Antártica Chilena","NOM_ACUIF":"Costeras Bahía Desengaño-Seno Otway","COD_BNA_SH":"1251","COD_REG":"12"}},
{"type":"Feature","geometry":{"type":"Polygon","coordinates":[[[-72.40139,-51.13421],[-72.42328,-51.13207],[-72.48363,-51.10194],[-72.48551,-51.08173],[-72.51201,-51.07274],[-72.5263,-51.05234],[-72.57838,-51.03305],[-72.5948,-51.04993],[-72.60667,-51.07823],[-72.61073,-51.09819],[-72.63049,-51.1066],[-72.7118,-51.11801],[-72.73351,-51.12458],[-72.75449,-51.12279],[-72.77853,-51.1374],[-72.7678,-51.14806],[-72.77526,-51.16108],[-72.80647,-51.16245],[-72.86892,-51.15751],[-72.90914,-51.15942],[-72.92934,-51.15332],[-72.95725,-51.16883],[-72.94873,-51.18953],[-72.95712,-51.2092],[-72.94761,-51.23635],[-72.95303,-51.25551],[-72.94095,-51.27025],[-72.94733,-51.30498],[-72.96104,-51.3086],[-72.96803,-51.33021],[-72.9963,-51.33069],[-73.01517,-51.34194],[-73.00597,-51.37689],[-72.97909,-51.3832],[-72.96112,-51.37818],[-72.92769,-51.39156],[-72.91801,-51.38241],[-72.88896,-51.38413],[-72.86098,-51.41911],[-72.84354,-51.43018],[-72.85168,-51.44701],[-72.82685,-51.45855],[-72.81468,-51.44533],[-72.77455,-51.43386],[-72.75994,-51.43417],[-72.72092,-51.40688],[-72.71667,-51.3987],[-72.72156,-51.37811],[-72.69889,-51.37315],[-72.70019,-51.36375],[-72.68533,-51.35058],[-72.65189,-51.33034],[-72.65002,-51.3133],[-72.67174,-51.30573],[-72.67904,-51.28773],[-72.65892,-51.28395],[-72.62645,-51.29671],[-72.61271,-51.28699],[-72.59583,-51.28912],[-72.57631,-51.27662],[-72.5362,-51.27484],[-72.48339,-51.26443],[-72.47635,-51.27071],[-72.4398,-51.26575],[-72.40515,-51.26602],[-72.3764,-51.27842],[-72.3473,-51.3001],[-72.32538,-51.31068],[-72.30767,-51.30742],[-72.30614,-51.29308],[-72.27354,-51.28605],[-72.26311,-51.2744],[-72.26511,-51.26061],[-72.25865,-51.24418],[-72.28681,-51.22518],[-72.30039,-51.2048],[-72.33179,-51.20986],[-72.34701,-51.19941],[-72.35953,-51.16891],[-72.37626,-51.16039],[-72.40139,-51.13421]]]},"properties":{"COD_SHAC":"SHAC-12-1284","SHAC":"Lago del Toro","REGION":"Magallanes y de la Antártica Chilena","NOM_ACUIF":"Río Serrano","COD_BNA_SH":"1284","COD_REG":"12"}},
{"type":"Feature","geometry":{"type":"Polygon","coordinates":[[[-72.37218,-52.10518],[-72.3903,-52.08938],[-72.37355,-52.05821],[-72.37858,-52.04004],[-72.3721,-52.01239],[-72.38113,-52.00132],[-72.38441,-51.98194],[-72.42231,-51.94496],[-72.44077,-51.91781],[-72.45785,-51.91396],[-72.48798,-51.93394],[-72.52977,-51.9482],[-72.56277,-51.9333],[-72.56921,-51.94652],[-72.55437,-51.97033],[-72.60649,-51.95658],[-72.61401,-51.93537],[-72.60112,-51.913],[-72.65266,-51.93384],[-72.65966,-51.94433],[-72.66427,-51.99481],[-72.66105,-52.03898],[-72.66742,-52.04853],[-72.63842,-52.08176],[-72.61983,-52.0914],[-72.59246,-52.11911],[-72.56594,-52.13473],[-72.54852,-52.15911],[-72.52285,-52.18655],[-72.51187,-52.18504],[-72.4987,-52.2003],[-72.48321,-52.20687],[-72.46092,-52.19711],[-72.39942,-52.20237],[-72.38648,-52.20924],[-72.36744,-52.19156],[-72.3418,-52.18383],[-72.338,-52.16922],[-72.32225,-52.14467],[-72.3744,-52.13234],[-72.37218,-52.10518]]]},"properties":{"COD_SHAC":"SHAC-12-1238","SHAC":"Lago Anibal Pinto","REGION":"Magallanes y de la Antártica Chilena","NOM_ACUIF":"Costeras Bahía Desengaño-Seno Otway","COD_BNA_SH":"1238","COD_REG":"12"}},
{"type":"Feature","geometry":{"type":"Polygon","coordinates":[[[-69.86829,-52.81765],[-69.89313,-52.8337],[-69.92019,-52.84503],[-69.96954,-52.84883],[-70.0001,-52.83953],[-70.04706,-52.8153],[-70.04893,-52.80969],[-70.08369,-52.78442],[-70.11816,-52.75438],[-70.1299,-52.73293],[-70.17548,-52.73313],[-70.20468,-52.73939],[-70.23959,-52.7422],[-70.30515,-52.74182],[-70.33017,-52.74402],[-70.4039,-52.7591],[-70.42345,-52.76721],[-70.43685,-52.7817],[-70.421,-52.78604],[-70.37992,-52.78099],[-70.3405,-52.77947],[-70.29716,-52.79109],[-70.27571,-52.8085],[-70.25926,-52.84553],[-70.25964,-52.86657],[-70.28811,-52.88403],[-70.30264,-52.90539],[-70.29827,-52.91234],[-70.26478,-52.9016],[-70.25556,-52.8873],[-70.23345,-52.88147],[-70.18691,-52.88663],[-70.17415,-52.89587],[-70.14501,-52.89733],[-70.11661,-52.88809],[-70.10283,-52.89785],[-70.09108,-52.91956],[-70.09235,-52.93544],[-70.10821,-52.95198],[-70.11322,-52.98183],[-70.13943,-53.01455],[-70.13208,-53.02153],[-70.13601,-53.05329],[-70.14882,-53.07118],[-70.12342,-53.07519],[-70.12019,-53.09225],[-70.12455,-53.12521],[-70.14454,-53.16172],[-70.14548,-53.19615],[-70.13735,-53.2018],[-70.1277,-53.22986],[-70.14308,-53.24756],[-70.13505,-53.25713],[-70.14036,-53.28677],[-70.1199,-53.30279],[-70.14071,-53.31949],[-70.16865,-53.34791],[-70.17668,-53.36845],[-70.1678,-53.38737],[-70.13123,-53.39236],[-70.12036,-53.38015],[-70.05593,-53.37652],[-70.04477,-53.3674],[-70.00493,-53.36001],[-69.99238,-53.35001],[-69.96907,-53.34908],[-69.96295,-53.33634],[-69.92175,-53.30179],[-69.90303,-53.2989],[-69.90306,-53.31243],[-69.88325,-53.31211],[-69.84706,-53.32089],[-69.83543,-53.31073],[-69.80448,-53.3017],[-69.79557,-53.29413],[-69.78506,-53.28772],[-69.78578,-53.25751],[-69.80574,-53.24307],[-69.86093,-53.21902],[-69.87942,-53.1998],[-69.87921,-53.1875],[-69.8581,-53.15999],[-69.81194,-53.13308],[-69.81236,-53.1157],[-69.80194,-53.09299],[-69.7783,-53.08241],[-69.77404,-53.06574],[-69.748,-53.04861],[-69.7388,-53.03176],[-69.7399,-53.01883],[-69.72908,-53.00319],[-69.76039,-53.0032],[-69.78102,-52.99571],[-69.77709,-52.97844],[-69.78347,-52.96705],[-69.75117,-52.95793],[-69.73173,-52.94521],[-69.74205,-52.92655],[-69.76814,-52.92559],[-69.79015,-52.9186],[-69.82838,-52.89798],[-69.82484,-52.87987],[-69.85228,-52.85519],[-69.85955,-52.82823],[-69.86829,-52.81765]]]},"properties":{"COD_SHAC":"SHAC-12-1298","SHAC":"Río Oro","REGION":"Magallanes y de la Antártica Chilena","NOM_ACUIF":"Tierra del Fuego","COD_BNA_SH":"1298","COD_REG":"12"}},
{"type":"Feature","geometry":{"type":"Polygon","coordinates":[[[-70.13943,-53.01455],[-70.16909,-53.02313],[-70.22163,-53.04999],[-70.25228,-53.06306],[-70.26964,-53.05825],[-70.30119,-53.06319],[-70.34423,-53.06129],[-70.34068,-53.0503],[-70.31131,-53.0355],[-70.31301,-53.02788],[-70.33742,-53.01391],[-70.3403,-52.99527],[-70.31853,-52.98139],[-70.33399,-52.96826],[-70.38158,-52.99081],[-70.41769,-53.01264],[-70.43258,-53.0443],[-70.44197,-53.11216],[-70.43766,-53.12218],[-70.43352,-53.1693],[-70.44995,-53.18776],[-70.46094,-53.22696],[-70.45865,-53.24403],[-70.46666,-53.27982],[-70.45832,-53.31438],[-70.43493,-53.3012],[-70.40828,-53.29439],[-70.36876,-53.29893],[-70.37116,-53.30868],[-70.41096,-53.30467],[-70.44007,-53.31333],[-70.45282,-53.33093],[-70.44544,-53.33972],[-70.45267,-53.36424],[-70.44482,-53.37551],[-70.40352,-53.38933],[-70.38068,-53.39112],[-70.37053,-53.37209],[-70.35041,-53.3528],[-70.33402,-53.34995],[-70.30531,-53.35657],[-70.24282,-53.35138],[-70.21767,-53.35399],[-70.2146,-53.36841],[-70.17668,-53.36845],[-70.16865,-53.34791],[-70.14071,-53.31949],[-70.1199,-53.30279],[-70.14036,-53.28677],[-70.13505,-53.25713],[-70.14308,-53.24756],[-70.1277,-53.22986],[-70.13735,-53.2018],[-70.14548,-53.19615],[-70.14454,-53.16172],[-70.12455,-53.12521],[-70.12019,-53.09225],[-70.12342,-53.07519],[-70.14882,-53.07118],[-70.13601,-53.05329],[-70.13208,-53.02153],[-70.13943,-53.01455]]]},"properties":{"COD_SHAC":"SHAC-12-1301","SHAC":"Río Porvenir","REGION":"Magallanes y de la Antártica Chilena","NOM_ACUIF":"Tierra del Fuego","COD_BNA_SH":"1301","COD_REG":"12"}},
{"type":"Feature","geometry":{"type":"Polygon","coordinates":[[[-72.19691,-52.33777],[-72.23762,-52.3233],[-72.25922,-52.30267],[-72.26774,-52.30116],[-72.33723,-52.32162],[-72.34384,-52.33005],[-72.36408,-52.32954],[-72.3878,-52.33695],[-72.39205,-52.34839],[-72.43987,-52.34858],[-72.46269,-52.34084],[-72.50685,-52.34628],[-72.50095,-52.36777],[-72.52136,-52.37724],[-72.53929,-52.39281],[-72.5548,-52.42682],[-72.54551,-52.43046],[-72.52357,-52.41808],[-72.50768,-52.41746],[-72.50298,-52.46322],[-72.48921,-52.47336],[-72.49706,-52.48465],[-72.45422,-52.47897],[-72.4408,-52.481],[-72.41937,-52.51534],[-72.39469,-52.51292],[-72.38148,-52.53521],[-72.35358,-52.55098],[-72.33704,-52.53677],[-72.31265,-52.53163],[-72.28792,-52.53406],[-72.28062,-52.52825],[-72.27976,-52.50864],[-72.29005,-52.49749],[-72.2937,-52.48097],[-72.28974,-52.46427],[-72.24995,-52.44887],[-72.25864,-52.43011],[-72.26892,-52.42227],[-72.27225,-52.40409],[-72.24021,-52.40838],[-72.20702,-52.39029],[-72.22275,-52.37878],[-72.22965,-52.36204],[-72.19812,-52.35693],[-72.19691,-52.33777]]]},"properties":{"COD_SHAC":"SHAC-12-1244","SHAC":"Río Azúcar","REGION":"Magallanes y de la Antártica Chilena","NOM_ACUIF":"Costeras Bahía Desengaño-Seno Otway","COD_BNA_SH":"1244","COD_REG":"12"}},
{"type":"Feature","geometry":{"type":"Polygon","coordinates":[[[-71.90251,-52.4246],[-71.91388,-52.39991],[-71.90188,-52.37674],[-71.92938,-52.35399],[-71.92365,-52.33431],[-71.95066,-52.32132],[-71.93463,-52.30066],[-71.95956,-52.28743],[-71.98967,-52.28227],[-72.01467,-52.2733],[-72.01509,-52.26377],[-72.03578,-52.2501],[-72.07085,-52.24841],[-72.11801,-52.24993],[-72.13662,-52.25525],[-72.1683,-52.2796],[-72.16342,-52.30114],[-72.18043,-52.31215],[-72.18204,-52.32645],[-72.19682,-52.33779],[-72.17039,-52.3292],[-72.1463,-52.32902],[-72.12911,-52.32374],[-72.09516,-52.33268],[-72.10367,-52.35531],[-72.09701,-52.38124],[-72.10736,-52.39853],[-72.10829,-52.41637],[-72.08253,-52.42384],[-72.07204,-52.44208],[-72.07249,-52.46492],[-72.05754,-52.47789],[-72.06279,-52.51229],[-72.05373,-52.52707],[-72.05153,-52.55284],[-72.03548,-52.56272],[-72.00592,-52.55383],[-71.9662,-52.55828],[-71.96136,-52.55246],[-71.96785,-52.53696],[-71.95855,-52.51304],[-71.94397,-52.49324],[-71.90618,-52.46823],[-71.89971,-52.42946],[-71.90251,-52.4246]]]},"properties":{"COD_SHAC":"SHAC-12-1254","SHAC":"Ríos Leon y Perez","REGION":"Magallanes y de la Antártica Chilena","NOM_ACUIF":"Costeras Bahía Desengaño-Seno Otway","COD_BNA_SH":"1254","COD_REG":"12"}},
{"type":"Feature","geometry":{"type":"Polygon","coordinates":[[[-71.46069,-52.83209],[-71.42502,-52.83675],[-71.40913,-52.83313],[-71.39636,-52.81271],[-71.40222,-52.80168],[-71.40045,-52.78032],[-71.41772,-52.75262],[-71.39619,-52.73788],[-71.39529,-52.72224],[-71.40983,-52.71699],[-71.42942,-52.69695],[-71.46058,-52.672],[-71.47823,-52.64615],[-71.48004,-52.66418],[-71.4914,-52.67239],[-71.52597,-52.68548],[-71.55194,-52.7015],[-71.52822,-52.70644],[-71.50341,-52.72194],[-71.47977,-52.7458],[-71.47468,-52.76902],[-71.48713,-52.77805],[-71.47241,-52.79502],[-71.46249,-52.81172],[-71.46069,-52.83209]]]},"properties":{"COD_SHAC":"SHAC-12-1256","SHAC":"Canal Fitz Roy Poniente","REGION":"Magallanes y de la Antártica Chilena","NOM_ACUIF":"Isla Riesco","COD_BNA_SH":"1256","COD_REG":"12"}},
{"type":"Feature","geometry":{"type":"Polygon","coordinates":[[[-71.70997,-52.79745],[-71.74011,-52.80557],[-71.79078,-52.80439],[-71.80337,-52.79901],[-71.81751,-52.77531],[-71.85981,-52.77666],[-71.88737,-52.78856],[-71.9343,-52.78755],[-71.95216,-52.7942],[-71.97064,-52.78801],[-72.01555,-52.7921],[-72.01757,-52.779],[-72.05296,-52.77218],[-72.05632,-52.76417],[-72.09639,-52.77759],[-72.08432,-52.79458],[-72.086,-52.80839],[-72.07824,-52.82999],[-72.05267,-52.85466],[-72.05997,-52.86774],[-72.08212,-52.87295],[-72.07614,-52.89192],[-72.06499,-52.90548],[-72.04883,-52.90265],[-72.0327,-52.87353],[-72.01221,-52.87392],[-71.99889,-52.8658],[-71.95864,-52.86903],[-71.92818,-52.86825],[-71.92724,-52.85424],[-71.90567,-52.85798],[-71.87176,-52.85642],[-71.83134,-52.86008],[-71.78174,-52.85539],[-71.76859,-52.85323],[-71.7615,-52.83555],[-71.73062,-52.82451],[-71.7105,-52.8061],[-71.70997,-52.79745]]]},"properties":{"COD_SHAC":"SHAC-12-1263","SHAC":"Ríos Pascua y Bueno","REGION":"Magallanes y de la Antártica Chilena","NOM_ACUIF":"Isla Riesco","COD_BNA_SH":"1263","COD_REG":"12"}},
{"type":"Feature","geometry":{"type":"Polygon","coordinates":[[[-71.76859,-52.85323],[-71.78174,-52.85539],[-71.79182,-52.87167],[-71.79596,-52.89633],[-71.77145,-52.90722],[-71.74741,-52.91276],[-71.74542,-52.92154],[-71.70904,-52.9375],[-71.67107,-52.91467],[-71.70393,-52.90205],[-71.7226,-52.88283],[-71.75335,-52.8698],[-71.76859,-52.85323]]]},"properties":{"COD_SHAC":"SHAC-12-1257","SHAC":"Chorrillo Eduardo","REGION":"Magallanes y de la Antártica Chilena","NOM_ACUIF":"Isla Riesco","COD_BNA_SH":"1257","COD_REG":"12"}},
{"type":"Feature","geometry":{"type":"Polygon","coordinates":[[[-71.47241,-52.79502],[-71.48713,-52.77805],[-71.47468,-52.76902],[-71.47977,-52.7458],[-71.50341,-52.72194],[-71.52822,-52.70644],[-71.55194,-52.7015],[-71.52597,-52.68548],[-71.4914,-52.67239],[-71.48004,-52.66418],[-71.47823,-52.64615],[-71.5139,-52.65699],[-71.54269,-52.65407],[-71.57915,-52.66534],[-71.60602,-52.68223],[-71.61774,-52.68052],[-71.67086,-52.69668],[-71.68837,-52.69099],[-71.7128,-52.69945],[-71.73257,-52.70116],[-71.75727,-52.69665],[-71.77684,-52.70325],[-71.85594,-52.69817],[-71.88936,-52.69413],[-71.92005,-52.68658],[-71.95223,-52.67439],[-71.96048,-52.65255],[-71.99289,-52.65918],[-72.01311,-52.67478],[-72.05064,-52.68255],[-72.05698,-52.66736],[-72.07164,-52.67062],[-72.08501,-52.66139],[-72.10251,-52.67141],[-72.11163,-52.66368],[-72.13046,-52.67016],[-72.16422,-52.66022],[-72.17158,-52.67094],[-72.19171,-52.66735],[-72.18199,-52.67636],[-72.18648,-52.68897],[-72.17646,-52.72473],[-72.15639,-52.73923],[-72.12815,-52.73872],[-72.13272,-52.75668],[-72.12543,-52.77034],[-72.10722,-52.78037],[-72.09639,-52.77759],[-72.05632,-52.76417],[-72.05296,-52.77218],[-72.01757,-52.779],[-72.01555,-52.7921],[-71.97064,-52.78801],[-71.95216,-52.7942],[-71.9343,-52.78755],[-71.88737,-52.78856],[-71.85981,-52.77666],[-71.81751,-52.77531],[-71.80337,-52.79901],[-71.79078,-52.80439],[-71.74011,-52.80557],[-71.70997,-52.79745],[-71.68996,-52.8031],[-71.6572,-52.79782],[-71.60059,-52.7759],[-71.53061,-52.7731],[-71.49963,-52.78844],[-71.47241,-52.79502]]]},"properties":{"COD_SHAC":"SHAC-12-1262","SHAC":"Ríos Las Cabras Vaqueria y Prat","REGION":"Magallanes y de la Antártica Chilena","NOM_ACUIF":"Isla Riesco","COD_BNA_SH":"1262","COD_REG":"12"}},
{"type":"Feature","geometry":{"type":"Polygon","coordinates":[[[-71.78174,-52.85539],[-71.83134,-52.86008],[-71.87176,-52.85642],[-71.90567,-52.85798],[-71.92724,-52.85424],[-71.92818,-52.86825],[-71.95864,-52.86903],[-71.99889,-52.8658],[-72.01221,-52.87392],[-72.0327,-52.87353],[-72.04883,-52.90265],[-72.06499,-52.90548],[-72.06862,-52.9188],[-72.05436,-52.93589],[-72.0538,-52.94768],[-72.0315,-52.95273],[-72.01746,-52.96266],[-71.99251,-53.00714],[-71.96693,-53.0103],[-71.95401,-53.01976],[-71.92602,-53.02527],[-71.90871,-53.00301],[-71.86847,-53.00517],[-71.85731,-53.00135],[-71.84143,-52.98235],[-71.76733,-52.95875],[-71.70904,-52.9375],[-71.74542,-52.92154],[-71.74741,-52.91276],[-71.77145,-52.90722],[-71.79596,-52.89633],[-71.79182,-52.87167],[-71.78174,-52.85539]]]},"properties":{"COD_SHAC":"SHAC-12-1261","SHAC":"Ríos Grande y Picot","REGION":"Magallanes y de la Antártica Chilena","NOM_ACUIF":"Isla Riesco","COD_BNA_SH":"1261","COD_REG":"12"}},
{"type":"Feature","geometry":{"type":"Polygon","coordinates":[[[-71.47241,-52.79502],[-71.49963,-52.78844],[-71.53061,-52.7731],[-71.60059,-52.7759],[-71.6572,-52.79782],[-71.68996,-52.8031],[-71.70997,-52.79745],[-71.7105,-52.8061],[-71.73062,-52.82451],[-71.7615,-52.83555],[-71.76859,-52.85323],[-71.75335,-52.8698],[-71.7226,-52.88283],[-71.70393,-52.90205],[-71.67107,-52.91467],[-71.63734,-52.90743],[-71.62168,-52.89518],[-71.60135,-52.88744],[-71.5799,-52.89008],[-71.55085,-52.86551],[-71.52869,-52.86239],[-71.50371,-52.85021],[-71.48852,-52.83764],[-71.46069,-52.83209],[-71.46249,-52.81172],[-71.47241,-52.79502]]]},"properties":{"COD_SHAC":"SHAC-12-1260","SHAC":"Río Contardi","REGION":"Magallanes y de la Antártica Chilena","NOM_ACUIF":"Isla Riesco","COD_BNA_SH":"1260","COD_REG":"12"}},
{"type":"Feature","geometry":{"type":"Polygon","coordinates":[[[-72.0538,-52.94768],[-72.09643,-52.96427],[-72.12283,-52.94798],[-72.12911,-52.93811],[-72.16143,-52.95403],[-72.17635,-52.94989],[-72.21625,-52.9538],[-72.23256,-52.96885],[-72.23425,-52.9796],[-72.26534,-52.98596],[-72.2652,-52.99383],[-72.24421,-53.01138],[-72.24039,-53.0285],[-72.22563,-53.04153],[-72.2256,-53.05374],[-72.23776,-53.06116],[-72.2174,-53.07172],[-72.183,-53.09894],[-72.15325,-53.13348],[-72.13037,-53.14564],[-72.09902,-53.148],[-72.06116,-53.13681],[-72.02252,-53.13143],[-72.00322,-53.1042],[-71.98218,-53.10081],[-71.97729,-53.08044],[-71.96016,-53.07784],[-71.96298,-53.05914],[-71.92354,-53.03618],[-71.92602,-53.02527],[-71.95401,-53.01976],[-71.96693,-53.0103],[-71.99251,-53.00714],[-72.01746,-52.96266],[-72.0315,-52.95273],[-72.0538,-52.94768]]]},"properties":{"COD_SHAC":"SHAC-12-1259","SHAC":"Río Boer Bajo","REGION":"Magallanes y de la Antártica Chilena","NOM_ACUIF":"Isla Riesco","COD_BNA_SH":"1259","COD_REG":"12"}},
{"type":"Feature","geometry":{"type":"Polygon","coordinates":[[[-72.17646,-52.72473],[-72.18648,-52.68897],[-72.18199,-52.67636],[-72.19171,-52.66735],[-72.19257,-52.69399],[-72.22357,-52.71283],[-72.2544,-52.71343],[-72.26704,-52.73178],[-72.28287,-52.737],[-72.29459,-52.75654],[-72.32385,-52.76553],[-72.33301,-52.77342],[-72.36224,-52.7779],[-72.38458,-52.7901],[-72.39662,-52.80679],[-72.42368,-52.81513],[-72.43679,-52.83535],[-72.43033,-52.84364],[-72.44101,-52.85967],[-72.43123,-52.87361],[-72.40317,-52.87668],[-72.3913,-52.86822],[-72.39549,-52.83389],[-72.37927,-52.83323],[-72.36718,-52.84888],[-72.34528,-52.85498],[-72.34273,-52.84156],[-72.32448,-52.81999],[-72.32049,-52.8043],[-72.29485,-52.80061],[-72.29116,-52.79201],[-72.25931,-52.77866],[-72.26033,-52.76292],[-72.23453,-52.75992],[-72.22919,-52.7514],[-72.20664,-52.7497],[-72.17646,-52.72473]]]},"properties":{"COD_SHAC":"SHAC-12-1255","SHAC":"Canal Bertrand","REGION":"Magallanes y de la Antártica Chilena","NOM_ACUIF":"Isla Riesco","COD_BNA_SH":"1255","COD_REG":"12"}},
{"type":"Feature","geometry":{"type":"Polygon","coordinates":[[[-72.09639,-52.77759],[-72.10722,-52.78037],[-72.12543,-52.77034],[-72.13272,-52.75668],[-72.12815,-52.73872],[-72.15639,-52.73923],[-72.17646,-52.72473],[-72.20664,-52.7497],[-72.22919,-52.7514],[-72.23453,-52.75992],[-72.26033,-52.76292],[-72.25931,-52.77866],[-72.29116,-52.79201],[-72.29485,-52.80061],[-72.32049,-52.8043],[-72.32448,-52.81999],[-72.34273,-52.84156],[-72.34528,-52.85498],[-72.34135,-52.88397],[-72.32036,-52.89052],[-72.29965,-52.93148],[-72.31691,-52.93904],[-72.30735,-52.95481],[-72.30647,-52.97066],[-72.27472,-52.993],[-72.2652,-52.99383],[-72.26534,-52.98596],[-72.23425,-52.9796],[-72.23256,-52.96885],[-72.21625,-52.9538],[-72.17635,-52.94989],[-72.16143,-52.95403],[-72.12911,-52.93811],[-72.12283,-52.94798],[-72.09643,-52.96427],[-72.0538,-52.94768],[-72.05436,-52.93589],[-72.06862,-52.9188],[-72.06499,-52.90548],[-72.07614,-52.89192],[-72.08212,-52.87295],[-72.05997,-52.86774],[-72.05267,-52.85466],[-72.07824,-52.82999],[-72.086,-52.80839],[-72.08432,-52.79458],[-72.09639,-52.77759]]]},"properties":{"COD_SHAC":"SHAC-12-1258","SHAC":"Río Boer Alto","REGION":"Magallanes y de la Antártica Chilena","NOM_ACUIF":"Isla Riesco","COD_BNA_SH":"1258","COD_REG":"12"}},
{"type":"Feature","geometry":{"type":"Polygon","coordinates":[[[-69.74799,-52.77665],[-69.7761,-52.77628],[-69.84143,-52.78834],[-69.86829,-52.81765],[-69.85955,-52.82823],[-69.85228,-52.85519],[-69.82484,-52.87987],[-69.82838,-52.89798],[-69.79015,-52.9186],[-69.76814,-52.92559],[-69.74205,-52.92655],[-69.73173,-52.94521],[-69.75117,-52.95793],[-69.78347,-52.96705],[-69.77709,-52.97844],[-69.78102,-52.99571],[-69.76039,-53.0032],[-69.72908,-53.00319],[-69.7399,-53.01883],[-69.7388,-53.03176],[-69.748,-53.04861],[-69.77404,-53.06574],[-69.7783,-53.08241],[-69.80194,-53.09299],[-69.81236,-53.1157],[-69.81194,-53.13308],[-69.8581,-53.15999],[-69.87921,-53.1875],[-69.87942,-53.1998],[-69.86093,-53.21902],[-69.80574,-53.24307],[-69.78578,-53.25751],[-69.78506,-53.28772],[-69.73796,-53.25679],[-69.68368,-53.22579],[-69.65566,-53.21731],[-69.64907,-53.20179],[-69.66978,-53.19229],[-69.6534,-53.16987],[-69.63431,-53.15429],[-69.63544,-53.14341],[-69.61626,-53.12594],[-69.60922,-53.1116],[-69.58433,-53.10507],[-69.5554,-53.08496],[-69.54945,-53.06309],[-69.5264,-53.05419],[-69.52001,-53.04367],[-69.49054,-53.03618],[-69.47936,-53.01885],[-69.48583,-53.0079],[-69.53973,-52.99475],[-69.55732,-52.97596],[-69.59345,-52.95931],[-69.61106,-52.9555],[-69.63639,-52.94029],[-69.66252,-52.91148],[-69.65894,-52.90526],[-69.68409,-52.8905],[-69.7191,-52.86062],[-69.71171,-52.84089],[-69.71891,-52.83464],[-69.719,-52.81152],[-69.74447,-52.78611],[-69.74799,-52.77665]]]},"properties":{"COD_SHAC":"SHAC-12-1299","SHAC":"Río Oscar","REGION":"Magallanes y de la Antártica Chilena","NOM_ACUIF":"Tierra del Fuego","COD_BNA_SH":"1299","COD_REG":"12"}},
{"type":"Feature","geometry":{"type":"Polygon","coordinates":[[[-68.80845,-52.72183],[-68.79794,-52.72036],[-68.77099,-52.73724],[-68.7371,-52.73549],[-68.71207,-52.72186],[-68.6529,-52.69457],[-68.63774,-52.67423],[-68.62884,-52.64066],[-68.66607,-52.62354],[-68.69307,-52.60733],[-68.71374,-52.5888],[-68.73877,-52.55821],[-68.76405,-52.54261],[-68.77438,-52.54971],[-68.78753,-52.57708],[-68.85517,-52.60518],[-68.84555,-52.61905],[-68.82723,-52.66641],[-68.83563,-52.68031],[-68.83889,-52.70849],[-68.80845,-52.72183]]]},"properties":{"COD_SHAC":"SHAC-12-1289","SHAC":"Estancia Calafate","REGION":"Magallanes y de la Antártica Chilena","NOM_ACUIF":"Tierra del Fuego","COD_BNA_SH":"1289","COD_REG":"12"}},
{"type":"Feature","geometry":{"type":"Polygon","coordinates":[[[-68.80845,-52.72183],[-68.83889,-52.70849],[-68.83563,-52.68031],[-68.82723,-52.66641],[-68.84555,-52.61905],[-68.85517,-52.60518],[-68.98936,-52.65609],[-68.95895,-52.67775],[-68.97421,-52.69103],[-68.97373,-52.70573],[-68.95468,-52.71714],[-68.94973,-52.73797],[-68.93346,-52.76622],[-68.93836,-52.78071],[-68.92236,-52.77966],[-68.91656,-52.79185],[-68.88285,-52.79639],[-68.87358,-52.78236],[-68.88194,-52.76179],[-68.86761,-52.76162],[-68.85099,-52.77303],[-68.83923,-52.75686],[-68.81626,-52.75459],[-68.80845,-52.72183]]]},"properties":{"COD_SHAC":"SHAC-12-1292","SHAC":"Río Calafate","REGION":"Magallanes y de la Antártica Chilena","NOM_ACUIF":"Tierra del Fuego","COD_BNA_SH":"1292","COD_REG":"12"}},
{"type":"Feature","geometry":{"type":"Polygon","coordinates":[[[-69.21527,-52.19661],[-69.17279,-52.19338],[-69.13856,-52.19883],[-69.08139,-52.21815],[-69.05007,-52.23388],[-69.00575,-52.27089],[-68.9694,-52.2913],[-68.95838,-52.29125],[-68.8935,-52.30598],[-68.85655,-52.31038],[-68.82843,-52.30702],[-68.78598,-52.3186],[-68.75683,-52.30906],[-68.74141,-52.30841],[-68.66871,-52.31482],[-68.6278,-52.3206],[-68.5821,-52.33783],[-68.55751,-52.34311],[-68.51424,-52.33724],[-68.50776,-52.32994],[-68.57346,-52.32518],[-68.586,-52.3067],[-68.70971,-52.28552],[-68.83798,-52.27774],[-68.98686,-52.20358],[-69.07859,-52.18351],[-69.19012,-52.15004],[-69.23049,-52.15037],[-69.23927,-52.16965],[-69.21527,-52.19661]]]},"properties":{"COD_SHAC":"SHAC-12-1270","SHAC":"Punta Dúngeness","REGION":"Magallanes y de la Antártica Chilena","NOM_ACUIF":"Magallanes","COD_BNA_SH":"1270","COD_REG":"12"}},
{"type":"Feature","geometry":{"type":"Polygon","coordinates":[[[-69.44526,-53.687],[-69.49083,-53.67313],[-69.52026,-53.67264],[-69.53603,-53.66182],[-69.51933,-53.63216],[-69.49036,-53.60958],[-69.48888,-53.59581],[-69.50163,-53.5739],[-69.53208,-53.58254],[-69.58724,-53.60507],[-69.60009,-53.6127],[-69.64613,-53.63022],[-69.66257,-53.64233],[-69.71763,-53.655],[-69.78128,-53.66643],[-69.82987,-53.66579],[-69.86311,-53.66981],[-69.86885,-53.66306],[-69.89979,-53.65979],[-69.95605,-53.70877],[-70.00582,-53.7269],[-70.08174,-53.7335],[-70.12789,-53.7462],[-70.14208,-53.7618],[-70.11942,-53.76776],[-70.1068,-53.78956],[-70.0835,-53.80516],[-70.03836,-53.79155],[-70.01061,-53.80173],[-70.00762,-53.83109],[-69.97616,-53.82873],[-69.95155,-53.85973],[-69.93191,-53.86439],[-69.90199,-53.89509],[-69.91157,-53.90211],[-69.88684,-53.91652],[-69.85597,-53.92377],[-69.85881,-53.90123],[-69.83909,-53.88091],[-69.81681,-53.86537],[-69.78835,-53.85386],[-69.78497,-53.84089],[-69.76732,-53.82588],[-69.76856,-53.8146],[-69.72734,-53.79826],[-69.69099,-53.77208],[-69.64226,-53.76736],[-69.62436,-53.77787],[-69.56304,-53.76818],[-69.51607,-53.76797],[-69.52115,-53.73301],[-69.4839,-53.70382],[-69.44526,-53.687]]]},"properties":{"COD_SHAC":"SHAC-12-1305","SHAC":"Ríos Moritz Green y McKlelland","REGION":"Magallanes y de la Antártica Chilena","NOM_ACUIF":"Tierra del Fuego","COD_BNA_SH":"1305","COD_REG":"12"}},
{"type":"Feature","geometry":{"type":"Polygon","coordinates":[[[-69.08721,-53.41844],[-69.12504,-53.41657],[-69.13871,-53.40756],[-69.15924,-53.40682],[-69.20182,-53.42168],[-69.31688,-53.43839],[-69.30789,-53.47749],[-69.31445,-53.49065],[-69.33018,-53.50126],[-69.31556,-53.51339],[-69.31678,-53.54242],[-69.33527,-53.54558],[-69.33986,-53.55775],[-69.35996,-53.57509],[-69.41156,-53.60319],[-69.42984,-53.61996],[-69.43921,-53.6446],[-69.42187,-53.65849],[-69.40512,-53.65281],[-69.38618,-53.62731],[-69.3686,-53.63075],[-69.33963,-53.62277],[-69.30545,-53.62172],[-69.29405,-53.62974],[-69.26121,-53.61718],[-69.21878,-53.59442],[-69.19198,-53.58689],[-69.16643,-53.57283],[-69.15497,-53.55816],[-69.1186,-53.53976],[-69.11491,-53.52435],[-69.10131,-53.51152],[-69.08495,-53.51106],[-69.07974,-53.49964],[-69.10193,-53.48019],[-69.07716,-53.45487],[-69.08974,-53.44877],[-69.08721,-53.41844]]]},"properties":{"COD_SHAC":"SHAC-12-1296","SHAC":"Río Marazzi","REGION":"Magallanes y de la Antártica Chilena","NOM_ACUIF":"Tierra del Fuego","COD_BNA_SH":"1296","COD_REG":"12"}},
{"type":"Feature","geometry":{"type":"Polygon","coordinates":[[[-69.33425,-53.39456],[-69.31688,-53.43839],[-69.20182,-53.42168],[-69.15924,-53.40682],[-69.13871,-53.40756],[-69.12504,-53.41657],[-69.08721,-53.41844],[-69.07245,-53.40683],[-69.06128,-53.38876],[-69.02657,-53.36156],[-69.01851,-53.33979],[-69.03825,-53.3285],[-69.04237,-53.31708],[-69.05761,-53.30718],[-69.09959,-53.32789],[-69.11928,-53.32426],[-69.13551,-53.32919],[-69.15144,-53.34268],[-69.1737,-53.34284],[-69.20109,-53.3525],[-69.23851,-53.35229],[-69.2819,-53.38172],[-69.33425,-53.39456]]]},"properties":{"COD_SHAC":"SHAC-12-1300","SHAC":"Río Pantano","REGION":"Magallanes y de la Antártica Chilena","NOM_ACUIF":"Tierra del Fuego","COD_BNA_SH":"1300","COD_REG":"12"}},
{"type":"Feature","geometry":{"type":"Polygon","coordinates":[[[-69.23902,-53.266],[-69.25442,-53.2622],[-69.28062,-53.26488],[-69.30687,-53.27504],[-69.30475,-53.29265],[-69.33164,-53.29733],[-69.34242,-53.30432],[-69.35763,-53.34268],[-69.36891,-53.35851],[-69.34723,-53.37618],[-69.33425,-53.39456],[-69.2819,-53.38172],[-69.23851,-53.35229],[-69.24437,-53.34671],[-69.2394,-53.32506],[-69.24546,-53.30176],[-69.23733,-53.28094],[-69.23902,-53.266]]]},"properties":{"COD_SHAC":"SHAC-12-1291","SHAC":"Lago Patos","REGION":"Magallanes y de la Antártica Chilena","NOM_ACUIF":"Tierra del Fuego","COD_BNA_SH":"1291","COD_REG":"12"}},
{"type":"Feature","geometry":{"type":"Polygon","coordinates":[[[-69.96907,-53.34908],[-69.99238,-53.35001],[-70.00493,-53.36001],[-70.04477,-53.3674],[-70.05593,-53.37652],[-70.12036,-53.38015],[-70.13123,-53.39236],[-70.1678,-53.38737],[-70.17668,-53.36845],[-70.2146,-53.36841],[-70.21767,-53.35399],[-70.24282,-53.35138],[-70.30531,-53.35657],[-70.33402,-53.34995],[-70.35041,-53.3528],[-70.37053,-53.37209],[-70.38068,-53.39112],[-70.36058,-53.39745],[-70.33177,-53.39428],[-70.30122,-53.41703],[-70.29986,-53.43514],[-70.26435,-53.46189],[-70.21356,-53.47723],[-70.16859,-53.46077],[-70.1092,-53.45563],[-70.03406,-53.42333],[-69.99603,-53.41611],[-69.96824,-53.39948],[-69.93032,-53.38986],[-69.95782,-53.35319],[-69.96907,-53.34908]]]},"properties":{"COD_SHAC":"SHAC-12-1306","SHAC":"Ríos Santa María Rosario y Esperanza","REGION":"Magallanes y de la Antártica Chilena","NOM_ACUIF":"Tierra del Fuego","COD_BNA_SH":"1306","COD_REG":"12"}},
{"type":"Feature","geometry":{"type":"Polygon","coordinates":[[[-69.44526,-53.687],[-69.42187,-53.65849],[-69.43921,-53.6446],[-69.42984,-53.61996],[-69.41156,-53.60319],[-69.35996,-53.57509],[-69.33986,-53.55775],[-69.33527,-53.54558],[-69.31678,-53.54242],[-69.31556,-53.51339],[-69.33018,-53.50126],[-69.35321,-53.52173],[-69.40196,-53.54006],[-69.44749,-53.55316],[-69.46607,-53.56329],[-69.50163,-53.5739],[-69.48888,-53.59581],[-69.49036,-53.60958],[-69.51933,-53.63216],[-69.53603,-53.66182],[-69.52026,-53.67264],[-69.49083,-53.67313],[-69.44526,-53.687]]]},"properties":{"COD_SHAC":"SHAC-12-1303","SHAC":"Río Torcido","REGION":"Magallanes y de la Antártica Chilena","NOM_ACUIF":"Tierra del Fuego","COD_BNA_SH":"1303","COD_REG":"12"}},
{"type":"Feature","geometry":{"type":"Polygon","coordinates":[[[-68.60651,-53.01333],[-68.60664,-52.78564],[-68.60672,-52.6593],[-68.62884,-52.64066],[-68.63774,-52.67423],[-68.6529,-52.69457],[-68.71207,-52.72186],[-68.7371,-52.73549],[-68.77099,-52.73724],[-68.79794,-52.72036],[-68.80845,-52.72183],[-68.81626,-52.75459],[-68.83923,-52.75686],[-68.85099,-52.77303],[-68.86761,-52.76162],[-68.88194,-52.76179],[-68.87358,-52.78236],[-68.88285,-52.79639],[-68.91656,-52.79185],[-68.92236,-52.77966],[-68.93836,-52.78071],[-68.98118,-52.77938],[-68.97449,-52.79479],[-68.95249,-52.79826],[-68.93278,-52.81205],[-68.9312,-52.84033],[-68.93654,-52.85679],[-68.95491,-52.86584],[-68.97251,-52.89551],[-69.02811,-52.92194],[-69.06878,-52.93154],[-69.08857,-52.94798],[-69.10335,-52.95191],[-69.1055,-52.96849],[-69.09149,-52.97917],[-69.09231,-52.99295],[-69.11854,-53.03442],[-69.10184,-53.04478],[-69.03355,-53.01771],[-69.00875,-53.00358],[-68.96209,-52.98976],[-68.87735,-52.98531],[-68.82955,-52.98846],[-68.80662,-52.99377],[-68.7404,-52.99574],[-68.73845,-53.00582],[-68.68713,-53.01261],[-68.60651,-53.01333]]]},"properties":{"COD_SHAC":"SHAC-12-1294","SHAC":"Río Cullén","REGION":"Magallanes y de la Antártica Chilena","NOM_ACUIF":"Tierra del Fuego","COD_BNA_SH":"1294","COD_REG":"12"}},
{"type":"Feature","geometry":{"type":"Polygon","coordinates":[[[-68.60644,-53.37946],[-68.68271,-53.37921],[-68.70703,-53.38312],[-68.73569,-53.4071],[-68.75879,-53.39587],[-68.84179,-53.40719],[-68.84471,-53.41505],[-68.88586,-53.43365],[-68.93343,-53.44938],[-68.95874,-53.48008],[-69.00718,-53.47958],[-69.01723,-53.49136],[-69.01301,-53.50437],[-69.03866,-53.51033],[-69.08917,-53.52913],[-69.09778,-53.5403],[-69.1186,-53.53976],[-69.15497,-53.55816],[-69.16643,-53.57283],[-69.19198,-53.58689],[-69.21878,-53.59442],[-69.20313,-53.59992],[-69.21078,-53.619],[-69.22423,-53.63344],[-69.21209,-53.65038],[-69.19412,-53.64979],[-69.2087,-53.67989],[-69.1667,-53.69761],[-69.13128,-53.67763],[-69.13291,-53.66357],[-69.11991,-53.65203],[-69.0867,-53.64972],[-69.04132,-53.66173],[-69.03976,-53.66893],[-68.99231,-53.67186],[-68.96037,-53.66061],[-68.93488,-53.67537],[-68.91205,-53.67486],[-68.90397,-53.66559],[-68.87834,-53.65671],[-68.85621,-53.66653],[-68.83411,-53.66493],[-68.75485,-53.63541],[-68.70603,-53.63038],[-68.6591,-53.64248],[-68.63234,-53.63952],[-68.6068,-53.6422],[-68.60644,-53.37946]]]},"properties":{"COD_SHAC":"SHAC-12-1293","SHAC":"Río Chico","REGION":"Magallanes y de la Antártica Chilena","NOM_ACUIF":"Tierra del Fuego","COD_BNA_SH":"1293","COD_REG":"12"}},
{"type":"Feature","geometry":{"type":"Polygon","coordinates":[[[-73.34341,-52.68183],[-73.33648,-52.6776],[-73.35545,-52.65704],[-73.4053,-52.69761],[-73.42907,-52.71189],[-73.42779,-52.72518],[-73.4036,-52.73411],[-73.37926,-52.73138],[-73.32706,-52.6939],[-73.34341,-52.68183]]]},"properties":{"COD_SHAC":"SHAC-12-1237","SHAC":"Isla Caldera","REGION":"Magallanes y de la Antártica Chilena","NOM_ACUIF":"Costeras Bahía Desengaño-Seno Otway","COD_BNA_SH":"1237","COD_REG":"12"}},
{"type":"Feature","geometry":{"type":"Polygon","coordinates":[[[-73.13442,-52.14292],[-73.11977,-52.13519],[-73.09615,-52.14323],[-73.07096,-52.14644],[-73.04671,-52.14351],[-73.02475,-52.15043],[-73.00817,-52.14225],[-73.0061,-52.1289],[-73.01972,-52.11105],[-73.01683,-52.09432],[-72.99686,-52.06427],[-73.02581,-52.06423],[-73.05612,-52.07911],[-73.10206,-52.09211],[-73.14508,-52.11459],[-73.14008,-52.12514],[-73.15342,-52.1396],[-73.13442,-52.14292]]]},"properties":{"COD_SHAC":"SHAC-12-1240","SHAC":"Pinínsula Vicuña Mackenna","REGION":"Magallanes y de la Antártica Chilena","NOM_ACUIF":"Costeras Bahía Desengaño-Seno Otway","COD_BNA_SH":"1240","COD_REG":"12"}},
{"type":"Feature","geometry":{"type":"Polygon","coordinates":[[[-73.15342,-52.1396],[-73.16231,-52.12223],[-73.17969,-52.11317],[-73.21163,-52.11006],[-73.23252,-52.11357],[-73.2252,-52.13513],[-73.24134,-52.16035],[-73.23202,-52.17651],[-73.24424,-52.1835],[-73.25234,-52.20001],[-73.2946,-52.20664],[-73.28131,-52.21961],[-73.25573,-52.22773],[-73.24282,-52.21023],[-73.20951,-52.21344],[-73.18796,-52.22225],[-73.14001,-52.22868],[-73.11667,-52.21757],[-73.10307,-52.19673],[-73.05942,-52.15536],[-73.11572,-52.14116],[-73.13442,-52.14292],[-73.15342,-52.1396]]]},"properties":{"COD_SHAC":"SHAC-12-1235","SHAC":"Bahía Leeward","REGION":"Magallanes y de la Antártica Chilena","NOM_ACUIF":"Costeras Bahía Desengaño-Seno Otway","COD_BNA_SH":"1235","COD_REG":"12"}},
{"type":"Feature","geometry":{"type":"Polygon","coordinates":[[[-72.07644,-51.77304],[-72.11059,-51.76908],[-72.12089,-51.74476],[-72.15204,-51.74596],[-72.18474,-51.73521],[-72.18623,-51.72206],[-72.19979,-51.71301],[-72.22329,-51.70721],[-72.2391,-51.71145],[-72.25552,-51.70258],[-72.27861,-51.70483],[-72.29618,-51.69986],[-72.30079,-51.68703],[-72.29089,-51.67827],[-72.28682,-51.63302],[-72.31911,-51.62538],[-72.32304,-51.59293],[-72.33824,-51.58412],[-72.38066,-51.59159],[-72.40324,-51.58699],[-72.44054,-51.58507],[-72.45708,-51.60962],[-72.44814,-51.63086],[-72.43784,-51.64041],[-72.41157,-51.64598],[-72.39573,-51.66818],[-72.36323,-51.68767],[-72.35633,-51.70183],[-72.32995,-51.71099],[-72.29603,-51.75095],[-72.28758,-51.77922],[-72.24806,-51.7908],[-72.18511,-51.78861],[-72.17376,-51.83463],[-72.15354,-51.8465],[-72.13258,-51.83459],[-72.12234,-51.81434],[-72.10237,-51.79075],[-72.07644,-51.77304]]]},"properties":{"COD_SHAC":"SHAC-12-1252","SHAC":"Río Tranquilo","REGION":"Magallanes y de la Antártica Chilena","NOM_ACUIF":"Costeras Bahía Desengaño-Seno Otway","COD_BNA_SH":"1252","COD_REG":"12"}},
{"type":"Feature","geometry":{"type":"Polygon","coordinates":[[[-72.05153,-52.55284],[-72.05373,-52.52707],[-72.06279,-52.51229],[-72.05754,-52.47789],[-72.07249,-52.46492],[-72.07204,-52.44208],[-72.08253,-52.42384],[-72.10829,-52.41637],[-72.10736,-52.39853],[-72.09701,-52.38124],[-72.10367,-52.35531],[-72.09516,-52.33268],[-72.12911,-52.32374],[-72.1463,-52.32902],[-72.17039,-52.3292],[-72.19682,-52.33779],[-72.19691,-52.33777],[-72.19812,-52.35693],[-72.22965,-52.36204],[-72.22275,-52.37878],[-72.20702,-52.39029],[-72.24021,-52.40838],[-72.27225,-52.40409],[-72.26892,-52.42227],[-72.25864,-52.43011],[-72.24995,-52.44887],[-72.28974,-52.46427],[-72.2937,-52.48097],[-72.29005,-52.49749],[-72.27976,-52.50864],[-72.28062,-52.52825],[-72.2501,-52.54102],[-72.23923,-52.55142],[-72.2147,-52.53065],[-72.18956,-52.537],[-72.16525,-52.5219],[-72.15409,-52.52183],[-72.12801,-52.53897],[-72.12651,-52.51749],[-72.09064,-52.53868],[-72.08095,-52.53539],[-72.05153,-52.55284]]]},"properties":{"COD_SHAC":"SHAC-12-1249","SHAC":"Río Nutria","REGION":"Magallanes y de la Antártica Chilena","NOM_ACUIF":"Costeras Bahía Desengaño-Seno Otway","COD_BNA_SH":"1249","COD_REG":"12"}},
{"type":"Feature","geometry":{"type":"Polygon","coordinates":[[[-72.35358,-52.55098],[-72.38148,-52.53521],[-72.37703,-52.55056],[-72.38829,-52.55833],[-72.45341,-52.55235],[-72.4895,-52.55563],[-72.51491,-52.56981],[-72.53038,-52.59414],[-72.56277,-52.60271],[-72.55951,-52.61042],[-72.52338,-52.62523],[-72.51076,-52.62605],[-72.48973,-52.64174],[-72.45376,-52.66027],[-72.42779,-52.66704],[-72.42333,-52.65264],[-72.3991,-52.63404],[-72.43078,-52.63397],[-72.43721,-52.62558],[-72.41147,-52.62057],[-72.40966,-52.61307],[-72.37869,-52.60033],[-72.36872,-52.58703],[-72.35208,-52.58069],[-72.34456,-52.56842],[-72.35358,-52.55098]]]},"properties":{"COD_SHAC":"SHAC-12-1239","SHAC":"Península Diadema","REGION":"Magallanes y de la Antártica Chilena","NOM_ACUIF":"Costeras Bahía Desengaño-Seno Otway","COD_BNA_SH":"1239","COD_REG":"12"}},
{"type":"Feature","geometry":{"type":"Polygon","coordinates":[[[-72.41937,-52.51534],[-72.4408,-52.481],[-72.45422,-52.47897],[-72.49706,-52.48465],[-72.52359,-52.50607],[-72.52863,-52.52048],[-72.56161,-52.53226],[-72.59591,-52.50817],[-72.64304,-52.50106],[-72.64758,-52.51772],[-72.67217,-52.52816],[-72.71476,-52.53817],[-72.74,-52.53947],[-72.75974,-52.52819],[-72.77438,-52.52829],[-72.78997,-52.51359],[-72.79314,-52.49526],[-72.83042,-52.50453],[-72.83315,-52.52108],[-72.85858,-52.52675],[-72.88206,-52.5189],[-72.89408,-52.52594],[-72.88251,-52.53892],[-72.8791,-52.55496],[-72.84766,-52.56005],[-72.83759,-52.53999],[-72.79968,-52.55952],[-72.78023,-52.57507],[-72.7637,-52.57759],[-72.74344,-52.56608],[-72.68828,-52.55773],[-72.67777,-52.54827],[-72.63148,-52.54119],[-72.65396,-52.5586],[-72.60996,-52.57811],[-72.56808,-52.58682],[-72.53141,-52.54976],[-72.50842,-52.54221],[-72.49328,-52.5491],[-72.44297,-52.52913],[-72.41937,-52.51534]]]},"properties":{"COD_SHAC":"SHAC-12-1236","SHAC":"Estero Las Rucas","REGION":"Magallanes y de la Antártica Chilena","NOM_ACUIF":"Costeras Bahía Desengaño-Seno Otway","COD_BNA_SH":"1236","COD_REG":"12"}},
{"type":"Feature","geometry":{"type":"Polygon","coordinates":[[[-72.28587,-52.23078],[-72.30058,-52.22733],[-72.34743,-52.24428],[-72.35243,-52.26253],[-72.36558,-52.27506],[-72.42376,-52.27585],[-72.44603,-52.2503],[-72.45274,-52.23319],[-72.47675,-52.21327],[-72.47484,-52.2331],[-72.48914,-52.25441],[-72.51516,-52.26748],[-72.51529,-52.28602],[-72.50766,-52.29611],[-72.51674,-52.33211],[-72.51539,-52.34091],[-72.50685,-52.34628],[-72.46269,-52.34084],[-72.43987,-52.34858],[-72.39205,-52.34839],[-72.3878,-52.33695],[-72.36408,-52.32954],[-72.34384,-52.33005],[-72.33723,-52.32162],[-72.26774,-52.30116],[-72.25922,-52.30267],[-72.23762,-52.3233],[-72.19691,-52.33777],[-72.19682,-52.33779],[-72.18204,-52.32645],[-72.18043,-52.31215],[-72.16342,-52.30114],[-72.1683,-52.2796],[-72.18334,-52.27833],[-72.21784,-52.26175],[-72.22076,-52.24933],[-72.24724,-52.24887],[-72.27313,-52.2417],[-72.28587,-52.23078]]]},"properties":{"COD_SHAC":"SHAC-12-1245","SHAC":"Rio Blanco XI costa","REGION":"Magallanes y de la Antártica Chilena","NOM_ACUIF":"Costeras Bahía Desengaño-Seno Otway","COD_BNA_SH":"1245","COD_REG":"12"}},
{"type":"Feature","geometry":{"type":"Polygon","coordinates":[[[-70.95279,-53.62352],[-70.92452,-53.60866],[-70.93675,-53.59387],[-70.9247,-53.58601],[-70.9423,-53.561],[-70.93647,-53.54592],[-70.96035,-53.4958],[-70.97342,-53.45378],[-70.97307,-53.4314],[-70.98813,-53.39675],[-70.97755,-53.37061],[-70.96048,-53.3625],[-70.95568,-53.3451],[-70.93594,-53.31768],[-70.93421,-53.30417],[-70.94884,-53.25291],[-70.93802,-53.23316],[-70.94087,-53.22148],[-70.93425,-53.19845],[-70.91631,-53.17042],[-70.88887,-53.16324],[-70.88198,-53.14579],[-70.85448,-53.13077],[-70.87933,-53.10523],[-70.85847,-53.06279],[-70.8154,-53.00668],[-70.81297,-52.98933],[-70.8259,-52.96251],[-70.8132,-52.95035],[-70.79227,-52.94838],[-70.78146,-52.93711],[-70.87536,-52.91938],[-70.90355,-52.94346],[-70.93816,-52.95363],[-70.95311,-52.98199],[-70.97355,-52.99046],[-71.03241,-52.99374],[-71.04986,-53.01338],[-71.05806,-53.03389],[-71.03601,-53.04847],[-71.019,-53.07732],[-71.03278,-53.09346],[-71.08837,-53.1038],[-71.10001,-53.11604],[-71.13209,-53.12123],[-71.1281,-53.14161],[-71.09845,-53.14863],[-71.07755,-53.15987],[-71.08637,-53.21018],[-71.1043,-53.22441],[-71.13699,-53.22183],[-71.14602,-53.23247],[-71.16848,-53.23631],[-71.19036,-53.28242],[-71.22409,-53.28802],[-71.24662,-53.29555],[-71.2644,-53.29531],[-71.26979,-53.3071],[-71.29565,-53.31589],[-71.29083,-53.3245],[-71.26745,-53.3249],[-71.25804,-53.34923],[-71.23303,-53.38127],[-71.21174,-53.39268],[-71.2348,-53.40248],[-71.23748,-53.42057],[-71.20896,-53.43522],[-71.16975,-53.43193],[-71.15254,-53.44778],[-71.11899,-53.45823],[-71.13348,-53.47285],[-71.1011,-53.48717],[-71.06749,-53.52403],[-71.05343,-53.52091],[-71.03131,-53.53566],[-71.01811,-53.53692],[-71.00754,-53.55718],[-71.01597,-53.56803],[-70.9797,-53.60389],[-70.97227,-53.62202],[-70.95279,-53.62352]]]},"properties":{"COD_SHAC":"SHAC-12-1269","SHAC":"Punta Arenas","REGION":"Magallanes y de la Antártica Chilena","NOM_ACUIF":"Magallanes","COD_BNA_SH":"1269","COD_REG":"12"}},
{"type":"Feature","geometry":{"type":"Polygon","coordinates":[[[-70.63386,-52.84488],[-70.64067,-52.83654],[-70.69061,-52.85144],[-70.73828,-52.87772],[-70.75096,-52.8752],[-70.78491,-52.89184],[-70.77947,-52.91209],[-70.72767,-52.90879],[-70.70356,-52.89218],[-70.65204,-52.86664],[-70.64971,-52.85615],[-70.63386,-52.84488]]]},"properties":{"COD_SHAC":"SHAC-12-1266","SHAC":"Isla Isabel","REGION":"Magallanes y de la Antártica Chilena","NOM_ACUIF":"Magallanes","COD_BNA_SH":"1266","COD_REG":"12"}},
{"type":"Feature","geometry":{"type":"Polygon","coordinates":[[[-71.48142,-53.31373],[-71.48344,-53.29556],[-71.53312,-53.25581],[-71.54356,-53.24077],[-71.53291,-53.2264],[-71.55368,-53.21389],[-71.55444,-53.20194],[-71.59036,-53.18629],[-71.5957,-53.16873],[-71.6063,-53.19973],[-71.62822,-53.20711],[-71.66997,-53.19929],[-71.70825,-53.21485],[-71.74349,-53.21322],[-71.73124,-53.23152],[-71.74274,-53.25867],[-71.76001,-53.2695],[-71.7674,-53.29249],[-71.7476,-53.31577],[-71.77555,-53.3098],[-71.77986,-53.32647],[-71.74956,-53.37257],[-71.76455,-53.38159],[-71.75658,-53.40579],[-71.76937,-53.41458],[-71.74811,-53.44721],[-71.76478,-53.46703],[-71.77855,-53.4916],[-71.80608,-53.50645],[-71.80395,-53.51628],[-71.82101,-53.52234],[-71.89368,-53.53267],[-71.92573,-53.54123],[-71.97689,-53.56319],[-72.00485,-53.5667],[-72.00918,-53.53924],[-72.00476,-53.5249],[-71.95423,-53.51375],[-71.9216,-53.51208],[-71.90793,-53.49811],[-71.85569,-53.47826],[-71.83704,-53.48441],[-71.80373,-53.46489],[-71.80795,-53.45323],[-71.7882,-53.43921],[-71.76952,-53.43965],[-71.77758,-53.41267],[-71.79696,-53.40815],[-71.81282,-53.37181],[-71.82658,-53.36437],[-71.82221,-53.3151],[-71.82664,-53.29725],[-71.82528,-53.27385],[-71.85634,-53.23249],[-71.86959,-53.22586],[-71.90885,-53.23562],[-71.9257,-53.23515],[-71.97826,-53.22536],[-72.02106,-53.23365],[-72.03977,-53.25558],[-72.044,-53.28623],[-72.02115,-53.3361],[-72.02653,-53.36051],[-72.01789,-53.3783],[-72.04542,-53.38522],[-72.07673,-53.38602],[-72.09145,-53.41169],[-72.1488,-53.4258],[-72.1645,-53.43529],[-72.2217,-53.45015],[-72.23647,-53.43495],[-72.20119,-53.43116],[-72.1696,-53.41964],[-72.1508,-53.40784],[-72.15969,-53.3963],[-72.14551,-53.38461],[-72.12901,-53.39321],[-72.11363,-53.38753],[-72.11512,-53.37736],[-72.09544,-53.35892],[-72.10148,-53.34391],[-72.09564,-53.32919],[-72.11034,-53.31396],[-72.10692,-53.29522],[-72.11845,-53.28551],[-72.12049,-53.25287],[-72.17429,-53.26358],[-72.18376,-53.25838],[-72.25311,-53.2585],[-72.26285,-53.25217],[-72.2907,-53.25088],[-72.31698,-53.2594],[-72.31765,-53.26636],[-72.34302,-53.27199],[-72.37886,-53.29415],[-72.39721,-53.29458],[-72.41251,-53.30409],[-72.41983,-53.31846],[-72.44314,-53.32467],[-72.43664,-53.33485],[-72.44636,-53.3465],[-72.42205,-53.37248],[-72.38552,-53.39537],[-72.39426,-53.42106],[-72.38104,-53.43282],[-72.36448,-53.43092],[-72.34024,-53.44438],[-72.32865,-53.43917],[-72.2871,-53.44516],[-72.27338,-53.46101],[-72.27808,-53.47426],[-72.24619,-53.48535],[-72.23786,-53.49409],[-72.20334,-53.48333],[-72.18624,-53.46214],[-72.16795,-53.45938],[-72.14768,-53.47936],[-72.13619,-53.48143],[-72.09606,-53.47043],[-72.03748,-53.47777],[-72.04151,-53.49064],[-72.07047,-53.50002],[-72.09619,-53.51884],[-72.12325,-53.52632],[-72.14869,-53.53839],[-72.17538,-53.54225],[-72.21192,-53.53338],[-72.2448,-53.54674],[-72.2289,-53.55775],[-72.23212,-53.57611],[-72.21066,-53.58217],[-72.21213,-53.59775],[-72.15635,-53.60221],[-72.13089,-53.58614],[-72.09196,-53.60036],[-72.10983,-53.60841],[-72.09399,-53.62656],[-72.05564,-53.62744],[-72.02902,-53.63927],[-72.00279,-53.63897],[-71.98353,-53.64631],[-71.97674,-53.63072],[-71.94798,-53.61939],[-71.93976,-53.61069],[-71.90117,-53.61132],[-71.89528,-53.60194],[-71.87542,-53.59694],[-71.85987,-53.60544],[-71.83234,-53.59775],[-71.82727,-53.60429],[-71.79502,-53.61602],[-71.77183,-53.62053],[-71.77317,-53.63503],[-71.74579,-53.635],[-71.70799,-53.65137],[-71.69843,-53.66564],[-71.68134,-53.67058],[-71.64242,-53.65403],[-71.65356,-53.63926],[-71.64692,-53.62548],[-71.61766,-53.61882],[-71.59655,-53.60084],[-71.57506,-53.60905],[-71.5585,-53.6073],[-71.55323,-53.58852],[-71.53,-53.59753],[-71.49723,-53.59398],[-71.4878,-53.57292],[-71.46538,-53.5645],[-71.47039,-53.54183],[-71.4603,-53.52776],[-71.48089,-53.51367],[-71.49382,-53.47537],[-71.51387,-53.46386],[-71.50408,-53.44682],[-71.52092,-53.4421],[-71.52849,-53.42552],[-71.4633,-53.41293],[-71.4448,-53.38602],[-71.47281,-53.3621],[-71.46722,-53.34321],[-71.48142,-53.31373]]]},"properties":{"COD_SHAC":"SHAC-12-1271","SHAC":"Río la Caleta","REGION":"Magallanes y de la Antártica Chilena","NOM_ACUIF":"Magallanes","COD_BNA_SH":"1271","COD_REG":"12"}},
{"type":"Feature","geometry":{"type":"Polygon","coordinates":[[[-70.87536,-52.91938],[-70.88791,-52.91146],[-70.84944,-52.90367],[-70.83615,-52.89442],[-70.83298,-52.8791],[-70.83786,-52.86108],[-70.81239,-52.85028],[-70.81502,-52.83445],[-70.80283,-52.82876],[-70.7933,-52.81271],[-70.76257,-52.81202],[-70.73537,-52.78334],[-70.75322,-52.77746],[-70.77344,-52.78825],[-70.80505,-52.78431],[-70.84543,-52.78877],[-70.86352,-52.79508],[-70.86202,-52.81327],[-70.90517,-52.8232],[-70.94582,-52.84958],[-70.97542,-52.86009],[-71.01617,-52.86875],[-71.03473,-52.87672],[-71.03304,-52.89812],[-71.04033,-52.90674],[-71.09177,-52.91714],[-71.09439,-52.93293],[-71.06967,-52.94816],[-71.05055,-52.97408],[-71.07736,-52.98814],[-71.09372,-53.0165],[-71.09837,-53.03495],[-71.07998,-53.08044],[-71.09094,-53.08667],[-71.08837,-53.1038],[-71.03278,-53.09346],[-71.019,-53.07732],[-71.03601,-53.04847],[-71.05806,-53.03389],[-71.04986,-53.01338],[-71.03241,-52.99374],[-70.97355,-52.99046],[-70.95311,-52.98199],[-70.93816,-52.95363],[-70.90355,-52.94346],[-70.87536,-52.91938]]]},"properties":{"COD_SHAC":"SHAC-12-1272","SHAC":"Río Pescado","REGION":"Magallanes y de la Antártica Chilena","NOM_ACUIF":"Magallanes","COD_BNA_SH":"1272","COD_REG":"12"}},
{"type":"Feature","geometry":{"type":"Polygon","coordinates":[[[-71.29083,-53.3245],[-71.29565,-53.31589],[-71.26979,-53.3071],[-71.2644,-53.29531],[-71.24662,-53.29555],[-71.22409,-53.28802],[-71.19036,-53.28242],[-71.16848,-53.23631],[-71.14602,-53.23247],[-71.13699,-53.22183],[-71.1043,-53.22441],[-71.08637,-53.21018],[-71.07755,-53.15987],[-71.09845,-53.14863],[-71.1281,-53.14161],[-71.13209,-53.12123],[-71.10001,-53.11604],[-71.08837,-53.1038],[-71.09094,-53.08667],[-71.07998,-53.08044],[-71.09837,-53.03495],[-71.09372,-53.0165],[-71.07736,-52.98814],[-71.05055,-52.97408],[-71.06967,-52.94816],[-71.09439,-52.93293],[-71.09177,-52.91714],[-71.04033,-52.90674],[-71.03304,-52.89812],[-71.03473,-52.87672],[-71.07551,-52.88594],[-71.11493,-52.89106],[-71.11924,-52.91239],[-71.14554,-52.92129],[-71.15949,-52.93719],[-71.19324,-52.95203],[-71.24532,-52.98944],[-71.25799,-53.00533],[-71.26108,-53.03246],[-71.27802,-53.04485],[-71.28555,-53.05922],[-71.32312,-53.07812],[-71.33996,-53.09479],[-71.34071,-53.11297],[-71.36824,-53.12612],[-71.40743,-53.14002],[-71.46203,-53.14782],[-71.50763,-53.14396],[-71.5217,-53.15905],[-71.54356,-53.1698],[-71.57006,-53.16321],[-71.5957,-53.16873],[-71.59036,-53.18629],[-71.55444,-53.20194],[-71.55368,-53.21389],[-71.53291,-53.2264],[-71.54356,-53.24077],[-71.53312,-53.25581],[-71.48344,-53.29556],[-71.48142,-53.31373],[-71.43357,-53.3213],[-71.37795,-53.31629],[-71.33761,-53.36112],[-71.32209,-53.36973],[-71.288,-53.36974],[-71.29713,-53.34754],[-71.29083,-53.3245]]]},"properties":{"COD_SHAC":"SHAC-12-1276","SHAC":"Ríos El Canelo y Los Patos","REGION":"Magallanes y de la Antártica Chilena","NOM_ACUIF":"Magallanes","COD_BNA_SH":"1276","COD_REG":"12"}},
{"type":"Feature","geometry":{"type":"Polygon","coordinates":[[[-69.21606,-52.65858],[-69.22579,-52.65012],[-69.24879,-52.61603],[-69.26587,-52.60734],[-69.31646,-52.55358],[-69.32169,-52.5342],[-69.35682,-52.50615],[-69.37757,-52.47487],[-69.40644,-52.4545],[-69.43026,-52.45298],[-69.4635,-52.47755],[-69.48672,-52.48083],[-69.51162,-52.49512],[-69.5315,-52.49525],[-69.58452,-52.52542],[-69.60242,-52.54498],[-69.61029,-52.58075],[-69.58949,-52.63071],[-69.59431,-52.65068],[-69.6328,-52.67517],[-69.64188,-52.69633],[-69.66909,-52.71939],[-69.68692,-52.72755],[-69.69477,-52.74679],[-69.729,-52.76942],[-69.74799,-52.77665],[-69.74447,-52.78611],[-69.719,-52.81152],[-69.71891,-52.83464],[-69.71171,-52.84089],[-69.7191,-52.86062],[-69.68409,-52.8905],[-69.65894,-52.90526],[-69.66252,-52.91148],[-69.63639,-52.94029],[-69.62425,-52.94098],[-69.57854,-52.91001],[-69.57393,-52.90018],[-69.52102,-52.89462],[-69.51403,-52.88433],[-69.46522,-52.86527],[-69.4428,-52.86307],[-69.447,-52.83982],[-69.42432,-52.83003],[-69.38603,-52.82592],[-69.354,-52.81188],[-69.36387,-52.79473],[-69.35724,-52.7648],[-69.34714,-52.76015],[-69.33852,-52.73924],[-69.29482,-52.72071],[-69.25345,-52.71966],[-69.2459,-52.71435],[-69.23905,-52.66622],[-69.21606,-52.65858]]]},"properties":{"COD_SHAC":"SHAC-12-1290","SHAC":"Estancias","REGION":"Magallanes y de la Antártica Chilena","NOM_ACUIF":"Tierra del Fuego","COD_BNA_SH":"1290","COD_REG":"12"}},
{"type":"Feature","geometry":{"type":"Polygon","coordinates":[[[-69.85597,-53.92377],[-69.88684,-53.91652],[-69.91157,-53.90211],[-69.90199,-53.89509],[-69.93191,-53.86439],[-69.95155,-53.85973],[-69.97616,-53.82873],[-70.00762,-53.83109],[-70.01061,-53.80173],[-70.03836,-53.79155],[-70.0835,-53.80516],[-70.1068,-53.78956],[-70.11942,-53.76776],[-70.14208,-53.7618],[-70.16621,-53.77897],[-70.17448,-53.83429],[-70.1562,-53.8677],[-70.16287,-53.87418],[-70.14142,-53.88681],[-70.15182,-53.89649],[-70.14011,-53.90425],[-70.13699,-53.93734],[-70.1043,-53.96008],[-70.10214,-53.97365],[-70.08188,-53.98587],[-70.08071,-54.00192],[-70.0587,-54.02456],[-70.05216,-54.04757],[-70.04142,-54.05692],[-70.06261,-54.07472],[-70.03433,-54.08505],[-70.04155,-54.0958],[-69.96141,-54.125],[-69.93154,-54.14322],[-69.90227,-54.15349],[-69.89183,-54.16854],[-69.86354,-54.16819],[-69.79123,-54.18729],[-69.7689,-54.19817],[-69.74413,-54.19843],[-69.7247,-54.20684],[-69.68844,-54.21427],[-69.66711,-54.21104],[-69.65746,-54.22045],[-69.59918,-54.23326],[-69.58334,-54.24062],[-69.55672,-54.24387],[-69.52473,-54.25333],[-69.48935,-54.27033],[-69.38751,-54.29861],[-69.36079,-54.31058],[-69.31898,-54.31721],[-69.22672,-54.35452],[-69.1747,-54.37174],[-69.1632,-54.38428],[-69.11979,-54.39864],[-69.0772,-54.40744],[-69.05933,-54.41575],[-69.00922,-54.42579],[-68.99221,-54.43729],[-68.94017,-54.46418],[-68.90739,-54.46553],[-68.84167,-54.47786],[-68.85288,-54.5359],[-68.87922,-54.54011],[-68.91448,-54.52622],[-68.93576,-54.54373],[-68.94645,-54.5669],[-68.97578,-54.56645],[-68.98313,-54.57842],[-68.97605,-54.5869],[-68.94469,-54.59931],[-68.94263,-54.61322],[-68.91607,-54.62281],[-68.88012,-54.61891],[-68.84335,-54.61943],[-68.80809,-54.62833],[-68.7847,-54.62604],[-68.786,-54.64411],[-68.76602,-54.6521],[-68.74188,-54.64317],[-68.72156,-54.62456],[-68.69959,-54.62258],[-68.67612,-54.60665],[-68.65643,-54.614],[-68.6468,-54.62921],[-68.6238,-54.63236],[-68.62039,-54.6466],[-68.60273,-54.6466],[-68.60683,-54.5554],[-68.60824,-54.42662],[-68.6279,-54.41637],[-68.6815,-54.41048],[-68.68605,-54.42026],[-68.67316,-54.43941],[-68.69914,-54.44252],[-68.72772,-54.42606],[-68.76591,-54.42561],[-68.78119,-54.40351],[-68.79869,-54.39364],[-68.80964,-54.37886],[-68.79096,-54.35785],[-68.80698,-54.33882],[-68.84781,-54.32931],[-68.86408,-54.3126],[-68.89263,-54.29888],[-68.91965,-54.30562],[-68.94187,-54.29361],[-68.99635,-54.30085],[-69.0092,-54.29722],[-69.02212,-54.2805],[-69.04501,-54.27777],[-69.04781,-54.28889],[-69.08358,-54.29223],[-69.1021,-54.28012],[-69.12015,-54.28647],[-69.14061,-54.2813],[-69.16299,-54.29321],[-69.19457,-54.28936],[-69.20272,-54.30353],[-69.21717,-54.3057],[-69.23155,-54.29377],[-69.22366,-54.28508],[-69.23988,-54.26146],[-69.25993,-54.25177],[-69.29196,-54.24575],[-69.30411,-54.24818],[-69.33197,-54.24133],[-69.34381,-54.23005],[-69.37003,-54.21961],[-69.38826,-54.21912],[-69.38242,-54.20319],[-69.39821,-54.19307],[-69.41934,-54.18872],[-69.43622,-54.19313],[-69.43497,-54.17279],[-69.45854,-54.16925],[-69.45975,-54.15965],[-69.48206,-54.1582],[-69.52426,-54.14294],[-69.57919,-54.13132],[-69.58926,-54.11455],[-69.57499,-54.10998],[-69.58503,-54.09803],[-69.58561,-54.08084],[-69.57374,-54.0731],[-69.55374,-54.04736],[-69.56216,-54.04275],[-69.56236,-54.0177],[-69.56967,-54.00712],[-69.61551,-53.99418],[-69.64046,-53.97189],[-69.65874,-53.96064],[-69.6898,-53.95882],[-69.71825,-53.97378],[-69.74031,-53.95249],[-69.71283,-53.91107],[-69.68414,-53.87837],[-69.68569,-53.86966],[-69.70639,-53.85848],[-69.73788,-53.85836],[-69.75715,-53.86902],[-69.76435,-53.88674],[-69.79437,-53.90964],[-69.81853,-53.9146],[-69.81358,-53.93954],[-69.84484,-53.93359],[-69.85597,-53.92377]]]},"properties":{"COD_SHAC":"SHAC-12-1304","SHAC":"Ríos Cóndor y Paralelo","REGION":"Magallanes y de la Antártica Chilena","NOM_ACUIF":"Tierra del Fuego","COD_BNA_SH":"1304","COD_REG":"12"}},
{"type":"Feature","geometry":{"type":"Polygon","coordinates":[[[-70.34542,-52.65973],[-70.3669,-52.62996],[-70.3812,-52.62761],[-70.37698,-52.61005],[-70.43693,-52.59397],[-70.42325,-52.58579],[-70.47887,-52.57646],[-70.49316,-52.5696],[-70.54777,-52.56377],[-70.59438,-52.55185],[-70.65552,-52.5484],[-70.72899,-52.53231],[-70.75663,-52.51432],[-70.75179,-52.4886],[-70.76837,-52.48431],[-70.80023,-52.49251],[-70.80091,-52.50154],[-70.8371,-52.5164],[-70.92257,-52.485],[-70.94473,-52.48636],[-70.96893,-52.48031],[-70.9834,-52.49018],[-71.00608,-52.48584],[-71.02399,-52.48192],[-71.04857,-52.48778],[-71.05884,-52.50598],[-71.07834,-52.50612],[-71.08715,-52.52081],[-71.0832,-52.5362],[-71.06717,-52.5538],[-71.11557,-52.5636],[-71.121,-52.58225],[-71.11586,-52.59233],[-71.16174,-52.58779],[-71.19729,-52.60503],[-71.2159,-52.60525],[-71.22628,-52.61572],[-71.25071,-52.61649],[-71.25721,-52.63208],[-71.27937,-52.6326],[-71.29697,-52.64504],[-71.29943,-52.65632],[-71.31348,-52.66878],[-71.34374,-52.67498],[-71.33706,-52.68595],[-71.34605,-52.70697],[-71.36183,-52.71186],[-71.37616,-52.73991],[-71.36632,-52.76223],[-71.3705,-52.772],[-71.35342,-52.78483],[-71.31577,-52.78293],[-71.31455,-52.79559],[-71.29424,-52.79826],[-71.25077,-52.79265],[-71.22265,-52.80992],[-71.20592,-52.81443],[-71.17681,-52.80773],[-71.14693,-52.82854],[-71.13127,-52.85078],[-71.11493,-52.89106],[-71.07551,-52.88594],[-71.03473,-52.87672],[-71.01617,-52.86875],[-70.97542,-52.86009],[-70.94582,-52.84958],[-70.90517,-52.8232],[-70.86202,-52.81327],[-70.86352,-52.79508],[-70.84543,-52.78877],[-70.80505,-52.78431],[-70.7826,-52.74961],[-70.75545,-52.73117],[-70.75924,-52.71876],[-70.72938,-52.72031],[-70.71783,-52.74853],[-70.67738,-52.72525],[-70.65175,-52.71805],[-70.61231,-52.69956],[-70.59125,-52.71406],[-70.5659,-52.69742],[-70.58956,-52.68891],[-70.57781,-52.67234],[-70.55395,-52.67617],[-70.51685,-52.65915],[-70.50015,-52.66471],[-70.49991,-52.67686],[-70.52687,-52.68365],[-70.5246,-52.69511],[-70.54406,-52.70175],[-70.56241,-52.71862],[-70.52632,-52.72574],[-70.49405,-52.71621],[-70.45052,-52.69685],[-70.39457,-52.67974],[-70.36163,-52.65788],[-70.34542,-52.65973]]]},"properties":{"COD_SHAC":"SHAC-12-1268","SHAC":"Laguna Cabeza de Mar","REGION":"Magallanes y de la Antártica Chilena","NOM_ACUIF":"Magallanes","COD_BNA_SH":"1268","COD_REG":"12"}},
{"type":"Feature","geometry":{"type":"Polygon","coordinates":[[[-71.58838,-52.43767],[-71.64802,-52.44856],[-71.65766,-52.46386],[-71.67527,-52.46389],[-71.71979,-52.47943],[-71.73861,-52.4651],[-71.75056,-52.46306],[-71.77669,-52.44622],[-71.79096,-52.44403],[-71.8312,-52.44845],[-71.84308,-52.43081],[-71.86595,-52.42842],[-71.87088,-52.41734],[-71.90251,-52.4246],[-71.89971,-52.42946],[-71.90618,-52.46823],[-71.94397,-52.49324],[-71.95855,-52.51304],[-71.96785,-52.53696],[-71.96136,-52.55246],[-71.93902,-52.54394],[-71.81836,-52.55446],[-71.80961,-52.55991],[-71.77696,-52.56333],[-71.76612,-52.56832],[-71.72592,-52.56072],[-71.7081,-52.56505],[-71.69058,-52.56193],[-71.63765,-52.57728],[-71.58695,-52.56319],[-71.55958,-52.56268],[-71.54183,-52.58273],[-71.52527,-52.58757],[-71.49601,-52.62619],[-71.50004,-52.63259],[-71.47158,-52.63907],[-71.45998,-52.6635],[-71.43691,-52.67663],[-71.43801,-52.68235],[-71.40852,-52.69434],[-71.40046,-52.71035],[-71.38347,-52.72161],[-71.39826,-52.75043],[-71.38195,-52.76633],[-71.37443,-52.7993],[-71.35859,-52.80742],[-71.30508,-52.80307],[-71.29424,-52.79826],[-71.31455,-52.79559],[-71.31577,-52.78293],[-71.35342,-52.78483],[-71.3705,-52.772],[-71.36632,-52.76223],[-71.37616,-52.73991],[-71.36183,-52.71186],[-71.34605,-52.70697],[-71.33706,-52.68595],[-71.34374,-52.67498],[-71.34449,-52.66618],[-71.37192,-52.66105],[-71.35539,-52.6202],[-71.34131,-52.6148],[-71.35018,-52.60161],[-71.33917,-52.57806],[-71.31953,-52.56966],[-71.29051,-52.54927],[-71.28149,-52.53753],[-71.28708,-52.50045],[-71.30558,-52.48964],[-71.31022,-52.46746],[-71.34823,-52.46949],[-71.38129,-52.46771],[-71.39568,-52.46033],[-71.42972,-52.46223],[-71.49978,-52.48192],[-71.50762,-52.4756],[-71.53901,-52.47989],[-71.57815,-52.46623],[-71.58838,-52.43767]]]},"properties":{"COD_SHAC":"SHAC-12-1253","SHAC":"Ríos Haase y Verde","REGION":"Magallanes y de la Antártica Chilena","NOM_ACUIF":"Costeras Bahía Desengaño-Seno Otway","COD_BNA_SH":"1253","COD_REG":"12"}},
{"type":"Feature","geometry":{"type":"Polygon","coordinates":[[[-69.04228,-22.745],[-69.04217,-22.73602],[-69.05368,-22.72043],[-69.07579,-22.71338],[-69.08855,-22.70514],[-69.13821,-22.68199],[-69.14073,-22.66656],[-69.15208,-22.64517],[-69.18277,-22.63354],[-69.20079,-22.64191],[-69.21399,-22.63578],[-69.23057,-22.64282],[-69.27571,-22.65323],[-69.30074,-22.65576],[-69.3285,-22.66433],[-69.37072,-22.66187],[-69.39128,-22.65521],[-69.4044,-22.64555],[-69.4229,-22.64257],[-69.45411,-22.62576],[-69.45767,-22.63416],[-69.4507,-22.65689],[-69.43449,-22.69532],[-69.41237,-22.7077],[-69.41098,-22.72552],[-69.39551,-22.74564],[-69.40337,-22.75936],[-69.40184,-22.8048],[-69.39362,-22.81314],[-69.36323,-22.80912],[-69.35264,-22.81387],[-69.33298,-22.80768],[-69.33143,-22.80797],[-69.33027,-22.80854],[-69.32757,-22.80912],[-69.32633,-22.80833],[-69.32686,-22.80374],[-69.3268,-22.803],[-69.32678,-22.80281],[-69.32639,-22.80174],[-69.32166,-22.79702],[-69.32081,-22.7963],[-69.32068,-22.79571],[-69.32065,-22.79558],[-69.32039,-22.79537],[-69.31902,-22.79293],[-69.31887,-22.79229],[-69.3184,-22.79236],[-69.31779,-22.79258],[-69.31516,-22.79366],[-69.31377,-22.79345],[-69.29427,-22.79183],[-69.2928,-22.79148],[-69.29149,-22.79069],[-69.29056,-22.79012],[-69.29032,-22.78933],[-69.28041,-22.77917],[-69.25433,-22.77297],[-69.23402,-22.77311],[-69.18419,-22.7659],[-69.15859,-22.75854],[-69.15596,-22.75854],[-69.13168,-22.7572],[-69.11886,-22.76976],[-69.11801,-22.77062],[-69.11749,-22.77086],[-69.11623,-22.77091],[-69.11538,-22.77041],[-69.10942,-22.76475],[-69.10919,-22.76367],[-69.10656,-22.75887],[-69.1065,-22.75808],[-69.10748,-22.75371],[-69.10779,-22.75292],[-69.09943,-22.74102],[-69.06789,-22.74398],[-69.05097,-22.74064],[-69.04228,-22.745]]]},"properties":{"COD_SHAC":"SHAC-02-25","SHAC":"Cabecera Salar de Miraje","REGION":"Antofagasta","NOM_ACUIF":"Rio Loa","COD_BNA_SH":"1308","COD_REG":"2"}},
{"type":"Feature","geometry":{"type":"Polygon","coordinates":[[[-69.85231,-18.76124],[-69.90931,-18.76884],[-69.92587,-18.77345],[-69.93904,-18.77054],[-69.95046,-18.76948],[-69.97247,-18.76197],[-69.97341,-18.76046],[-69.97728,-18.76014],[-69.98579,-18.75505],[-70.01216,-18.75118],[-70.03203,-18.74033],[-70.05328,-18.74482],[-70.06962,-18.74332],[-70.09836,-18.73489],[-70.12748,-18.73795],[-70.13443,-18.73485],[-70.16864,-18.74],[-70.18375,-18.73298],[-70.22092,-18.73009],[-70.26072,-18.71572],[-70.26722,-18.71081],[-70.2886,-18.71894],[-70.3022,-18.70968],[-70.30207,-18.69599],[-70.31508,-18.67383],[-70.32738,-18.67977],[-70.32644,-18.69013],[-70.33497,-18.72637],[-70.3321,-18.73563],[-70.3407,-18.76116],[-70.33145,-18.77185],[-70.33611,-18.78295],[-70.34973,-18.79223],[-70.34171,-18.82121],[-70.34267,-18.83254],[-70.32422,-18.85453],[-70.32127,-18.87752],[-70.30487,-18.91024],[-70.30084,-18.94653],[-70.28924,-18.9524],[-70.28254,-18.97466],[-70.26947,-18.98984],[-70.27541,-19.00586],[-70.27095,-19.01987],[-70.25399,-19.03284],[-70.25135,-19.0525],[-70.2407,-19.05379],[-70.22085,-19.06464],[-70.21053,-19.06736],[-70.18905,-19.06922],[-70.18559,-19.07068],[-70.17964,-19.07208],[-70.17872,-19.07178],[-70.17671,-19.0627],[-70.17301,-19.05147],[-70.16992,-19.04881],[-70.16071,-19.04071],[-70.1604,-19.03849],[-70.16158,-19.03569],[-70.15544,-19.03013],[-70.14273,-19.03165],[-70.11441,-19.02453],[-70.09897,-19.01559],[-70.07333,-19.01595],[-70.05991,-19.01582],[-70.03436,-18.99989],[-70.01793,-18.99468],[-70.00472,-19.00508],[-69.98598,-18.99987],[-69.98424,-18.99737],[-69.98187,-18.99272],[-69.97895,-18.98758],[-69.9789,-18.9875],[-69.97746,-18.98557],[-69.97697,-18.98488],[-69.97654,-18.98428],[-69.97405,-18.9838],[-69.97194,-18.98409],[-69.96969,-18.98576],[-69.96587,-18.99037],[-69.96026,-18.99821],[-69.95801,-19.00366],[-69.94982,-19.00472],[-69.92466,-18.99689],[-69.90839,-18.98535],[-69.90658,-18.9829],[-69.90504,-18.98027],[-69.90383,-18.97834],[-69.90155,-18.97613],[-69.89891,-18.97478],[-69.89626,-18.97357],[-69.89558,-18.97264],[-69.89546,-18.97165],[-69.89534,-18.97064],[-69.89525,-18.96727],[-69.89509,-18.96605],[-69.89463,-18.96497],[-69.89214,-18.96369],[-69.89024,-18.96148],[-69.88973,-18.96123],[-69.88948,-18.96111],[-69.8879,-18.96034],[-69.88465,-18.95885],[-69.88177,-18.95707],[-69.87996,-18.95629],[-69.8783,-18.9558],[-69.87641,-18.9543],[-69.87343,-18.95054],[-69.86955,-18.94212],[-69.85924,-18.93833],[-69.85338,-18.92395],[-69.83452,-18.91455],[-69.81795,-18.91401],[-69.80427,-18.90203],[-69.78554,-18.89774],[-69.75121,-18.87997],[-69.73033,-18.87856],[-69.71023,-18.8722],[-69.68763,-18.86023],[-69.6464,-18.85001],[-69.61871,-18.85573],[-69.5855,-18.85201],[-69.55543,-18.83211],[-69.52811,-18.82955],[-69.50098,-18.80971],[-69.47299,-18.79998],[-69.46644,-18.79143],[-69.44225,-18.77867],[-69.42275,-18.77398],[-69.40745,-18.78034],[-69.39041,-18.80471],[-69.36946,-18.81785],[-69.34302,-18.80515],[-69.31824,-18.78536],[-69.30003,-18.77844],[-69.27673,-18.79387],[-69.26401,-18.7871],[-69.24387,-18.78666],[-69.23811,-18.7759],[-69.22886,-18.7753],[-69.21678,-18.75679],[-69.23171,-18.73736],[-69.23555,-18.72481],[-69.24853,-18.72003],[-69.25601,-18.70724],[-69.2672,-18.69894],[-69.26822,-18.68843],[-69.2791,-18.67448],[-69.29538,-18.66488],[-69.30119,-18.67047],[-69.33012,-18.67299],[-69.34005,-18.68624],[-69.36085,-18.68313],[-69.37125,-18.69443],[-69.39506,-18.71002],[-69.41188,-18.72706],[-69.44865,-18.71552],[-69.45427,-18.70312],[-69.49009,-18.69939],[-69.50487,-18.7022],[-69.50645,-18.70169],[-69.50943,-18.70085],[-69.51242,-18.69984],[-69.5154,-18.69966],[-69.52259,-18.69227],[-69.53596,-18.69525],[-69.53737,-18.69725],[-69.54931,-18.6927],[-69.56742,-18.69583],[-69.60876,-18.70709],[-69.62441,-18.70653],[-69.62792,-18.70652],[-69.64552,-18.71098],[-69.66067,-18.71981],[-69.66243,-18.72047],[-69.66824,-18.7233],[-69.67176,-18.72546],[-69.67546,-18.72696],[-69.68531,-18.72675],[-69.69638,-18.72688],[-69.69937,-18.72653],[-69.70095,-18.72703],[-69.70237,-18.7292],[-69.70553,-18.72936],[-69.71698,-18.73501],[-69.73841,-18.73091],[-69.75832,-18.74088],[-69.76361,-18.7427],[-69.7673,-18.74369],[-69.76906,-18.74452],[-69.77839,-18.74649],[-69.80094,-18.75611],[-69.84001,-18.76347],[-69.85231,-18.76124]]]},"properties":{"COD_SHAC":"SHAC-15-05","SHAC":"Quebrada Vitor","REGION":"Arica y Parinacota","NOM_ACUIF":"Quebrada Chaca Vitor","COD_BNA_SH":"1129","COD_REG":"15"}},
{"type":"Feature","geometry":{"type":"Polygon","coordinates":[[[-69.17946,-24.61135],[-69.17939,-24.61126],[-69.17266,-24.59632],[-69.14442,-24.58538],[-69.12786,-24.57446],[-69.10982,-24.5525],[-69.10592,-24.52724],[-69.08487,-24.52091],[-69.06978,-24.50535],[-69.06002,-24.46787],[-69.06384,-24.45321],[-69.0522,-24.43659],[-69.05397,-24.41922],[-69.03552,-24.4136],[-69.02127,-24.39531],[-69.02829,-24.37856],[-69.04004,-24.37059],[-69.02713,-24.35498],[-69.03995,-24.35612],[-69.09824,-24.32721],[-69.1112,-24.32627],[-69.12374,-24.33893],[-69.13339,-24.34012],[-69.14996,-24.34967],[-69.14525,-24.37088],[-69.16894,-24.38298],[-69.1741,-24.38927],[-69.17041,-24.40557],[-69.17716,-24.43166],[-69.17595,-24.46828],[-69.18825,-24.48588],[-69.17232,-24.5337],[-69.18965,-24.53745],[-69.18434,-24.5548],[-69.19287,-24.56206],[-69.18174,-24.58263],[-69.17941,-24.59444],[-69.18488,-24.60501],[-69.18118,-24.60884],[-69.18001,-24.61105],[-69.17968,-24.61133],[-69.17946,-24.61135]]]},"properties":{"COD_SHAC":"SHAC-02-07-16","SHAC":"Buenos Aires Tranque","REGION":"Antofagasta","NOM_ACUIF":"Quebrada La Negra","COD_BNA_SH":"1309","COD_REG":"2"}},
{"type":"Feature","geometry":{"type":"Polygon","coordinates":[[[-71.43437,-38.97753],[-71.43885,-38.94284],[-71.43451,-38.92748],[-71.41496,-38.923],[-71.39717,-38.91387],[-71.41712,-38.8849],[-71.40966,-38.86957],[-71.40802,-38.85243],[-71.39455,-38.8419],[-71.38909,-38.82705],[-71.40663,-38.81117],[-71.41183,-38.79749],[-71.43472,-38.78412],[-71.46493,-38.77739],[-71.48544,-38.75645],[-71.50198,-38.75388],[-71.49468,-38.73713],[-71.50217,-38.72878],[-71.5184,-38.7276],[-71.53692,-38.7114],[-71.52465,-38.69422],[-71.49305,-38.66996],[-71.51171,-38.66067],[-71.52237,-38.64705],[-71.53254,-38.6512],[-71.54469,-38.63754],[-71.54761,-38.62583],[-71.58186,-38.61158],[-71.58883,-38.60135],[-71.5864,-38.58986],[-71.59507,-38.603],[-71.6024,-38.63451],[-71.62319,-38.66194],[-71.66376,-38.66296],[-71.67233,-38.66883],[-71.69691,-38.67239],[-71.73009,-38.69678],[-71.72705,-38.70591],[-71.74533,-38.71266],[-71.78974,-38.73466],[-71.83302,-38.77937],[-71.86999,-38.77721],[-71.88594,-38.79518],[-71.87788,-38.81867],[-71.89024,-38.82737],[-71.89966,-38.8435],[-71.91756,-38.85871],[-71.94049,-38.86765],[-71.97797,-38.87766],[-72.00018,-38.8782],[-72.0006,-38.89283],[-72.01037,-38.89997],[-72.05482,-38.90857],[-72.0563,-38.90883],[-72.07437,-38.92126],[-72.08147,-38.95061],[-72.07528,-38.96057],[-72.06023,-38.96723],[-72.05004,-38.98348],[-72.03816,-38.98094],[-72.00066,-38.98857],[-71.98184,-38.99831],[-71.97853,-38.99107],[-71.97821,-38.99039],[-71.95508,-38.98305],[-71.94405,-38.98712],[-71.93162,-38.97205],[-71.919,-38.96737],[-71.90342,-38.97666],[-71.88001,-38.97604],[-71.86708,-38.99097],[-71.85767,-38.97837],[-71.82944,-38.98169],[-71.82494,-38.99123],[-71.80432,-38.98592],[-71.79328,-38.9939],[-71.76012,-38.98955],[-71.74641,-38.99973],[-71.71467,-38.99194],[-71.68878,-39.01035],[-71.6594,-39.00876],[-71.6274,-38.99383],[-71.58952,-39.00442],[-71.56102,-39.00274],[-71.53421,-39.00225],[-71.5025,-38.98737],[-71.49741,-38.97789],[-71.46971,-38.97126],[-71.43437,-38.97753]]]},"properties":{"COD_SHAC":"SHAC-09-08-403-2","SHAC":"Allipen Superior","REGION":"La Araucania","NOM_ACUIF":"Rio Tolten","COD_BNA_SH":"1311","COD_REG":"9"}},
{"type":"Feature","geometry":{"type":"Polygon","coordinates":[[[-71.98184,-38.99831],[-72.00066,-38.98857],[-72.03816,-38.98094],[-72.05004,-38.98348],[-72.06023,-38.96723],[-72.07528,-38.96057],[-72.08147,-38.95061],[-72.07437,-38.92126],[-72.0563,-38.90883],[-72.05647,-38.90886],[-72.0686,-38.90411],[-72.09097,-38.90584],[-72.11015,-38.89386],[-72.15784,-38.89258],[-72.1667,-38.91217],[-72.1808,-38.92832],[-72.1975,-38.93566],[-72.21018,-38.95122],[-72.22821,-38.93903],[-72.23554,-38.95551],[-72.24448,-38.95739],[-72.27039,-38.94426],[-72.27544,-38.95889],[-72.29559,-38.96189],[-72.33068,-38.97837],[-72.35727,-38.97266],[-72.36988,-38.97899],[-72.38972,-38.97499],[-72.4289,-38.97393],[-72.47398,-38.98317],[-72.49905,-38.99798],[-72.5187,-39.01666],[-72.51962,-39.01703],[-72.50991,-39.01985],[-72.46945,-39.04548],[-72.40111,-39.05934],[-72.37249,-39.0715],[-72.36126,-39.06737],[-72.31452,-39.07576],[-72.30401,-39.08778],[-72.28985,-39.09223],[-72.29519,-39.1112],[-72.25745,-39.13875],[-72.23584,-39.15127],[-72.19883,-39.15193],[-72.20381,-39.11728],[-72.19076,-39.11534],[-72.17145,-39.12163],[-72.16896,-39.11139],[-72.14461,-39.12629],[-72.1253,-39.12454],[-72.10909,-39.14386],[-72.09797,-39.13629],[-72.07583,-39.14521],[-72.06688,-39.1343],[-72.04706,-39.14083],[-72.047,-39.13937],[-72.04757,-39.13707],[-72.05335,-39.12784],[-72.09157,-39.10767],[-72.0859,-39.09376],[-72.07493,-39.08667],[-72.07767,-39.06371],[-72.03132,-39.02952],[-72.01589,-39.03067],[-72.0116,-39.01972],[-71.98184,-38.99831]]]},"properties":{"COD_SHAC":"SHAC-09-08-403-3","SHAC":"Allipen Inferior","REGION":"La Araucania","NOM_ACUIF":"Rio Tolten","COD_BNA_SH":"1310","COD_REG":"9"}},
{"type":"Feature","geometry":{"type":"Polygon","coordinates":[[[-72.04706,-39.14083],[-72.06688,-39.1343],[-72.07583,-39.14521],[-72.09797,-39.13629],[-72.10909,-39.14386],[-72.1253,-39.12454],[-72.14461,-39.12629],[-72.16896,-39.11139],[-72.17145,-39.12163],[-72.19076,-39.11534],[-72.20381,-39.11728],[-72.19883,-39.15193],[-72.23584,-39.15127],[-72.25745,-39.13875],[-72.29519,-39.1112],[-72.28985,-39.09223],[-72.30401,-39.08778],[-72.31452,-39.07576],[-72.36126,-39.06737],[-72.37249,-39.0715],[-72.40111,-39.05934],[-72.46945,-39.04548],[-72.50991,-39.01985],[-72.51962,-39.01703],[-72.5199,-39.01714],[-72.55378,-39.02182],[-72.55292,-39.04313],[-72.52668,-39.0523],[-72.5151,-39.07688],[-72.50433,-39.08549],[-72.48243,-39.09226],[-72.44893,-39.12625],[-72.42884,-39.12372],[-72.41178,-39.11674],[-72.38588,-39.12901],[-72.35522,-39.1539],[-72.3423,-39.17173],[-72.33034,-39.20531],[-72.34546,-39.23461],[-72.36003,-39.23592],[-72.35314,-39.25522],[-72.3332,-39.26344],[-72.33055,-39.29226],[-72.31786,-39.30412],[-72.30083,-39.30831],[-72.29074,-39.3199],[-72.29683,-39.3269],[-72.29601,-39.35099],[-72.29042,-39.36221],[-72.25346,-39.37705],[-72.23591,-39.37754],[-72.1851,-39.37355],[-72.16662,-39.37479],[-72.12283,-39.39519],[-72.10944,-39.40929],[-72.09696,-39.41799],[-72.0436,-39.42769],[-72.03791,-39.43434],[-71.99359,-39.43024],[-71.96329,-39.43138],[-71.93971,-39.42045],[-71.9393,-39.42047],[-71.93936,-39.41994],[-71.93991,-39.41915],[-71.94139,-39.41866],[-71.95493,-39.41877],[-71.96446,-39.42207],[-71.99663,-39.4168],[-72.02906,-39.41757],[-72.04253,-39.41213],[-72.07744,-39.38541],[-72.09089,-39.38362],[-72.10428,-39.36119],[-72.17158,-39.32249],[-72.18388,-39.3069],[-72.20306,-39.30771],[-72.22369,-39.29999],[-72.23648,-39.26589],[-72.22381,-39.24631],[-72.19617,-39.23707],[-72.19668,-39.19444],[-72.18276,-39.19272],[-72.14291,-39.18012],[-72.11301,-39.18244],[-72.09778,-39.17985],[-72.07078,-39.1833],[-72.05442,-39.19449],[-72.03632,-39.19545],[-72.00928,-39.19084],[-71.99285,-39.17978],[-71.9714,-39.18083],[-71.94172,-39.17692],[-71.92539,-39.15837],[-71.91093,-39.16115],[-71.91805,-39.1465],[-71.95156,-39.13334],[-71.96158,-39.12015],[-71.97921,-39.12061],[-71.99661,-39.13058],[-72.04462,-39.14308],[-72.04706,-39.14083]]]},"properties":{"COD_SHAC":"SHAC-09-08-403-4","SHAC":"Tolten Alto Nuevo","REGION":"La Araucania","NOM_ACUIF":"Rio Tolten","COD_BNA_SH":"0922","COD_REG":"9"}},
{"type":"Feature","geometry":{"type":"Polygon","coordinates":[[[-71.91093,-39.16115],[-71.92539,-39.15837],[-71.94172,-39.17692],[-71.9714,-39.18083],[-71.99285,-39.17978],[-72.00928,-39.19084],[-72.03632,-39.19545],[-72.05442,-39.19449],[-72.07078,-39.1833],[-72.09778,-39.17985],[-72.11301,-39.18244],[-72.14291,-39.18012],[-72.18276,-39.19272],[-72.19668,-39.19444],[-72.19617,-39.23707],[-72.22381,-39.24631],[-72.23648,-39.26589],[-72.22369,-39.29999],[-72.20306,-39.30771],[-72.18388,-39.3069],[-72.17158,-39.32249],[-72.10428,-39.36119],[-72.09089,-39.38362],[-72.07744,-39.38541],[-72.04253,-39.41213],[-72.02906,-39.41757],[-71.99663,-39.4168],[-71.96446,-39.42207],[-71.95493,-39.41877],[-71.94139,-39.41866],[-71.93991,-39.41915],[-71.93936,-39.41994],[-71.9393,-39.42047],[-71.92756,-39.4209],[-71.87725,-39.43467],[-71.8741,-39.43574],[-71.87295,-39.43524],[-71.87063,-39.43494],[-71.86924,-39.42887],[-71.87376,-39.41922],[-71.82895,-39.38843],[-71.84673,-39.36469],[-71.84436,-39.34615],[-71.84957,-39.33244],[-71.87132,-39.30926],[-71.89136,-39.29324],[-71.89656,-39.27474],[-71.90054,-39.25567],[-71.88891,-39.24149],[-71.87439,-39.21216],[-71.89075,-39.19902],[-71.89275,-39.18602],[-71.90973,-39.17191],[-71.91093,-39.16115]]]},"properties":{"COD_SHAC":"SHAC-09-08-403-5","SHAC":"Villarrica","REGION":"La Araucania","NOM_ACUIF":"Rio Tolten","COD_BNA_SH":"1313","COD_REG":"9"}},
{"type":"Feature","geometry":{"type":"Polygon","coordinates":[[[-71.6594,-39.00876],[-71.68878,-39.01035],[-71.71467,-38.99194],[-71.74641,-38.99973],[-71.76012,-38.98955],[-71.79328,-38.9939],[-71.80432,-38.98592],[-71.82494,-38.99123],[-71.82944,-38.98169],[-71.85767,-38.97837],[-71.86708,-38.99097],[-71.88001,-38.97604],[-71.90342,-38.97666],[-71.919,-38.96737],[-71.93162,-38.97205],[-71.94405,-38.98712],[-71.95508,-38.98305],[-71.97821,-38.99039],[-71.97853,-38.99107],[-71.98184,-38.99831],[-72.0116,-39.01972],[-72.01589,-39.03067],[-72.03132,-39.02952],[-72.07767,-39.06371],[-72.07493,-39.08667],[-72.0859,-39.09376],[-72.09157,-39.10767],[-72.05335,-39.12784],[-72.04757,-39.13707],[-72.047,-39.13937],[-72.04706,-39.14083],[-72.04462,-39.14308],[-71.99661,-39.13058],[-71.97921,-39.12061],[-71.96158,-39.12015],[-71.95156,-39.13334],[-71.91805,-39.1465],[-71.91093,-39.16115],[-71.90973,-39.17191],[-71.89275,-39.18602],[-71.87148,-39.18105],[-71.86935,-39.16193],[-71.85608,-39.14724],[-71.82857,-39.15307],[-71.81156,-39.13716],[-71.81927,-39.11833],[-71.81575,-39.08406],[-71.79496,-39.07411],[-71.76374,-39.07147],[-71.74091,-39.06642],[-71.71823,-39.05559],[-71.68969,-39.05286],[-71.68481,-39.03459],[-71.66838,-39.02937],[-71.6594,-39.00876]]]},"properties":{"COD_SHAC":"SHAC-09-08-403-6","SHAC":"Collico","REGION":"La Araucania","NOM_ACUIF":"Rio Tolten","COD_BNA_SH":"1315","COD_REG":"9"}},
{"type":"Feature","geometry":{"type":"Polygon","coordinates":[[[-71.56102,-39.00274],[-71.58952,-39.00442],[-71.6274,-38.99383],[-71.6594,-39.00876],[-71.66838,-39.02937],[-71.68481,-39.03459],[-71.68969,-39.05286],[-71.71823,-39.05559],[-71.74091,-39.06642],[-71.76374,-39.07147],[-71.79496,-39.07411],[-71.81575,-39.08406],[-71.81927,-39.11833],[-71.81156,-39.13716],[-71.82857,-39.15307],[-71.85608,-39.14724],[-71.86935,-39.16193],[-71.87148,-39.18105],[-71.89275,-39.18602],[-71.89075,-39.19902],[-71.87439,-39.21216],[-71.88891,-39.24149],[-71.90054,-39.25567],[-71.89656,-39.27474],[-71.87902,-39.26915],[-71.86691,-39.27884],[-71.82204,-39.28453],[-71.80514,-39.29754],[-71.77609,-39.30342],[-71.69169,-39.30824],[-71.66476,-39.3214],[-71.64579,-39.31787],[-71.6308,-39.30758],[-71.62713,-39.28846],[-71.64601,-39.2724],[-71.63964,-39.26047],[-71.62483,-39.25943],[-71.62072,-39.24829],[-71.59568,-39.24565],[-71.57451,-39.23954],[-71.56339,-39.24243],[-71.53576,-39.22874],[-71.51928,-39.22905],[-71.5155,-39.20439],[-71.50178,-39.19658],[-71.50392,-39.18443],[-71.53177,-39.1727],[-71.54722,-39.1609],[-71.54228,-39.14075],[-71.52469,-39.11784],[-71.52084,-39.10098],[-71.52763,-39.08988],[-71.54469,-39.07818],[-71.54531,-39.04457],[-71.56306,-39.03023],[-71.55713,-39.0204],[-71.56102,-39.00274]]]},"properties":{"COD_SHAC":"SHAC-09-08-403-7","SHAC":"Caburgua","REGION":"La Araucania","NOM_ACUIF":"Rio Tolten","COD_BNA_SH":"1314","COD_REG":"9"}},
{"type":"Feature","geometry":{"type":"Polygon","coordinates":[[[-71.49391,-31.67844],[-71.52303,-31.67523],[-71.53301,-31.66939],[-71.55173,-31.67391],[-71.54769,-31.67732],[-71.54329,-31.71305],[-71.53511,-31.71996],[-71.52252,-31.71553],[-71.5021,-31.7191],[-71.49406,-31.70722],[-71.49025,-31.68338],[-71.49391,-31.67844]]]},"properties":{"COD_SHAC":"SHAC-04-37-129","SHAC":"Quebrada Honda IV Sur","REGION":"Coquimbo","NOM_ACUIF":"Cuencas Costeras IV Sur","COD_BNA_SH":"0602","COD_REG":"4"}},
{"type":"Feature","geometry":{"type":"Polygon","coordinates":[[[-71.03938,-29.52155],[-71.06441,-29.52964],[-71.09483,-29.5227],[-71.10512,-29.51585],[-71.11769,-29.51979],[-71.13197,-29.51256],[-71.14176,-29.51633],[-71.14416,-29.53283],[-71.15358,-29.53682],[-71.17165,-29.5308],[-71.18784,-29.5335],[-71.20789,-29.54632],[-71.22188,-29.56497],[-71.26958,-29.55258],[-71.27485,-29.55976],[-71.28187,-29.57442],[-71.27277,-29.58995],[-71.2783,-29.6055],[-71.28829,-29.6108],[-71.29629,-29.62426],[-71.28618,-29.64715],[-71.27469,-29.65579],[-71.2695,-29.671],[-71.24255,-29.66514],[-71.23026,-29.66689],[-71.21824,-29.65496],[-71.20382,-29.65701],[-71.18644,-29.65336],[-71.16391,-29.63089],[-71.14694,-29.62634],[-71.13925,-29.61529],[-71.10186,-29.61431],[-71.08306,-29.59685],[-71.07205,-29.57919],[-71.05997,-29.58098],[-71.0407,-29.57667],[-71.02986,-29.56309],[-71.0212,-29.56319],[-71.01604,-29.54675],[-71.03938,-29.52155]]]},"properties":{"COD_SHAC":"SHAC-04-37-129","SHAC":"Quebrada Honda IV Norte","REGION":"Coquimbo","NOM_ACUIF":"Cuencas Costeras IV Sur","COD_BNA_SH":"0602","COD_REG":"4"}}
]}